title,vendor,product,version,update,target_sw,confidence,cpe,valid,validation_errors,rule,rule_name,match_similarity,matched_cpe,error,stage,fast_rule,agent_turns,note,latency_ms,tokens_in,tokens_out
apple mac os x 10.9.3,,,,,,0.0,,False,,,,0.0,,no vendor/product extracted,fast,,0,,430,697,10
citadel citadel_ux 6.27,microsoft,,,,,0.0,cpe:2.3:a:microsoft:*:*:*:*:*:*:*:*:*,True,,M3,Other candidates,0.0,,,fast,,0,,1088,697,11
amazee lagoon 0.18.8,microsoft,,,,,0.0,cpe:2.3:a:microsoft:*:*:*:*:*:*:*:*:*,True,,M3,Other candidates,0.0,,,fast,,0,,1435,702,11
f5 nginx 0.8.38,microsoft,,,beta,,0.0,cpe:2.3:a:microsoft:*:*:beta:*:*:*:*:*:*,True,,M3,Other candidates,0.0,,,fast,,0,,1397,692,11
inversoft prime-jwt 0.1.2,microsoft,,,,,0.0,cpe:2.3:a:microsoft:*:*:*:*:*:*:*:*:*,True,,M3,Other candidates,0.0,,,fast,,0,,1638,702,11
wplegalpages wp legal pages 2.0.6 for wordpress,microsoft,,,,,0.0,cpe:2.3:a:microsoft:*:*:*:*:*:*:*:*:*,True,,M3,Other candidates,0.0,,,fast,,0,,1855,717,11
airtame hdmi dongle firmware 2.1.1,microsoft,,,,,0.0,cpe:2.3:a:microsoft:*:*:*:*:*:*:*:*:*,True,,M3,Other candidates,0.0,,,fast,,0,,1391,712,11
checksec canopy 3.5.3,microsoft,,,,,0.0,cpe:2.3:a:microsoft:*:*:*:*:*:*:*:*:*,True,,M3,Other candidates,0.0,,,fast,,0,,1579,687,11
microsoft sharepoint server 2019,microsoft,,,,,0.0,cpe:2.3:a:microsoft:*:*:*:*:*:*:*:*:*,True,,M3,Other candidates,0.0,,,fast,,0,,1849,692,11
iminho mindoc 0.8,microsoft,,,,,0.0,cpe:2.3:a:microsoft:*:*:*:*:*:*:*:*:*,True,,M3,Other candidates,0.0,,,fast,,0,,1604,682,11
greentreelabs gallery photoblocks 1.1.31 for wordpress,microsoft,,,,,0.0,cpe:2.3:a:microsoft:*:*:*:*:*:*:*:*:*,True,,M3,Other candidates,0.0,,,fast,,0,,1751,727,11
horde dynamic imp (dimp) 1.1 release candidate 2,microsoft,,,beta,,0.0,cpe:2.3:a:microsoft:*:*:beta:*:*:*:*:*:*,True,,M3,Other candidates,0.0,,,fast,,0,,2004,722,11
apereo uportal 5.8.1,microsoft,,,,,0.0,cpe:2.3:a:microsoft:*:*:*:*:*:*:*:*:*,True,,M3,Other candidates,0.0,,,fast,,0,,1643,692,11
documalis free pdf scanner 5.7.2.122,microsoft,,,,,0.0,cpe:2.3:a:microsoft:*:*:*:*:*:*:*:*:*,True,,M3,Other candidates,0.0,,,fast,,0,,1782,722,11
sygnoos popup builder 3.0.7 wordpress,microsoft,,,,,0.0,cpe:2.3:a:microsoft:*:*:*:*:*:*:*:*:*,True,,M3,Other candidates,0.0,,,fast,,0,,1845,707,11
dell inspiron 7352 bios a12,,,,,,0.0,,False,,,,0.0,,no vendor/product extracted,fast,,0,,1646,712,10
mitreid connect 1.0.6,mitreid,,,,,0.0,cpe:2.3:a:mitreid:*:*:*:*:*:*:*:*:*,True,,M3,Other candidates,0.0,,,fast,,0,,1958,692,12
eyrie remctl 3.1,microsoft,,,beta,,0.0,cpe:2.3:a:microsoft:*:*:beta:*:*:*:*:*:*,True,,M3,Other candidates,0.0,,,fast,,0,,1742,682,11
digium certified asterisk 1.8.4.0 release candidate 1,microsoft,,,beta,,0.0,cpe:2.3:a:microsoft:*:*:beta:*:*:*:*:*:*,True,,M3,Other candidates,0.0,,,fast,,0,,1909,727,11
openapi-generator openapi generator 4.1.0,microsoft,,,,,0.0,cpe:2.3:a:microsoft:*:*:*:*:*:*:*:*:*,True,,M3,Other candidates,0.0,,,fast,,0,,1933,702,11
oracle agile product lifecycle management framework 9.3.4,microsoft,,,,,0.0,cpe:2.3:a:microsoft:*:*:*:*:*:*:*:*:*,True,,M3,Other candidates,0.0,,,fast,,0,,1638,702,11
vmware tools 3.1.2.12031,microsoft,,,,,0.0,cpe:2.3:a:microsoft:*:*:*:*:*:*:*:*:*,True,,M3,Other candidates,0.0,,,fast,,0,,1802,717,11
betterment testtrack 1.0,microsoft,,,,,0.0,cpe:2.3:a:microsoft:*:*:*:*:*:*:*:*:*,True,,M3,Other candidates,0.0,,,fast,,0,,1773,682,11
mortbay jetty 2.2.7,mortbay,,,beta,,0.0,cpe:2.3:a:mortbay:*:*:beta:*:*:*:*:*:*,True,,M3,Other candidates,0.0,,,fast,,0,,1403,692,12
webkul bagisto 0.1.1,microsoft,,,,,0.0,cpe:2.3:a:microsoft:*:*:*:*:*:*:*:*:*,True,,M3,Other candidates,0.0,,,fast,,0,,1604,692,11
atlassian jira service desk 3.0.9 data center edition,microsoft,,,,,0.0,cpe:2.3:a:microsoft:*:*:*:*:*:*:*:*:*,True,,M3,Other candidates,0.0,,,fast,,0,,1693,717,11
boonex dolphin 7.2.0 beta 2,microsoft,,,beta,,0.0,cpe:2.3:a:microsoft:*:*:beta:*:*:*:*:*:*,True,,M3,Other candidates,0.0,,,fast,,0,,1877,707,11
syntevo smartsvn 3.0.8,microsoft,,,beta,,0.0,cpe:2.3:a:microsoft:*:*:beta:*:*:*:*:*:*,True,,M3,Other candidates,0.0,,,fast,,0,,1807,697,11
f5 big-ip policy enforcement manager 14.1.2.1.0.115.4,microsoft,,,,,0.0,cpe:2.3:a:microsoft:*:*:*:*:*:*:*:*:*,True,,M3,Other candidates,0.0,,,fast,,0,,1549,762,11
sun sdk 1.2.2_010,microsoft,,,,,0.0,cpe:2.3:a:microsoft:*:*:*:*:*:*:*:*:*,True,,M3,Other candidates,0.0,,,fast,,0,,1445,702,11
ibm db2 high performance unload load 6.1.0.2 interim fix 2,,,,,,0.0,,False,,,,0.0,,no vendor/product extracted,fast,,0,,1665,742,10
ttpsc the scheduler 3.3.5 for jira,microsoft,,,,node.js,0.0,cpe:2.3:a:microsoft:*:*:*:*:*:*:node.js:*:*,True,,M3,Other candidates,0.0,,,fast,,0,,1599,707,12
nicehash miner 1.9.2.6,microsoft,,,,,0.0,cpe:2.3:a:microsoft:*:*:*:*:*:*:*:*:*,True,,M3,Other candidates,0.0,,,fast,,0,,1816,697,11
yourownprogrammer yop poll 3.3 for wordpress,microsoft,,,,,0.0,cpe:2.3:a:microsoft:*:*:*:*:*:*:*:*:*,True,,M3,Other candidates,0.0,,,fast,,0,,1405,707,11
encode uvicorn 0.8.5,microsoft,,,,node.js,0.0,cpe:2.3:a:microsoft:*:*:*:*:*:*:node.js:*:*,True,,M3,Other candidates,0.0,,,fast,,0,,1702,687,12
rocomotion p link 1.01,microsoft,,,beta,,0.0,cpe:2.3:a:microsoft:*:*:beta:*:*:*:*:*:*,True,,M3,Other candidates,0.0,,,fast,,0,,1767,692,11
jetbrains intellij idea 2017.2.1,microsoft,,,,,0.0,cpe:2.3:a:microsoft:*:*:*:*:*:*:*:*:*,True,,M3,Other candidates,0.0,,,fast,,0,,1692,712,11
vercel next.js 5.0.1 canary 12 for node.js,microsoft,,,,node.js,0.0,cpe:2.3:a:microsoft:*:*:*:*:*:*:node.js:*:*,True,,M3,Other candidates,0.0,,,fast,,0,,1471,732,12
typelevel http4s 0.22.0 milestone 5,microsoft,,,,,0.0,cpe:2.3:a:microsoft:*:*:*:*:*:*:*:*:*,True,,M3,Other candidates,0.0,,,fast,,0,,1838,717,11
ijhack qtpass 0.9.1 for pass,microsoft,,,,,0.0,cpe:2.3:a:microsoft:*:*:*:*:*:*:*:*:*,True,,M3,Other candidates,0.0,,,fast,,0,,2083,707,11
churchdesk churchrota 2.1.0,microsoft,,,,,0.0,cpe:2.3:a:microsoft:*:*:*:*:*:*:*:*:*,True,,M3,Other candidates,0.0,,,fast,,0,,1417,697,11
devowl wordpress real media library 4.14.2 for wordpress,microsoft,,,,,0.0,cpe:2.3:a:microsoft:*:*:*:*:*:*:*:*:*,True,,M3,Other candidates,0.0,,,fast,,0,,1701,717,11
sass-lang libsass 3.5.0 beta3,microsoft,,,beta,,0.0,cpe:2.3:a:microsoft:*:*:beta:*:*:*:*:*:*,True,,M3,Other candidates,0.0,,,fast,,0,,1983,702,11
fortinet forticlient 5.6.6 for windows,microsoft,,,,windows,0.0,cpe:2.3:a:microsoft:*:*:*:*:*:*:windows:*:*,True,,M3,Other candidates,0.0,,,fast,,0,,1351,707,11
inpsyde backwpup 2.1.16 for wordpress,microsoft,femanager,,,,0.0,cpe:2.3:a:microsoft:femanager:*:*:*:*:*:*:*:*,True,,M3,Other candidates,0.0,,,fast,,0,,1769,717,13
clusterlabs fence-agents 4.0.10,microsoft,,,,,0.0,cpe:2.3:a:microsoft:*:*:*:*:*:*:*:*:*,True,,M3,Other candidates,0.0,,,fast,,0,,1824,702,11
netflix hollow 2.1.1,microsoft,,,,,0.0,cpe:2.3:a:microsoft:*:*:*:*:*:*:*:*:*,True,,M3,Other candidates,0.0,,,fast,,0,,1873,687,11
embedplus youtube 8.6 for wordpress,microsoft,,,,,0.0,cpe:2.3:a:microsoft:*:*:*:*:*:*:*:*:*,True,,M3,Other candidates,0.0,,,fast,,0,,1716,687,11
hashicorp consul 1.7.2,microsoft,,,,node.js,0.0,cpe:2.3:a:microsoft:*:*:*:*:*:*:node.js:*:*,True,,M3,Other candidates,0.0,,,fast,,0,,1836,692,12
zucchetti infobusiness 4.4.1,microsoft,,,,,0.0,cpe:2.3:a:microsoft:*:*:*:*:*:*:*:*:*,True,,M3,Other candidates,0.0,,,fast,,0,,1529,702,11
dadamailproject dada mail 11.0.1,microsoft,,,,,0.0,cpe:2.3:a:microsoft:*:*:*:*:*:*:*:*:*,True,,M3,Other candidates,0.0,,,fast,,0,,1853,712,11
magnolia-cms magnolia cms 6.0,magnolia-cms,,,,,0.0,cpe:2.3:a:magnolia-cms:*:*:*:*:*:*:*:*:*,True,,M3,Other candidates,0.0,,,fast,,0,,1859,702,14
oracle policy automation for mobile devices 12.1.1,microsoft,,,,,0.0,cpe:2.3:a:microsoft:*:*:*:*:*:*:*:*:*,True,,M3,Other candidates,0.0,,,fast,,0,,1651,707,11
motorola sbg941 1.0,,,,,,0.0,,False,,,,0.0,,no vendor/product extracted,fast,,0,,1798,697,10
lenovo power management 1.31,microsoft,,,,,0.0,cpe:2.3:a:microsoft:*:*:*:*:*:*:*:*:*,True,,M3,Other candidates,0.0,,,fast,,0,,1554,687,11
bueltge adminimize 1.7.22,microsoft,,,,,0.0,cpe:2.3:a:microsoft:*:*:*:*:*:*:*:*:*,True,,M3,Other candidates,0.0,,,fast,,0,,1384,702,11
snapappointments bootstrap-select 1.7.2 for node.js,microsoft,,,,node.js,0.0,cpe:2.3:a:microsoft:*:*:*:*:*:*:node.js:*:*,True,,M3,Other candidates,0.0,,,fast,,0,,1620,712,12
dell emc networker 9.2.0.0,microsoft,,,,,0.0,cpe:2.3:a:microsoft:*:*:*:*:*:*:*:*:*,True,,M3,Other candidates,0.0,,,fast,,0,,1764,712,11
netgear rbk50 firmware 2.6.1.40,microsoft,,,,,0.0,cpe:2.3:a:microsoft:*:*:*:*:*:*:*:*:*,True,,M3,Other candidates,0.0,,,fast,,0,,1572,722,11
clusterlabs fence-agents 4.0.9,microsoft,,,,,0.0,cpe:2.3:a:microsoft:*:*:*:*:*:*:*:*:*,True,,M3,Other candidates,0.0,,,fast,,0,,1475,697,11
facebook hhvm 3.28.2,microsoft,,,,node.js,0.0,cpe:2.3:a:microsoft:*:*:*:*:*:*:node.js:*:*,True,,M3,Other candidates,0.0,,,fast,,0,,1631,692,12
schedmd slurm 2.3.3,microsoft,,,,,0.0,cpe:2.3:a:microsoft:*:*:*:*:*:*:*:*:*,True,,M3,Other candidates,0.0,,,fast,,0,,1963,692,11
advancemame advancecomp 1.20,microsoft,,,beta,,0.0,cpe:2.3:a:microsoft:*:*:beta:*:*:*:*:*:*,True,,M3,Other candidates,0.0,,,fast,,0,,1465,697,11
google chrome 43.0.2357.81,microsoft,,,,,0.0,cpe:2.3:a:microsoft:*:*:*:*:*:*:*:*:*,True,,M3,Other candidates,0.0,,,fast,,0,,1622,717,11
23andme yamale 1.10.1,microsoft,,,,,0.0,cpe:2.3:a:microsoft:*:*:*:*:*:*:*:*:*,True,,M3,Other candidates,0.0,,,fast,,0,,1948,712,11
mersive solstice firmware 5.2,microsoft,,,beta,,0.0,cpe:2.3:a:microsoft:*:*:beta:*:*:*:*:*:*,True,,M3,Other candidates,0.0,,,fast,,0,,1703,687,11
ibm emptoris sourcing 10.0.2.1,,,,,,0.0,,False,,,,0.0,,no vendor/product extracted,fast,,0,,1935,712,10
cisco firepower threat defense 6.3.0.3,microsoft,,,beta,,0.0,cpe:2.3:a:microsoft:*:*:beta:*:*:*:*:*:*,True,,M3,Other candidates,0.0,,,fast,,0,,1423,707,11
live555 streaming media 2018-02-26,microsoft,,,,,0.0,cpe:2.3:a:microsoft:*:*:*:*:*:*:*:*:*,True,,M3,Other candidates,0.0,,,fast,,0,,1580,727,11
numfocus pandas 0.23.0 dev0,microsoft,,,,,0.0,cpe:2.3:a:microsoft:*:*:*:*:*:*:*:*:*,True,,M3,Other candidates,0.0,,,fast,,0,,1779,702,11
openfabrics ibutils 1.5.7-2,microsoft,,,,,0.0,cpe:2.3:a:microsoft:*:*:*:*:*:*:*:*:*,True,,M3,Other candidates,0.0,,,fast,,0,,1867,707,11
energy sciences network (esnet) iperf3 3.0.6,microsoft,,,,,0.0,cpe:2.3:a:microsoft:*:*:*:*:*:*:*:*:*,True,,M3,Other candidates,0.0,,,fast,,0,,1743,727,11
elastic kibana 4.0.0,microsoft,,,,,0.0,cpe:2.3:a:microsoft:*:*:*:*:*:*:*:*:*,True,,M3,Other candidates,0.0,,,fast,,0,,1820,692,11
airties air 5750 firmware 1.0.0.18,microsoft,,,,,0.0,cpe:2.3:a:microsoft:*:*:*:*:*:*:*:*:*,True,,M3,Other candidates,0.0,,,fast,,0,,1808,732,11
x.org x server 1.5.99.903,microsoft,,,,,0.0,cpe:2.3:a:microsoft:*:*:*:*:*:*:*:*:*,True,,M3,Other candidates,0.0,,,fast,,0,,1964,717,11
aki-null yorufukurou (nightowl) 2.72,,,,,,0.0,,False,,,,0.0,,no vendor/product extracted,fast,,0,,1800,727,10
tribulant one click ssl 1.4.3 for wordpress,microsoft,,,,,0.0,cpe:2.3:a:microsoft:*:*:*:*:*:*:*:*:*,True,,M3,Other candidates,0.0,,,fast,,0,,1646,707,11
joomunited wp latest posts 3.9.3 for wordpress,microsoft,,,,,0.0,cpe:2.3:a:microsoft:*:*:*:*:*:*:*:*:*,True,,M3,Other candidates,0.0,,,fast,,0,,1662,717,11
themeinprogress nova lite 1.3.7 for wordpress,microsoft,,,,,0.0,cpe:2.3:a:microsoft:*:*:*:*:*:*:*:*:*,True,,M3,Other candidates,0.0,,,fast,,0,,1809,707,11
dadamailproject dada mail 7.4.0,microsoft,,,,,0.0,cpe:2.3:a:microsoft:*:*:*:*:*:*:*:*:*,True,,M3,Other candidates,0.0,,,fast,,0,,1670,707,11
jenkins debian package builder 1.6.2 for jenkins,microsoft,,,,,0.0,cpe:2.3:a:microsoft:*:*:*:*:*:*:*:*:*,True,,M3,Other candidates,0.0,,,fast,,0,,1546,712,11
credova financial 1.1.0 for wordpress,microsoft,,,,,0.0,cpe:2.3:a:microsoft:*:*:*:*:*:*:*:*:*,True,,M3,Other candidates,0.0,,,fast,,0,,1809,697,11
asynkron wire 0.0.5,microsoft,,,beta,,0.0,cpe:2.3:a:microsoft:*:*:beta:*:*:*:*:*:*,True,,M3,Other candidates,0.0,,,fast,,0,,1843,697,11
10web social feed for instagram 1.1.6 premium edition for wordpress,microsoft,,,,,0.0,cpe:2.3:a:microsoft:*:*:*:*:*:*:*:*:*,True,,M3,Other candidates,0.0,,,fast,,0,,1621,727,11
bosch smart home 9.5.2 for iphone os,microsoft,,,,,0.0,cpe:2.3:a:microsoft:*:*:*:*:*:*:*:*:*,True,,M3,Other candidates,0.0,,,fast,,0,,1501,707,11
redmine git hosting 4.0.2 for redmine,microsoft,,,,,0.0,cpe:2.3:a:microsoft:*:*:*:*:*:*:*:*:*,True,,M3,Other candidates,0.0,,,fast,,0,,1662,707,11
intel celeron j j1800,microsoft,,,,,0.0,cpe:2.3:a:microsoft:*:*:*:*:*:*:*:*:*,True,,M3,Other candidates,0.0,,,fast,,0,,1869,692,11
yofla 360 product rotation 1.0.0 for wordpress,microsoft,,,,,0.0,cpe:2.3:a:microsoft:*:*:*:*:*:*:*:*:*,True,,M3,Other candidates,0.0,,,fast,,0,,1391,727,11
codection import and export users and customers 1.14.2.10 for wordpress,microsoft,,,,,0.0,cpe:2.3:a:microsoft:*:*:*:*:*:*:*:*:*,True,,M3,Other candidates,0.0,,,fast,,0,,1655,742,11
phpsugar php melody 1.6.4,microsoft,,,,,0.0,cpe:2.3:a:microsoft:*:*:*:*:*:*:*:*:*,True,,M3,Other candidates,0.0,,,fast,,0,,1825,697,11
adobe acrobat 11.0.5,microsoft,,,,,0.0,cpe:2.3:a:microsoft:*:*:*:*:*:*:*:*:*,True,,M3,Other candidates,0.0,,,fast,,0,,1726,697,11
taoensso nippy 2.0.0,microsoft,,,,,0.0,cpe:2.3:a:microsoft:*:*:*:*:*:*:*:*:*,True,,M3,Other candidates,0.0,,,fast,,0,,1717,702,11
flexera flexnet publisher 10.8.10,microsoft,,,,,0.0,cpe:2.3:a:microsoft:*:*:*:*:*:*:*:*:*,True,,M3,Other candidates,0.0,,,fast,,0,,1819,707,11
apache software foundation pdfbox 2.0.10,microsoft,,,,,0.0,cpe:2.3:a:microsoft:*:*:*:*:*:*:*:*:*,True,,M3,Other candidates,0.0,,,fast,,0,,1669,702,11
gog galaxy 1.2.45 for macos,microsoft,,,,,0.0,cpe:2.3:a:microsoft:*:*:*:*:*:*:*:*:*,True,,M3,Other candidates,0.0,,,fast,,0,,1863,707,11
oracle vm virtualbox 4.2.34,microsoft,,,,,0.0,cpe:2.3:a:microsoft:*:*:*:*:*:*:*:*:*,True,,M3,Other candidates,0.0,,,fast,,0,,1616,697,11
senstar symphony 7.3.1.3,microsoft,,,,,0.0,cpe:2.3:a:microsoft:*:*:*:*:*:*:*:*:*,True,,M3,Other candidates,0.0,,,fast,,0,,1910,702,11
openshift origin 1.2.0,microsoft,,,beta,node.js,0.0,cpe:2.3:a:microsoft:*:*:beta:*:*:*:node.js:*:*,True,,M3,Other candidates,0.0,,,fast,,0,,1388,687,12
adtribes product feed pro for woocommerce 10.3.3 for wordpress,microsoft,,,,,0.0,cpe:2.3:a:microsoft:*:*:*:*:*:*:*:*:*,True,,M3,Other candidates,0.0,,,fast,,0,,1520,732,11
apereo central authentication service (cas) 4.1.6,microsoft,,,beta,,0.0,cpe:2.3:a:microsoft:*:*:beta:*:*:*:*:*:*,True,,M3,Other candidates,0.0,,,fast,,0,,1976,712,11
snapappointments bootstrap-select 1.3.3 for node.js,microsoft,,,,node.js,0.0,cpe:2.3:a:microsoft:*:*:*:*:*:*:node.js:*:*,True,,M3,Other candidates,0.0,,,fast,,0,,1501,712,12
getawesomesupport awesome support 4.3.0 for wordpress,microsoft,,,,,0.0,cpe:2.3:a:microsoft:*:*:*:*:*:*:*:*:*,True,,M3,Other candidates,0.0,,,fast,,0,,1716,717,11
owasp zed attack proxy (zap) w2021-12-20,microsoft,,,,,0.0,cpe:2.3:a:microsoft:*:*:*:*:*:*:*:*:*,True,,M3,Other candidates,0.0,,,fast,,0,,1842,742,11
fanuc r-30ib firmware 8.13,microsoft,,,,,0.0,cpe:2.3:a:microsoft:*:*:*:*:*:*:*:*:*,True,,M3,Other candidates,0.0,,,fast,,0,,2079,707,11
hasthemes ht mega - absolute addons for elementor page builder 1.5.2 for wordpress,microsoft,,,,,0.0,cpe:2.3:a:microsoft:*:*:*:*:*:*:*:*:*,True,,M3,Other candidates,0.0,,,fast,,0,,2118,752,11
connectwise automate 2020.8,microsoft,,,,,0.0,cpe:2.3:a:microsoft:*:*:*:*:*:*:*:*:*,True,,M3,Other candidates,0.0,,,fast,,0,,1427,692,11
sensiolabs httpclient 4.3.5,microsoft,,,,,0.0,cpe:2.3:a:microsoft:*:*:*:*:*:*:*:*:*,True,,M3,Other candidates,0.0,,,fast,,0,,1366,702,11
jetbrains mps 2017.2.2,microsoft,,,,,0.0,cpe:2.3:a:microsoft:*:*:*:*:*:*:*:*:*,True,,M3,Other candidates,0.0,,,fast,,0,,1485,707,11
google chrome 15.0.874.116,microsoft,,,,,0.0,cpe:2.3:a:microsoft:*:*:*:*:*:*:*:*:*,True,,M3,Other candidates,0.0,,,fast,,0,,1643,717,11
tielabs jannah 5.3.1 for wordpress,microsoft,,,,,0.0,cpe:2.3:a:microsoft:*:*:*:*:*:*:*:*:*,True,,M3,Other candidates,0.0,,,fast,,0,,1711,707,11
cartflows funnel builder 1.0.1 for wordpress,microsoft,,,,,0.0,cpe:2.3:a:microsoft:*:*:*:*:*:*:*:*:*,True,,M3,Other candidates,0.0,,,fast,,0,,1832,702,11
sensiolabs symfony 3.0.8,microsoft,,,,,0.0,cpe:2.3:a:microsoft:*:*:*:*:*:*:*:*:*,True,,M3,Other candidates,0.0,,,fast,,0,,1633,702,11
nvidia tesla 443.18,,,,,,0.0,,False,,,,0.0,,no vendor/product extracted,fast,,0,,1785,697,10
getshortcodes shortcodes ultimate 3.8 for wordpress,microsoft,,,,,0.0,cpe:2.3:a:microsoft:*:*:*:*:*:*:*:*:*,True,,M3,Other candidates,0.0,,,fast,,0,,1552,702,11
miwisoft mijosearch 2.0.0 for joomla!,mijosearch,,,,,0.0,cpe:2.3:a:mijosearch:*:*:*:*:*:*:*:*:*,True,,M3,Other candidates,0.0,,,fast,,0,,1358,717,13
nextcloud richdocuments 2.0.2,microsoft,,,,,0.0,cpe:2.3:a:microsoft:*:*:*:*:*:*:*:*:*,True,,M3,Other candidates,0.0,,,fast,,0,,1573,692,11
netflix hollow 4.0.0 release candidate 1,microsoft,,,,,0.0,cpe:2.3:a:microsoft:*:*:*:*:*:*:*:*:*,True,,M3,Other candidates,0.0,,,fast,,0,,1701,707,11
otrs survey 6.0.14,microsoft,,,,,0.0,cpe:2.3:a:microsoft:*:*:*:*:*:*:*:*:*,True,,M3,Other candidates,0.0,,,fast,,0,,1435,692,11
kepware kepserverex 5.11.262.0,microsoft,,,,,0.0,cpe:2.3:a:microsoft:*:*:*:*:*:*:*:*:*,True,,M3,Other candidates,0.0,,,fast,,0,,1673,727,11
cisco expressway x8.2.1,microsoft,,,,,0.0,cpe:2.3:a:microsoft:*:*:*:*:*:*:*:*:*,True,,M3,Other candidates,0.0,,,fast,,0,,1581,692,11
innominate mguard blade hw-104020,military,,,,,0.0,cpe:2.3:a:military:*:*:*:*:*:*:*:*:*,True,,M3,Other candidates,0.0,,,fast,,0,,1419,712,11
b3log solo 1.8.0,microsoft,,,beta,,0.0,cpe:2.3:a:microsoft:*:*:beta:*:*:*:*:*:*,True,,M3,Other candidates,0.0,,,fast,,0,,1443,692,11
testes-codigo testes de codigo 5.1 for iphone os,microsoft,,,,,0.0,cpe:2.3:a:microsoft:*:*:*:*:*:*:*:*:*,True,,M3,Other candidates,0.0,,,fast,,0,,1704,717,11
freepbx contactmanager 13.0.45.3 for freepbx,microsoft,,,,,0.0,cpe:2.3:a:microsoft:*:*:*:*:*:*:*:*:*,True,,M3,Other candidates,0.0,,,fast,,0,,1331,737,11
numfocus pandas 0.11.0,microsoft,,,,,0.0,cpe:2.3:a:microsoft:*:*:*:*:*:*:*:*:*,True,,M3,Other candidates,0.0,,,fast,,0,,1456,692,11
gitlab runner 11.3.0,microsoft,,,beta,node.js,0.0,cpe:2.3:a:microsoft:*:*:beta:*:*:*:node.js:*:*,True,,M3,Other candidates,0.0,,,fast,,0,,1660,692,12
elsop linkscan 12.0,microsoft,,,,,0.0,cpe:2.3:a:microsoft:*:*:*:*:*:*:*:*:*,True,,M3,Other candidates,0.0,,,fast,,0,,1776,687,11
cgal computational geometry algorithms library 3.2.1,microsoft,,,,,0.0,cpe:2.3:a:microsoft:*:*:*:*:*:*:*:*:*,True,,M3,Other candidates,0.0,,,fast,,0,,1546,702,11
easycorp zentao 1.1,microsoft,,,,,0.0,cpe:2.3:a:microsoft:*:*:*:*:*:*:*:*:*,True,,M3,Other candidates,0.0,,,fast,,0,,1501,697,11
atlassian jira 2.4.1  professional,microsoft,,,,,0.0,cpe:2.3:a:microsoft:*:*:*:*:*:*:*:*:*,True,,M3,Other candidates,0.0,,,fast,,0,,1726,702,11
citrix sd-wan wanop 10.2.7b,microsoft,,,,,0.0,cpe:2.3:a:microsoft:*:*:*:*:*:*:*:*:*,True,,M3,Other candidates,0.0,,,fast,,0,,1727,717,11
netapp snapcenter 4.3,microsoft,,,,,0.0,cpe:2.3:a:microsoft:*:*:*:*:*:*:*:*:*,True,,M3,Other candidates,0.0,,,fast,,0,,1441,682,11
readdle spark 2.3.3.882,microsoft,,,,,0.0,cpe:2.3:a:microsoft:*:*:*:*:*:*:*:*:*,True,,M3,Other candidates,0.0,,,fast,,0,,1653,707,11
cozmoslabs profile builder 2.4.6 for wordpress,microsoft,,,,,0.0,cpe:2.3:a:microsoft:*:*:*:*:*:*:*:*:*,True,,M3,Other candidates,0.0,,,fast,,0,,1880,712,11
ibm http server 5.3,,,,beta,,0.0,,False,,,,0.0,,no vendor/product extracted,fast,,0,,1443,682,10
ibm iss blackice pc protection 3.6 cbd,,,,,,0.0,,False,,,,0.0,,no vendor/product extracted,fast,,0,,1633,702,10
lulucms lulu cms 2015-07-11,microsoft,,,,,0.0,cpe:2.3:a:microsoft:*:*:*:*:*:*:*:*:*,True,,M3,Other candidates,0.0,,,fast,,0,,1856,732,11
prismjs previewers 1.16.0 for prismjs,microsoft,,,,,0.0,cpe:2.3:a:microsoft:*:*:*:*:*:*:*:*:*,True,,M3,Other candidates,0.0,,,fast,,0,,1480,717,11
webdav cadaver 0.22.4,microsoft,,,,,0.0,cpe:2.3:a:microsoft:*:*:*:*:*:*:*:*:*,True,,M3,Other candidates,0.0,,,fast,,0,,1769,702,11
toocharger smartblog 1.3,microsoft,,,,,0.0,cpe:2.3:a:microsoft:*:*:*:*:*:*:*:*:*,True,,M3,Other candidates,0.0,,,fast,,0,,1884,687,11
max-3000 maxsite cms 98,,,,,,0.0,,False,,,,0.0,,no vendor/product extracted,fast,,0,,1837,702,10
tencent wechat 6.7.3 for android,microsoft,,,,,0.0,cpe:2.3:a:microsoft:*:*:*:*:*:*:*:*:*,True,,M3,Other candidates,0.0,,,fast,,0,,1688,702,11
guzzlephp psr-7 1.6.1,microsoft,,,,node.js,0.0,cpe:2.3:a:microsoft:*:*:*:*:*:*:node.js:*:*,True,,M3,Other candidates,0.0,,,fast,,0,,1823,707,12
spomky-labs webauthn framwork 3.3.0,microsoft,,,,,0.0,cpe:2.3:a:microsoft:*:*:*:*:*:*:*:*:*,True,,M3,Other candidates,0.0,,,fast,,0,,1477,722,11
jenkins amazon ec2 1.36 for jenkins,microsoft,,,,,0.0,cpe:2.3:a:microsoft:*:*:*:*:*:*:*:*:*,True,,M3,Other candidates,0.0,,,fast,,0,,1871,707,11
netgate pfsense 2.2.5,microsoft,,,,,0.0,cpe:2.3:a:microsoft:*:*:*:*:*:*:*:*:*,True,,M3,Other candidates,0.0,,,fast,,0,,1626,697,11
openresty lua-nginx-module 0.7.12,microsoft,,,,node.js,0.0,cpe:2.3:a:microsoft:*:*:*:*:*:*:node.js:*:*,True,,M3,Other candidates,0.0,,,fast,,0,,1631,712,12
dell inspiron 3468 firmware 1.12.0,,,,,,0.0,,False,,,,0.0,,no vendor/product extracted,fast,,0,,1916,732,10
universal-robots ur software 5.4.3,microsoft,,,,,0.0,cpe:2.3:a:microsoft:*:*:*:*:*:*:*:*:*,True,,M3,Other candidates,0.0,,,fast,,0,,1347,697,11
tms-outsource wpdatatables 3.4.1 premium edition for wordpress,microsoft,,,,,0.0,cpe:2.3:a:microsoft:*:*:*:*:*:*:*:*:*,True,,M3,Other candidates,0.0,,,fast,,0,,1423,727,11
nystudio107 seomatic 3.2.7 for craft cms,microsoft,,,,,0.0,cpe:2.3:a:microsoft:*:*:*:*:*:*:*:*:*,True,,M3,Other candidates,0.0,,,fast,,0,,1804,727,11
thunderdome planning poker 1.0.0 release candidate 19,microsoft,,,,,0.0,cpe:2.3:a:microsoft:*:*:*:*:*:*:*:*:*,True,,M3,Other candidates,0.0,,,fast,,0,,1956,727,11
sencha labs connect 2.8.5 for node.js,microsoft,,,,node.js,0.0,cpe:2.3:a:microsoft:*:*:*:*:*:*:node.js:*:*,True,,M3,Other candidates,0.0,,,fast,,0,,1594,707,12
bioinformatics htmlawed 1.1.3,microsoft,,,,,0.0,cpe:2.3:a:microsoft:*:*:*:*:*:*:*:*:*,True,,M3,Other candidates,0.0,,,fast,,0,,1666,697,11
sociomantic git-hub 1.0.2,microsoft,,,,,0.0,cpe:2.3:a:microsoft:*:*:*:*:*:*:*:*:*,True,,M3,Other candidates,0.0,,,fast,,0,,1946,707,11
sourcefabric newscoop 4.4.6,microsoft,,,,,0.0,cpe:2.3:a:microsoft:*:*:*:*:*:*:*:*:*,True,,M3,Other candidates,0.0,,,fast,,0,,1437,692,11
asustor data master (adm) 3.0.5.rdu1,microsoft,,,beta,,0.0,cpe:2.3:a:microsoft:*:*:beta:*:*:*:*:*:*,True,,M3,Other candidates,0.0,,,fast,,0,,1679,727,11
colossusxt colossuscoinxt 0.10.16.5,microsoft,,,,,0.0,cpe:2.3:a:microsoft:*:*:*:*:*:*:*:*:*,True,,M3,Other candidates,0.0,,,fast,,0,,1929,737,11
cesanta mjs 1.19.2,microsoft,,,,,0.0,cpe:2.3:a:microsoft:*:*:*:*:*:*:*:*:*,True,,M3,Other candidates,0.0,,,fast,,0,,1489,697,11
never5 download monitor 1.1.1 for wordpress,microsoft,,,,,0.0,cpe:2.3:a:microsoft:*:*:*:*:*:*:*:*:*,True,,M3,Other candidates,0.0,,,fast,,0,,1659,702,11
starluxstudios puppy slots (aka air.com.starluxstudios.puppyslotsfree) for android 3.0,microsoft,,,,,0.0,cpe:2.3:a:microsoft:*:*:*:*:*:*:*:*:*,True,,M3,Other candidates,0.0,,,fast,,0,,1789,777,11
framasoft peertube 1.2.0 rc.1,microsoft,,,,,0.0,cpe:2.3:a:microsoft:*:*:*:*:*:*:*:*:*,True,,M3,Other candidates,0.0,,,fast,,0,,1924,717,11
cyberark identity 20.1.242,microsoft,,,,,0.0,cpe:2.3:a:microsoft:*:*:*:*:*:*:*:*:*,True,,M3,Other candidates,0.0,,,fast,,0,,1783,707,11
bdew bdlib 0.9.1 for minecraft,microsoft,,,,,0.0,cpe:2.3:a:microsoft:*:*:*:*:*:*:*:*:*,True,,M3,Other candidates,0.0,,,fast,,0,,1880,702,11
beckhoff twincat 3.1.4022.30,microsoft,,,,,0.0,cpe:2.3:a:microsoft:*:*:*:*:*:*:*:*:*,True,,M3,Other candidates,0.0,,,fast,,0,,1792,727,11
obm open business management (obm) 2.2.11,in2code,,,,,0.0,cpe:2.3:a:in2code:*:*:*:*:*:*:*:*:*,True,,M3,Other candidates,0.0,,,fast,,0,,1712,722,12
snowtide pdfxstream 2.6.2,microsoft,,,,,0.0,cpe:2.3:a:microsoft:*:*:*:*:*:*:*:*:*,True,,M3,Other candidates,0.0,,,fast,,0,,1656,702,11
pion webrtc 2.0.12,microsoft,,,,,0.0,cpe:2.3:a:microsoft:*:*:*:*:*:*:*:*:*,True,,M3,Other candidates,0.0,,,fast,,0,,1833,697,11
alkacon opencms 6.2.1,microsoft,,,,,0.0,cpe:2.3:a:microsoft:*:*:*:*:*:*:*:*:*,True,,M3,Other candidates,0.0,,,fast,,0,,1562,697,11
aol instant messenger (aim) 5.2,microsoft,,,,,0.0,cpe:2.3:a:microsoft:*:*:*:*:*:*:*:*:*,True,,M3,Other candidates,0.0,,,fast,,0,,1520,697,11
tecnick tcexam 10.1.002,microsoft,,,,,0.0,cpe:2.3:a:microsoft:*:*:*:*:*:*:*:*:*,True,,M3,Other candidates,0.0,,,fast,,0,,1761,712,11
freepbx contactmanager 13.0.42.11 for freepbx,microsoft,,,,,0.0,cpe:2.3:a:microsoft:*:*:*:*:*:*:*:*:*,True,,M3,Other candidates,0.0,,,fast,,0,,1961,742,11
atlassian sourcetree 2.0.5.8 for macos,microsoft,,,,,0.0,cpe:2.3:a:microsoft:*:*:*:*:*:*:*:*:*,True,,M3,Other candidates,0.0,,,fast,,0,,1853,727,11
google chrome 24.0.1292.1,microsoft,,,,,0.0,cpe:2.3:a:microsoft:*:*:*:*:*:*:*:*:*,True,,M3,Other candidates,0.0,,,fast,,0,,1861,712,11
alibaba fastjson 1.1.36,microsoft,,,,,0.0,cpe:2.3:a:microsoft:*:*:*:*:*:*:*:*:*,True,,M3,Other candidates,0.0,,,fast,,0,,1823,697,11
pepperl-fuchs pcv100-f200-b25-v1d-6011 firmware 1.10.0,microsoft,,,,,0.0,cpe:2.3:a:microsoft:*:*:*:*:*:*:*:*:*,True,,M3,Other candidates,0.0,,,fast,,0,,1582,807,11
hotosm tasking manager 3.4.2,in2code,,,,,0.0,cpe:2.3:a:in2code:*:*:*:*:*:*:*:*:*,True,,M3,Other candidates,0.0,,,fast,,0,,1636,702,12
facebook proxygen 2019.12.02.00,microsoft,,,,,0.0,cpe:2.3:a:microsoft:*:*:*:*:*:*:*:*:*,True,,M3,Other candidates,0.0,,,fast,,0,,1633,727,11
greentreelabs gallery photoblocks 1.1.9 for wordpress,microsoft,,,,,0.0,cpe:2.3:a:microsoft:*:*:*:*:*:*:*:*:*,True,,M3,Other candidates,0.0,,,fast,,0,,1821,722,11
juniper junos 16.2 r2-s1,microsoft,,,beta,,0.0,cpe:2.3:a:microsoft:*:*:beta:*:*:*:*:*:*,True,,M3,Other candidates,0.0,,,fast,,0,,1850,707,11
borland search 3.0.34.0,microsoft,,,beta,,0.0,cpe:2.3:a:microsoft:*:*:beta:*:*:*:*:*:*,True,,M3,Other candidates,0.0,,,fast,,0,,1756,702,11
condusiv diskeeper 2010 professional 14.0.909.32,microsoft,,,,,0.0,cpe:2.3:a:microsoft:*:*:*:*:*:*:*:*:*,True,,M3,Other candidates,0.0,,,fast,,0,,1907,757,11
wp-livechat wp live chat support wp live chat support 4.3.5 for wordpress,microsoft,,,,,0.0,cpe:2.3:a:microsoft:*:*:*:*:*:*:*:*:*,True,,M3,Other candidates,0.0,,,fast,,0,,1854,737,11
google chrome 21.0.1180.32,microsoft,,,,,0.0,cpe:2.3:a:microsoft:*:*:*:*:*:*:*:*:*,True,,M3,Other candidates,0.0,,,fast,,0,,1955,717,11
netscout ngenius infinistream 4.6.0,microsoft,,,,,0.0,cpe:2.3:a:microsoft:*:*:*:*:*:*:*:*:*,True,,M3,Other candidates,0.0,,,fast,,0,,1894,712,11
livetecs timeline 6.2.1,microsoft,,,,,0.0,cpe:2.3:a:microsoft:*:*:*:*:*:*:*:*:*,True,,M3,Other candidates,0.0,,,fast,,0,,1462,692,11
apple swift 4.1.2 for ubuntu,microsoft,,,,,0.0,cpe:2.3:a:microsoft:*:*:*:*:*:*:*:*:*,True,,M3,Other candidates,0.0,,,fast,,0,,1728,692,11
devpups social pug 1.4.8 for wordpress,microsoft,,,,,0.0,cpe:2.3:a:microsoft:*:*:*:*:*:*:*:*:*,True,,M3,Other candidates,0.0,,,fast,,0,,1785,712,11
coppermine-gallery coppermine photo gallery 1.4.1 beta,microsoft,,,beta,,0.0,cpe:2.3:a:microsoft:*:*:beta:*:*:*:*:*:*,True,,M3,Other candidates,0.0,,,fast,,0,,1643,717,11
schneems wicked gem for ruby 0.1.6,microsoft,,,,,0.0,cpe:2.3:a:microsoft:*:*:*:*:*:*:*:*:*,True,,M3,Other candidates,0.0,,,fast,,0,,1512,707,11
cisco ucs 64108 firmware 4.1,microsoft,,,,,0.0,cpe:2.3:a:microsoft:*:*:*:*:*:*:*:*:*,True,,M3,Other candidates,0.0,,,fast,,0,,1741,717,11
xorux stor2rrd 2.00,microsoft,,,,,0.0,cpe:2.3:a:microsoft:*:*:*:*:*:*:*:*:*,True,,M3,Other candidates,0.0,,,fast,,0,,2025,697,11
xorux lpar2rrd 3.20,microsoft,,,,,0.0,cpe:2.3:a:microsoft:*:*:*:*:*:*:*:*:*,True,,M3,Other candidates,0.0,,,fast,,0,,1547,702,11
yithemes yith woocommerce request a quote 1.4.7 premium edition for wordpress,microsoft,,,,,0.0,cpe:2.3:a:microsoft:*:*:*:*:*:*:*:*:*,True,,M3,Other candidates,0.0,,,fast,,0,,1767,742,11
huawei p8 smartphone firmware gra-cl00c92b350,,,,,,0.0,,False,,,,0.0,,no vendor/product extracted,fast,,0,,1911,727,10
gurock testrail 2.6,microsoft,,,,,0.0,cpe:2.3:a:microsoft:*:*:*:*:*:*:*:*:*,True,,M3,Other candidates,0.0,,,fast,,0,,1538,687,11
jenkins assembla 1.1 for jenkins,microsoft,,,,,0.0,cpe:2.3:a:microsoft:*:*:*:*:*:*:*:*:*,True,,M3,Other candidates,0.0,,,fast,,0,,1795,702,11
intel xeon e3-1515m v5 firmware 26.20.100.6859 for windows,,,,,,0.0,,False,,,,0.0,,no vendor/product extracted,fast,,0,,1774,797,10
microsoft mono 4.3.2.467,microsoft,,,,,0.0,cpe:2.3:a:microsoft:*:*:*:*:*:*:*:*:*,True,,M3,Other candidates,0.0,,,fast,,0,,1658,707,11
leap13 premium addons for elementor 3.2.9 for wordpress,microsoft,,,,,0.0,cpe:2.3:a:microsoft:*:*:*:*:*:*:*:*:*,True,,M3,Other candidates,0.0,,,fast,,0,,1879,727,11
epignosis efront open source edition 3.6.15.2,microsoft,,,,,0.0,cpe:2.3:a:microsoft:*:*:*:*:*:*:*:*:*,True,,M3,Other candidates,0.0,,,fast,,0,,1887,727,11
ibm api management 3.0.4.0,in2code,,,beta,,0.0,cpe:2.3:a:in2code:*:*:beta:*:*:*:*:*:*,True,,M3,Other candidates,0.0,,,fast,,0,,1843,702,12
luracast restler 3.1.0,microsoft,,,beta,,0.0,cpe:2.3:a:microsoft:*:*:beta:*:*:*:*:*:*,True,,M3,Other candidates,0.0,,,fast,,0,,1902,702,11
netfortris trixbox 2.8.0.4 ,microsoft,,,,,0.0,cpe:2.3:a:microsoft:*:*:*:*:*:*:*:*:*,True,,M3,Other candidates,0.0,,,fast,,0,,1944,712,11
hgiga msr45 isherlock-user 4.5-117,microsoft,,,,,0.0,cpe:2.3:a:microsoft:*:*:*:*:*:*:*:*:*,True,,M3,Other candidates,0.0,,,fast,,0,,1657,732,11
eclipse kura 1.2.1 release candidate 3,microsoft,,,,,0.0,cpe:2.3:a:microsoft:*:*:*:*:*:*:*:*:*,True,,M3,Other candidates,0.0,,,fast,,0,,1546,712,11
ahsay cloud backup suite 7.7.0.0,microsoft,,,,,0.0,cpe:2.3:a:microsoft:*:*:*:*:*:*:*:*:*,True,,M3,Other candidates,0.0,,,fast,,0,,1707,707,11
nic knot resolver 2.4.0,microsoft,,,beta,,0.0,cpe:2.3:a:microsoft:*:*:beta:*:*:*:*:*:*,True,,M3,Other candidates,0.0,,,fast,,0,,2009,687,11
haxx curl 7.49.0,microsoft,,,beta,,0.0,cpe:2.3:a:microsoft:*:*:beta:*:*:*:*:*:*,True,,M3,Other candidates,0.0,,,fast,,0,,1756,697,11
saasproject booking package 1.4.10 for wordpress,microsoft,,,,,0.0,cpe:2.3:a:microsoft:*:*:*:*:*:*:*:*:*,True,,M3,Other candidates,0.0,,,fast,,0,,1939,712,11
dena h2o 1.6.1,microsoft,,,,,0.0,cpe:2.3:a:microsoft:*:*:*:*:*:*:*:*:*,True,,M3,Other candidates,0.0,,,fast,,0,,1722,697,11
sonarsource sonarqube 1.4.3,microsoft,,,,node.js,0.0,cpe:2.3:a:microsoft:*:*:*:*:*:*:node.js:*:*,True,,M3,Other candidates,0.0,,,fast,,0,,1628,707,12
likebtn like button rating 2.3.3 for wordpress,microsoft,,,,,0.0,cpe:2.3:a:microsoft:*:*:*:*:*:*:*:*:*,True,,M3,Other candidates,0.0,,,fast,,0,,1952,707,11
amazon open distro 1.10.1 for elasticsearch,microsoft,,,,node.js,0.0,cpe:2.3:a:microsoft:*:*:*:*:*:*:node.js:*:*,True,,M3,Other candidates,0.0,,,fast,,0,,1441,712,12
techsmith snagit 7.1.1,microsoft,,,,,0.0,cpe:2.3:a:microsoft:*:*:*:*:*:*:*:*:*,True,,M3,Other candidates,0.0,,,fast,,0,,1636,692,11
sensiolabs symfony 2.8.37,microsoft,,,,,0.0,cpe:2.3:a:microsoft:*:*:*:*:*:*:*:*:*,True,,M3,Other candidates,0.0,,,fast,,0,,1719,707,11
santesoft dicom viewer pro 11.1,microsoft,,,,,0.0,cpe:2.3:a:microsoft:*:*:*:*:*:*:*:*:*,True,,M3,Other candidates,0.0,,,fast,,0,,1881,702,11
bittorrent utorrent 1.7.2,microsoft,,,,,0.0,cpe:2.3:a:microsoft:*:*:*:*:*:*:*:*:*,True,,M3,Other candidates,0.0,,,fast,,0,,1789,702,11
quadbase espressreport es 6.6 update 4,microsoft,,,,,0.0,cpe:2.3:a:microsoft:*:*:*:*:*:*:*:*:*,True,,M3,Other candidates,0.0,,,fast,,0,,1779,707,11
re-logic terraria 1.3.4.3,microsoft,,,,,0.0,cpe:2.3:a:microsoft:*:*:*:*:*:*:*:*:*,True,,M3,Other candidates,0.0,,,fast,,0,,1357,707,11
intel xeon e7 8850,,,,,,0.0,,False,,,,0.0,,no vendor/product extracted,fast,,0,,1393,692,10
extrun ilbo 1.0.1 for iphone os,microsoft,,,,,0.0,cpe:2.3:a:microsoft:*:*:*:*:*:*:*:*:*,True,,M3,Other candidates,0.0,,,fast,,0,,1856,707,11
iconics bizviz 9.01,microsoft,,,,,0.0,cpe:2.3:a:microsoft:*:*:*:*:*:*:*:*:*,True,,M3,Other candidates,0.0,,,fast,,0,,1506,687,11
idrive remotepc 7.6.33 for macos,microsoft,,,,,0.0,cpe:2.3:a:microsoft:*:*:*:*:*:*:*:*:*,True,,M3,Other candidates,0.0,,,fast,,0,,1356,717,11
eq-3 homematic ccu2 firmware 2.29.23,microsoft,,,,,0.0,cpe:2.3:a:microsoft:*:*:*:*:*:*:*:*:*,True,,M3,Other candidates,0.0,,,fast,,0,,1784,727,11
kaine wise chat 2.0 for wordpress,microsoft,,,,,0.0,cpe:2.3:a:microsoft:*:*:*:*:*:*:*:*:*,True,,M3,Other candidates,0.0,,,fast,,0,,2001,692,11
mortbay jetty 5.1.3 rc2,mortbay,,,rc2,,0.0,cpe:2.3:a:mortbay:*:*:rc2:*:*:*:*:*:*,True,,M3,Other candidates,0.0,,,fast,,0,,1508,702,13
opswat metadefender 4.6.2,microsoft,,,,,0.0,cpe:2.3:a:microsoft:*:*:*:*:*:*:*:*:*,True,,M3,Other candidates,0.0,,,fast,,0,,1884,707,11
exceedone exment 1.3.5,microsoft,,,,,0.0,cpe:2.3:a:microsoft:*:*:*:*:*:*:*:*:*,True,,M3,Other candidates,0.0,,,fast,,0,,1824,697,11
rsa archer grc platform 6.2,microsoft,,,,,0.0,cpe:2.3:a:microsoft:*:*:*:*:*:*:*:*:*,True,,M3,Other candidates,0.0,,,fast,,0,,1760,692,11
onlyoffice google translate 6.2.2.43 for document server,microsoft,,,,,0.0,cpe:2.3:a:microsoft:*:*:*:*:*:*:*:*:*,True,,M3,Other candidates,0.0,,,fast,,0,,1755,722,11
uaparser user agent parser-core 0.6.3,microsoft,,,,,0.0,cpe:2.3:a:microsoft:*:*:*:*:*:*:*:*:*,True,,M3,Other candidates,0.0,,,fast,,0,,1766,707,11
razer synapse 2.21.00.830,microsoft,,,beta,,0.0,cpe:2.3:a:microsoft:*:*:beta:*:*:*:*:*:*,True,,M3,Other candidates,0.0,,,fast,,0,,2125,722,11
cisco sg300-28pp firmware 1.4.7,microsoft,,,,,0.0,cpe:2.3:a:microsoft:*:*:*:*:*:*:*:*:*,True,,M3,Other candidates,0.0,,,fast,,0,,1681,727,11
polycom realpresence cloudaxis suite 1.2.1,microsoft,,,,,0.0,cpe:2.3:a:microsoft:*:*:*:*:*:*:*:*:*,True,,M3,Other candidates,0.0,,,fast,,0,,1800,707,11
fujitsu interstage application server 9.3.1 enterprise edition on x64,microsoft,,,,,0.0,cpe:2.3:a:microsoft:*:*:*:*:*:*:*:*:*,True,,M3,Other candidates,0.0,,,fast,,0,,1712,737,11
neo4j-contrib neo4j-apoc-procedures 3.5.0.14,microsoft,,,,node.js,0.0,cpe:2.3:a:microsoft:*:*:*:*:*:*:node.js:*:*,True,,M3,Other candidates,0.0,,,fast,,0,,1537,742,12
vmware tools 8.0.3.19531,microsoft,,,,,0.0,cpe:2.3:a:microsoft:*:*:*:*:*:*:*:*:*,True,,M3,Other candidates,0.0,,,fast,,0,,1965,717,11
collectiveaccess pawtucket 1.3,microsoft,,,,,0.0,cpe:2.3:a:microsoft:*:*:*:*:*:*:*:*:*,True,,M3,Other candidates,0.0,,,fast,,0,,2062,692,11
apache software foundation ant 1.9.7,microsoft,,,,,0.0,cpe:2.3:a:microsoft:*:*:*:*:*:*:*:*:*,True,,M3,Other candidates,0.0,,,fast,,0,,1848,692,11
wpgmaps wp google maps 6.4.05 wordpress,microsoft,,,,,0.0,cpe:2.3:a:microsoft:*:*:*:*:*:*:*:*:*,True,,M3,Other candidates,0.0,,,fast,,0,,1847,712,11
uncannyowl uncanny groups for learndash 3.5.2,microsoft,,,,,0.0,cpe:2.3:a:microsoft:*:*:*:*:*:*:*:*:*,True,,M3,Other candidates,0.0,,,fast,,0,,1944,722,11
bestwebsoft gallery 2.12 for wordpress,microsoft,,,,,0.0,cpe:2.3:a:microsoft:*:*:*:*:*:*:*:*:*,True,,M3,Other candidates,0.0,,,fast,,0,,1836,697,11
ibm daeja viewone 4.1.5.1 standard edition,in2code,,,,,0.0,cpe:2.3:a:in2code:*:*:*:*:*:*:*:*:*,True,,M3,Other candidates,0.0,,,fast,,0,,1360,727,12
cisofy lynis 2.5.4,microsoft,,,,,0.0,cpe:2.3:a:microsoft:*:*:*:*:*:*:*:*:*,True,,M3,Other candidates,0.0,,,fast,,0,,1689,697,11
automattic wp super cache 0.4 for wordpress,microsoft,,,,,0.0,cpe:2.3:a:microsoft:*:*:*:*:*:*:*:*:*,True,,M3,Other candidates,0.0,,,fast,,0,,1751,702,11
nashtech easy php calendar 7.0.04,microsoft,,,,,0.0,cpe:2.3:a:microsoft:*:*:*:*:*:*:*:*:*,True,,M3,Other candidates,0.0,,,fast,,0,,1723,707,11
adobe digital editions 4.5.4,microsoft,,,,,0.0,cpe:2.3:a:microsoft:*:*:*:*:*:*:*:*:*,True,,M3,Other candidates,0.0,,,fast,,0,,1569,692,11
allegrosoft rompager 4.51,microsoft,,,,,0.0,cpe:2.3:a:microsoft:*:*:*:*:*:*:*:*:*,True,,M3,Other candidates,0.0,,,fast,,0,,1688,697,11
colossusxt colossuscoinxt 0.3.23 release candidate 1,microsoft,,,,,0.0,cpe:2.3:a:microsoft:*:*:*:*:*:*:*:*:*,True,,M3,Other candidates,0.0,,,fast,,0,,1841,742,11
northwestern timelinejs 3.1.12,microsoft,,,,,0.0,cpe:2.3:a:microsoft:*:*:*:*:*:*:*:*:*,True,,M3,Other candidates,0.0,,,fast,,0,,1420,697,11
tibco managed file transfer internet server 7.2.0,microsoft,,,,,0.0,cpe:2.3:a:microsoft:*:*:*:*:*:*:*:*:*,True,,M3,Other candidates,0.0,,,fast,,0,,1558,712,11
alfresco community share 14.1,microsoft,,,,,0.0,cpe:2.3:a:microsoft:*:*:*:*:*:*:*:*:*,True,,M3,Other candidates,0.0,,,fast,,0,,1429,687,11
opswat metadefender 4.12.1,microsoft,,,,,0.0,cpe:2.3:a:microsoft:*:*:*:*:*:*:*:*:*,True,,M3,Other candidates,0.0,,,fast,,0,,1670,712,11
mongodb ops manager 4.2.9,mongodb,,,,,0.0,cpe:2.3:a:mongodb:*:*:*:*:*:*:*:*:*,True,,M3,Other candidates,0.0,,,fast,,0,,1575,687,11
nec infocage siteshell 2.1.1.6 for apache windows,microsoft,,,,,0.0,cpe:2.3:a:microsoft:*:*:*:*:*:*:*:*:*,True,,M3,Other candidates,0.0,,,fast,,0,,1352,737,11
oracle retail point-of-service 6.0.11,microsoft,,,,,0.0,cpe:2.3:a:microsoft:*:*:*:*:*:*:*:*:*,True,,M3,Other candidates,0.0,,,fast,,0,,1285,702,11
piriform ccleaner 4.04.4197,microsoft,,,,,0.0,cpe:2.3:a:microsoft:*:*:*:*:*:*:*:*:*,True,,M3,Other candidates,0.0,,,fast,,0,,1408,717,11
xtermjs xterm.js 0.33,microsoft,,,,,0.0,cpe:2.3:a:microsoft:*:*:*:*:*:*:*:*:*,True,,M3,Other candidates,0.0,,,fast,,0,,1423,697,11
ibm security appscan 9.0.3.5 enterprise edition,in2code,,,,,0.0,cpe:2.3:a:in2code:*:*:*:*:*:*:*:*:*,True,,M3,Other candidates,0.0,,,fast,,0,,1737,717,12
eaton intelligent power protector 1.68,microsoft,,,,,0.0,cpe:2.3:a:microsoft:*:*:*:*:*:*:*:*:*,True,,M3,Other candidates,0.0,,,fast,,0,,1496,692,11
nextscripts social networks auto poster 3.4.1 for wordpress,microsoft,,,,,0.0,cpe:2.3:a:microsoft:*:*:*:*:*:*:*:*:*,True,,M3,Other candidates,0.0,,,fast,,0,,1838,712,11
oracle weblogic server 7.0 service pack 5 for apache,microsoft,,,,,0.0,cpe:2.3:a:microsoft:*:*:*:*:*:*:*:*:*,True,,M3,Other candidates,0.0,,,fast,,0,,1292,712,11
360 safe router p1 firmware 2.0.61.58897,microsoft,,,,,0.0,cpe:2.3:a:microsoft:*:*:*:*:*:*:*:*:*,True,,M3,Other candidates,0.0,,,fast,,0,,1522,747,11
atlassian sourcetree 1.9.6 for windows,microsoft,,,,windows,0.0,cpe:2.3:a:microsoft:*:*:*:*:*:*:windows:*:*,True,,M3,Other candidates,0.0,,,fast,,0,,1461,712,11
jfrog artifactory 2.12.1 for jenkins,microsoft,,,,node.js,0.0,cpe:2.3:a:microsoft:*:*:*:*:*:*:node.js:*:*,True,,M3,Other candidates,0.0,,,fast,,0,,1439,717,12
siemens simatic pc547g firmware r1.14.0,microsoft,,,,,0.0,cpe:2.3:a:microsoft:*:*:*:*:*:*:*:*:*,True,,M3,Other candidates,0.0,,,fast,,0,,1392,727,11
1kxun qianxun yingshi (com.qianxun.yingshi) application 1.3.4,microsoft,,,,,0.0,cpe:2.3:a:microsoft:*:*:*:*:*:*:*:*:*,True,,M3,Other candidates,0.0,,,fast,,0,,1728,782,11
smithmicro vzaccess manager 7.2.7.1,microsoft,,,,,0.0,cpe:2.3:a:microsoft:*:*:*:*:*:*:*:*:*,True,,M3,Other candidates,0.0,,,fast,,0,,1586,707,11
lexmark m5170 firmware lw71.dn7.p229,,,,,,0.0,,False,,,,0.0,,no vendor/product extracted,fast,,0,,1570,732,10
petersplugins link log 2.3 for wordpress,microsoft,,,,,0.0,cpe:2.3:a:microsoft:*:*:*:*:*:*:*:*:*,True,,M3,Other candidates,0.0,,,fast,,0,,1247,697,11
novell suse linux enterprise desktop 11 service pack 1,microsoft,,,,,0.0,cpe:2.3:a:microsoft:*:*:*:*:*:*:*:*:*,True,,M3,Other candidates,0.0,,,fast,,0,,1362,712,11
rogersmedia citytv video 3.15 for iphone os,microsoft,,,,,0.0,cpe:2.3:a:microsoft:*:*:*:*:*:*:*:*:*,True,,M3,Other candidates,0.0,,,fast,,0,,1443,712,11
opentext tempo box 10.0.3,microsoft,,,,,0.0,cpe:2.3:a:microsoft:*:*:*:*:*:*:*:*:*,True,,M3,Other candidates,0.0,,,fast,,0,,1876,702,11
facebook react-dev-utils 3.4.2,microsoft,,,,,0.0,cpe:2.3:a:microsoft:*:*:*:*:*:*:*:*:*,True,,M3,Other candidates,0.0,,,fast,,0,,1745,692,11
crisp live chat 0.33 for wordpress,microsoft,,,,,0.0,cpe:2.3:a:microsoft:*:*:*:*:*:*:*:*:*,True,,M3,Other candidates,0.0,,,fast,,0,,1715,697,11
tinycouch tiny password (com.tinycouch.android.freepassword) application 1.01 for android,microsoft,,,,,0.0,cpe:2.3:a:microsoft:*:*:*:*:*:*:*:*:*,True,,M3,Other candidates,0.0,,,fast,,0,,1441,762,11
cisco amp threat grid appliance 2.1.6,microsoft,,,beta,,0.0,cpe:2.3:a:microsoft:*:*:beta:*:*:*:*:*:*,True,,M3,Other candidates,0.0,,,fast,,0,,1797,702,11
jenkins xebialabs xl deploy 3.9.7 for jenkins,microsoft,,,,node.js,0.0,cpe:2.3:a:microsoft:*:*:*:*:*:*:node.js:*:*,True,,M3,Other candidates,0.0,,,fast,,0,,1770,727,12
liquidware flexapp 6.5.9.6136,microsoft,,,,,0.0,cpe:2.3:a:microsoft:*:*:*:*:*:*:*:*:*,True,,M3,Other candidates,0.0,,,fast,,0,,1917,717,11
quest toad group policy manager freeware 10.0.0.33,microsoft,,,,,0.0,cpe:2.3:a:microsoft:*:*:*:*:*:*:*:*:*,True,,M3,Other candidates,0.0,,,fast,,0,,1918,732,11
cure53 dompurify 0.6.0,microsoft,,,,,0.0,cpe:2.3:a:microsoft:*:*:*:*:*:*:*:*:*,True,,M3,Other candidates,0.0,,,fast,,0,,1370,707,11
ampforwp accelerated mobile pages 1.0.65 for wordpress,microsoft,,,,,0.0,cpe:2.3:a:microsoft:*:*:*:*:*:*:*:*:*,True,,M3,Other candidates,0.0,,,fast,,0,,1666,717,11
cisco spa502g firmware 7.5.5b,microsoft,,,,,0.0,cpe:2.3:a:microsoft:*:*:*:*:*:*:*:*:*,True,,M3,Other candidates,0.0,,,fast,,0,,1806,717,11
palm blazer 4.0,,,,,,0.0,,False,,,,0.0,,no vendor/product extracted,fast,,0,,1673,682,10
patsatech sagepay server gateway for woocommerce 1.0.0 for wordpress,microsoft,,,,,0.0,cpe:2.3:a:microsoft:*:*:*:*:*:*:*:*:*,True,,M3,Other candidates,0.0,,,fast,,0,,1581,737,11
signalsciences service broker 1.0.0 for pivotal cloud foundry,microsoft,,,,,0.0,cpe:2.3:a:microsoft:*:*:*:*:*:*:*:*:*,True,,M3,Other candidates,0.0,,,fast,,0,,1859,722,11
get-simple getsimple cms 3.1,microsoft,,,beta,,0.0,cpe:2.3:a:microsoft:*:*:beta:*:*:*:*:*:*,True,,M3,Other candidates,0.0,,,fast,,0,,1749,687,11
siemens simatic s7-1500s cpu firmware 2.0,microsoft,,,,,0.0,cpe:2.3:a:microsoft:*:*:*:*:*:*:*:*:*,True,,M3,Other candidates,0.0,,,fast,,0,,1405,732,11
siemens simatic wincc runtime advanced 15.1 update 5,microsoft,,,beta,,0.0,cpe:2.3:a:microsoft:*:*:beta:*:*:*:*:*:*,True,,M3,Other candidates,0.0,,,fast,,0,,1722,722,11
webtorrent bittorrent-dht 3.2.1 for node.js,microsoft,,,,node.js,0.0,cpe:2.3:a:microsoft:*:*:*:*:*:*:node.js:*:*,True,,M3,Other candidates,0.0,,,fast,,0,,1855,722,12
joomunited wp latest posts 4.5.0 for wordpress,microsoft,,,,,0.0,cpe:2.3:a:microsoft:*:*:*:*:*:*:*:*:*,True,,M3,Other candidates,0.0,,,fast,,0,,1798,717,11
vercel next.js 2.0.0 beta 9 for node.js,microsoft,,,beta,node.js,0.0,cpe:2.3:a:microsoft:*:*:beta:*:*:*:node.js:*:*,True,,M3,Other candidates,0.0,,,fast,,0,,1542,722,12
panasonic control fpwin pro 6.414,microsoft,,,,,0.0,cpe:2.3:a:microsoft:*:*:*:*:*:*:*:*:*,True,,M3,Other candidates,0.0,,,fast,,0,,1877,702,11
mapfish print 3.14.0,microsoft,,,,,0.0,cpe:2.3:a:microsoft:*:*:*:*:*:*:*:*:*,True,,M3,Other candidates,0.0,,,fast,,0,,1851,692,11
parity libsecp256k1 0.3.4 for rust,microsoft,,,,,0.0,cpe:2.3:a:microsoft:*:*:*:*:*:*:*:*:*,True,,M3,Other candidates,0.0,,,fast,,0,,1770,727,11
google chrome 77.0.3865.11,microsoft,,,,,0.0,cpe:2.3:a:microsoft:*:*:*:*:*:*:*:*:*,True,,M3,Other candidates,0.0,,,fast,,0,,1580,717,11
zeesweb splash header 1.14.0 for wordpress,microsoft,,,,,0.0,cpe:2.3:a:microsoft:*:*:*:*:*:*:*:*:*,True,,M3,Other candidates,0.0,,,fast,,0,,1800,712,11
intranda goobi viewer core 3.4.7,microsoft,,,,,0.0,cpe:2.3:a:microsoft:*:*:*:*:*:*:*:*:*,True,,M3,Other candidates,0.0,,,fast,,0,,1901,702,11
mobatek mobaxterm 10.8 home edition,mobatek,,,,,0.0,cpe:2.3:a:mobatek:*:*:*:*:*:*:*:*:*,True,,M3,Other candidates,0.0,,,fast,,0,,1718,707,13
embedplus youtube 11.8 for wordpress,microsoft,,,,,0.0,cpe:2.3:a:microsoft:*:*:*:*:*:*:*:*:*,True,,M3,Other candidates,0.0,,,fast,,0,,1700,692,11
systransoft pure neural server 9.7.0,microsoft,,,,,0.0,cpe:2.3:a:microsoft:*:*:*:*:*:*:*:*:*,True,,M3,Other candidates,0.0,,,fast,,0,,1685,707,11
x2engine x2crm 4.0,microsoft,,,beta,,0.0,cpe:2.3:a:microsoft:*:*:beta:*:*:*:*:*:*,True,,M3,Other candidates,0.0,,,fast,,0,,1724,692,11
mageme webforms pro m2 2.9.10,magnome,,,,,0.0,cpe:2.3:a:magnome:*:*:*:*:*:*:*:*:*,True,,M3,Other candidates,0.0,,,fast,,0,,1743,712,12
crudlab wp like button 1.4.5 for wordpress,microsoft,,,,,0.0,cpe:2.3:a:microsoft:*:*:*:*:*:*:*:*:*,True,,M3,Other candidates,0.0,,,fast,,0,,1888,707,11
embedplus youtube 11.6 for wordpress,microsoft,,,,,0.0,cpe:2.3:a:microsoft:*:*:*:*:*:*:*:*:*,True,,M3,Other candidates,0.0,,,fast,,0,,1966,692,11
spirton universal media server (ums) 7.0.1,microsoft,,,,,0.0,cpe:2.3:a:microsoft:*:*:*:*:*:*:*:*:*,True,,M3,Other candidates,0.0,,,fast,,0,,1537,712,11
microsoft azure active directory connect provisioning agent 1.1.582.0,microsoft,,,beta,,0.0,cpe:2.3:a:microsoft:*:*:beta:*:*:*:*:*:*,True,,M3,Other candidates,0.0,,,fast,,0,,1867,732,11
ati catalyst control center utility 2010.211.1740.31663 (x64) 64-bit,microsoft,,,,,0.0,cpe:2.3:a:microsoft:*:*:*:*:*:*:*:*:*,True,,M3,Other candidates,0.0,,,fast,,0,,1925,812,11
xerox workcentre 5955 firmware 073.091.086.15410,,,,,,0.0,,False,,,,0.0,,no vendor/product extracted,fast,,0,,2172,782,10
arcserve udp 6.5 update 4,microsoft,,,beta,,0.0,cpe:2.3:a:microsoft:*:*:beta:*:*:*:*:*:*,True,,M3,Other candidates,0.0,,,fast,,0,,1521,692,11
icon loopchain 2.1.2,microsoft,,,,,0.0,cpe:2.3:a:microsoft:*:*:*:*:*:*:*:*:*,True,,M3,Other candidates,0.0,,,fast,,0,,1700,687,11
matrix element 0.17.1 web edition,microsoft,,,,,0.0,cpe:2.3:a:microsoft:*:*:*:*:*:*:*:*:*,True,,M3,Other candidates,0.0,,,fast,,0,,1815,697,11
sonicwall sonicos 6.2.7.10-3n,microsoft,,,,,0.0,cpe:2.3:a:microsoft:*:*:*:*:*:*:*:*:*,True,,M3,Other candidates,0.0,,,fast,,0,,1462,727,11
ptc thingworx platform 8.4.2,microsoft,,,,,0.0,cpe:2.3:a:microsoft:*:*:*:*:*:*:*:*:*,True,,M3,Other candidates,0.0,,,fast,,0,,1825,702,11
cisco asa 5580 firmware 009.009,microsoft,,,,,0.0,cpe:2.3:a:microsoft:*:*:*:*:*:*:*:*:*,True,,M3,Other candidates,0.0,,,fast,,0,,2001,732,11
tammersoft shared files 1.6.39 for wordpress,microsoft,,,,,0.0,cpe:2.3:a:microsoft:*:*:*:*:*:*:*:*:*,True,,M3,Other candidates,0.0,,,fast,,0,,1768,712,11
cyberark identity 19.4,microsoft,,,beta,,0.0,cpe:2.3:a:microsoft:*:*:beta:*:*:*:*:*:*,True,,M3,Other candidates,0.0,,,fast,,0,,1962,687,11
gaku tablacus explorer 20.7.10,microsoft,,,,,0.0,cpe:2.3:a:microsoft:*:*:*:*:*:*:*:*:*,True,,M3,Other candidates,0.0,,,fast,,0,,1580,712,11
ibm system x3650 m4 hd firmware 7.20,,,,,,0.0,,False,,,,0.0,,no vendor/product extracted,fast,,0,,1902,727,10
moo0 system monitor 1.22,,,,,,0.0,,False,,,,0.0,,no vendor/product extracted,fast,,0,,1319,692,10
apache software foundation cordova 3.1.0 for android,microsoft,,,,node.js,0.0,cpe:2.3:a:microsoft:*:*:*:*:*:*:node.js:*:*,True,,M3,Other candidates,0.0,,,fast,,0,,1444,707,12
anuko time tracker 1.18.53.4834,microsoft,,,,,0.0,cpe:2.3:a:microsoft:*:*:*:*:*:*:*:*:*,True,,M3,Other candidates,0.0,,,fast,,0,,1677,727,11
juniper junos 19.4 r3,microsoft,,,,,0.0,cpe:2.3:a:microsoft:*:*:*:*:*:*:*:*:*,True,,M3,Other candidates,0.0,,,fast,,0,,1813,697,11
npr pym.js 1.1.0,microsoft,,,,,0.0,cpe:2.3:a:microsoft:*:*:*:*:*:*:*:*:*,True,,M3,Other candidates,0.0,,,fast,,0,,1665,692,11
nih (not invented here) libzip 0.8,microsoft,,,,,0.0,cpe:2.3:a:microsoft:*:*:*:*:*:*:*:*:*,True,,M3,Other candidates,0.0,,,fast,,0,,1623,702,11
techytalk quick chat 1.22 for wordpress,microsoft,,,,,0.0,cpe:2.3:a:microsoft:*:*:*:*:*:*:*:*:*,True,,M3,Other candidates,0.0,,,fast,,0,,1794,702,11
oracle graalvm 19.3.5 enterprise edition,microsoft,,,,node.js,0.0,cpe:2.3:a:microsoft:*:*:*:*:*:*:node.js:*:*,True,,M3,Other candidates,0.0,,,fast,,0,,1580,707,12
inboundwp calls to action 1.1.1 for wordpress,microsoft,,,,,0.0,cpe:2.3:a:microsoft:*:*:*:*:*:*:*:*:*,True,,M3,Other candidates,0.0,,,fast,,0,,1450,712,11
f5 big-ip ssl orchestrator (sslo) 15.1.2,microsoft,,,beta,,0.0,cpe:2.3:a:microsoft:*:*:beta:*:*:*:*:*:*,True,,M3,Other candidates,0.0,,,fast,,0,,1698,732,11
tumbleweed desktop validator 4.11,microsoft,,,,,0.0,cpe:2.3:a:microsoft:*:*:*:*:*:*:*:*:*,True,,M3,Other candidates,0.0,,,fast,,0,,1861,692,11
ellislab expressionengine 5.1.1,microsoft,,,,,0.0,cpe:2.3:a:microsoft:*:*:*:*:*:*:*:*:*,True,,M3,Other candidates,0.0,,,fast,,0,,1438,697,11
inboundwp calls to action 2.7.7 for wordpress,microsoft,,,,,0.0,cpe:2.3:a:microsoft:*:*:*:*:*:*:*:*:*,True,,M3,Other candidates,0.0,,,fast,,0,,1685,712,11
intel graphics driver 20.19.15.4835,microsoft,,,,,0.0,cpe:2.3:a:microsoft:*:*:*:*:*:*:*:*:*,True,,M3,Other candidates,0.0,,,fast,,0,,1922,727,11
jenkins cloudbees cd 1.1.21 for jenkins,microsoft,,,,node.js,0.0,cpe:2.3:a:microsoft:*:*:*:*:*:*:node.js:*:*,True,,M3,Other candidates,0.0,,,fast,,0,,1460,722,12
dovecot pigeonhole 0.4.17 release candidate 1,microsoft,,,,,0.0,cpe:2.3:a:microsoft:*:*:*:*:*:*:*:*:*,True,,M3,Other candidates,0.0,,,fast,,0,,1669,722,11
intesync solismed 3.3 service pack 1,microsoft,,,,,0.0,cpe:2.3:a:microsoft:*:*:*:*:*:*:*:*:*,True,,M3,Other candidates,0.0,,,fast,,0,,1973,712,11
thephpleague flysystem 1.0.58,microsoft,,,,node.js,0.0,cpe:2.3:a:microsoft:*:*:*:*:*:*:node.js:*:*,True,,M3,Other candidates,0.0,,,fast,,0,,1372,707,12
kriesi enfold 4.8.4 for wordpress,microsoft,,,,,0.0,cpe:2.3:a:microsoft:*:*:*:*:*:*:*:*:*,True,,M3,Other candidates,0.0,,,fast,,0,,1549,707,11
gnome glib 2.60.0,microsoft,,,,,0.0,cpe:2.3:a:microsoft:*:*:*:*:*:*:*:*:*,True,,M3,Other candidates,0.0,,,fast,,0,,1779,697,11
tricentis tosca 8.1.1,microsoft,,,,,0.0,cpe:2.3:a:microsoft:*:*:*:*:*:*:*:*:*,True,,M3,Other candidates,0.0,,,fast,,0,,1795,707,11
presstigers simple job board 2.9.5 for wordpress,microsoft,,,,,0.0,cpe:2.3:a:microsoft:*:*:*:*:*:*:*:*:*,True,,M3,Other candidates,0.0,,,fast,,0,,1460,712,11
posimyth innovations the plus addons for elementor 1.3.0 pro edition for wordpress,microsoft,,,,,0.0,cpe:2.3:a:microsoft:*:*:*:*:*:*:*:*:*,True,,M3,Other candidates,0.0,,,fast,,0,,1767,742,11
getgrav grav-plugin-admin 1.8.10,microsoft,,,,node.js,0.0,cpe:2.3:a:microsoft:*:*:*:*:*:*:node.js:*:*,True,,M3,Other candidates,0.0,,,fast,,0,,1961,702,12
intel mwmi 9.3.0,microsoft,,,beta,,0.0,cpe:2.3:a:microsoft:*:*:beta:*:*:*:*:*:*,True,,M3,Other candidates,0.0,,,fast,,0,,1939,687,11
pediapress mwlib 0.9.10,microsoft,,,,,0.0,cpe:2.3:a:microsoft:*:*:*:*:*:*:*:*:*,True,,M3,Other candidates,0.0,,,fast,,0,,1717,702,11
pryopus memtester 4.0.1,microsoft,,,,,0.0,cpe:2.3:a:microsoft:*:*:*:*:*:*:*:*:*,True,,M3,Other candidates,0.0,,,fast,,0,,1783,697,11
ifw8 fr5-e firmware 4.31,,,,,,0.0,,False,,,,0.0,,no vendor/product extracted,fast,,0,,1452,702,10
wpshopstyling wp ecommerce shop styling plugin for wordpress (wp-ecommerce-shop-styling) 1.2,microsoft,,,,,0.0,cpe:2.3:a:microsoft:*:*:*:*:*:*:*:*:*,True,,M3,Other candidates,0.0,,,fast,,0,,1769,762,11
moxa oncell g3470a-lte-eu firmware 1.6,,,,,,0.0,,False,,,,0.0,,no vendor/product extracted,fast,,0,,1982,742,10
yamaha rt80i 2.02.40,,,,,,0.0,,False,,,,0.0,,no vendor/product extracted,fast,,0,,1661,712,10
wems enterprise manager 2.55.8806,microsoft,,,,,0.0,cpe:2.3:a:microsoft:*:*:*:*:*:*:*:*:*,True,,M3,Other candidates,0.0,,,fast,,0,,1960,712,11
hapi inert 2.1.3 for node.js,microsoft,,,,node.js,0.0,cpe:2.3:a:microsoft:*:*:*:*:*:*:node.js:*:*,True,,M3,Other candidates,0.0,,,fast,,0,,1317,702,12
atlassian crucible 1.5.4,microsoft,,,beta,,0.0,cpe:2.3:a:microsoft:*:*:beta:*:*:*:*:*:*,True,,M3,Other candidates,0.0,,,fast,,0,,1529,692,11
kyzer libmspack 1.9,microsoft,,,,,0.0,cpe:2.3:a:microsoft:*:*:*:*:*:*:*:*:*,True,,M3,Other candidates,0.0,,,fast,,0,,1651,687,11
nisuta ns-wir150ne firmware 5.07.41,microsoft,,,,,0.0,cpe:2.3:a:microsoft:*:*:*:*:*:*:*:*:*,True,,M3,Other candidates,0.0,,,fast,,0,,1817,732,11
nintex k2 for sharepoint 4.6.7,microsoft,,,,,0.0,cpe:2.3:a:microsoft:*:*:*:*:*:*:*:*:*,True,,M3,Other candidates,0.0,,,fast,,0,,1619,712,11
the apache software foundation jclouds 2.2.0 release candidate 1,microsoft,,,,,0.0,cpe:2.3:a:microsoft:*:*:*:*:*:*:*:*:*,True,,M3,Other candidates,0.0,,,fast,,0,,1449,727,11
xtermjs xterm.js 3.0.0,microsoft,,,,node.js,0.0,cpe:2.3:a:microsoft:*:*:*:*:*:*:node.js:*:*,True,,M3,Other candidates,0.0,,,fast,,0,,1731,702,12
mobileiron enterprise connector 10.4.0.3,mobileroent enterprise connector,,,,,0.0,cpe:2.3:a:mobileroent_enterprise_connector:*:*:*:*:*:*:*:*:*,True,,M3,Other candidates,0.0,,,fast,,0,,1783,707,15
jupyter oauthenticator 0.7.3,microsoft,,,,,0.0,cpe:2.3:a:microsoft:*:*:*:*:*:*:*:*:*,True,,M3,Other candidates,0.0,,,fast,,0,,1369,692,11
ionic identity vault 5.0.3,microsoft,,,,,0.0,cpe:2.3:a:microsoft:*:*:*:*:*:*:*:*:*,True,,M3,Other candidates,0.0,,,fast,,0,,1726,687,11
nextcloud group folders 4.1.0,microsoft,,,,,0.0,cpe:2.3:a:microsoft:*:*:*:*:*:*:*:*:*,True,,M3,Other candidates,0.0,,,fast,,0,,1624,692,11
vmware cloud foundation 2.1.3a,microsoft,,,,,0.0,cpe:2.3:a:microsoft:*:*:*:*:*:*:*:*:*,True,,M3,Other candidates,0.0,,,fast,,0,,1515,697,11
digium asterisk 13.17.1,microsoft,,,beta,,0.0,cpe:2.3:a:microsoft:*:*:beta:*:*:*:*:*:*,True,,M3,Other candidates,0.0,,,fast,,0,,1784,702,11
12net login rebuilder (login_rebuilder) for wordpress 1.2.1,microsoft,,,,,0.0,cpe:2.3:a:microsoft:*:*:*:*:*:*:*:*:*,True,,M3,Other candidates,0.0,,,fast,,0,,1759,737,11
support-project knowledge 0.5.1 pre 2,microsoft,,,,,0.0,cpe:2.3:a:microsoft:*:*:*:*:*:*:*:*:*,True,,M3,Other candidates,0.0,,,fast,,0,,1745,702,11
aki-null yorufukurou (nightowl) 2.10,,,,,,0.0,,False,,,,0.0,,no vendor/product extracted,fast,,0,,1775,727,10
intel intel express 550t firmware 2.63,microsoft,,,,,0.0,cpe:2.3:a:microsoft:*:*:*:*:*:*:*:*:*,True,,M3,Other candidates,0.0,,,fast,,0,,1194,712,11
tuxfamily chrony 1.19.99.1,microsoft,,,,,0.0,cpe:2.3:a:microsoft:*:*:*:*:*:*:*:*:*,True,,M3,Other candidates,0.0,,,fast,,0,,1669,717,11
nystudio107 seomatic 3.1.2 for craft cms,microsoft,,,,,0.0,cpe:2.3:a:microsoft:*:*:*:*:*:*:*:*:*,True,,M3,Other candidates,0.0,,,fast,,0,,1793,727,11
wedevs happy addons for elementor 2.13.3 for wordpress,microsoft,,,,,0.0,cpe:2.3:a:microsoft:*:*:*:*:*:*:*:*:*,True,,M3,Other candidates,0.0,,,fast,,0,,1550,727,11
prismjs previewers 1.8.4 for prismjs,microsoft,,,,node.js,0.0,cpe:2.3:a:microsoft:*:*:*:*:*:*:node.js:*:*,True,,M3,Other candidates,0.0,,,fast,,0,,1456,712,12
hms-networks ecatcher 4.0.0,microsoft,,,,,0.0,cpe:2.3:a:microsoft:*:*:*:*:*:*:*:*:*,True,,M3,Other candidates,0.0,,,fast,,0,,1708,707,11
gigamon gigavue 5.4.04,microsoft,,,,,0.0,cpe:2.3:a:microsoft:*:*:*:*:*:*:*:*:*,True,,M3,Other candidates,0.0,,,fast,,0,,2060,707,11
hakobaito branca 0.9.0 for rust,microsoft,,,,,0.0,cpe:2.3:a:microsoft:*:*:*:*:*:*:*:*:*,True,,M3,Other candidates,0.0,,,fast,,0,,1460,717,11
pediapress mwlib 0.9.8,microsoft,,,,,0.0,cpe:2.3:a:microsoft:*:*:*:*:*:*:*:*:*,True,,M3,Other candidates,0.0,,,fast,,0,,1670,697,11
dlitz pycrypto 2.1.0,microsoft,,,,,0.0,cpe:2.3:a:microsoft:*:*:*:*:*:*:*:*:*,True,,M3,Other candidates,0.0,,,fast,,0,,1721,697,11
gchq stroom 6.0 beta 11,microsoft,,,beta,node.js,0.0,cpe:2.3:a:microsoft:*:*:beta:*:*:*:node.js:*:*,True,,M3,Other candidates,0.0,,,fast,,0,,1807,707,12
metagauss registrationmagic 4.6.1.2 for wordpress,mets,,,,,0.0,cpe:2.3:a:mets:*:*:*:*:*:*:*:*:*,True,,M3,Other candidates,0.0,,,fast,,0,,1475,717,11
horms perdition 0.1.0,microsoft,,,beta,,0.0,cpe:2.3:a:microsoft:*:*:beta:*:*:*:*:*:*,True,,M3,Other candidates,0.0,,,fast,,0,,1780,697,11
webtorrent bittorrent-dht 2.3.1 for node.js,microsoft,,,,node.js,0.0,cpe:2.3:a:microsoft:*:*:*:*:*:*:node.js:*:*,True,,M3,Other candidates,0.0,,,fast,,0,,1777,722,12
sophos web appliance 4.0.4.2,microsoft,,,,,0.0,cpe:2.3:a:microsoft:*:*:*:*:*:*:*:*:*,True,,M3,Other candidates,0.0,,,fast,,0,,1219,707,11
bandisoft ark library 2.0,microsoft,,,,,0.0,cpe:2.3:a:microsoft:*:*:*:*:*:*:*:*:*,True,,M3,Other candidates,0.0,,,fast,,0,,1690,682,11
netgen tags bundle 2.1.1,microsoft,,,,,0.0,cpe:2.3:a:microsoft:*:*:*:*:*:*:*:*:*,True,,M3,Other candidates,0.0,,,fast,,0,,1745,692,11
fortinet fortiwlc 8.0.6,microsoft,,,,,0.0,cpe:2.3:a:microsoft:*:*:*:*:*:*:*:*:*,True,,M3,Other candidates,0.0,,,fast,,0,,1704,702,11
smartbear soapui 5.2,microsoft,,,,,0.0,cpe:2.3:a:microsoft:*:*:*:*:*:*:*:*:*,True,,M3,Other candidates,0.0,,,fast,,0,,1484,682,11
eclipse jgit 4.9.6,microsoft,,,,,0.0,cpe:2.3:a:microsoft:*:*:*:*:*:*:*:*:*,True,,M3,Other candidates,0.0,,,fast,,0,,1726,692,11
teamlead pdf-light-viewer 1.3.23 for wordpress,microsoft,,,,,0.0,cpe:2.3:a:microsoft:*:*:*:*:*:*:*:*:*,True,,M3,Other candidates,0.0,,,fast,,0,,1787,717,11
x.org x server 1.14.3,microsoft,,,,,0.0,cpe:2.3:a:microsoft:*:*:*:*:*:*:*:*:*,True,,M3,Other candidates,0.0,,,fast,,0,,1826,697,11
boldgrid w3 total cache 0.9.2.8 for wordpress,microsoft,,,,,0.0,cpe:2.3:a:microsoft:*:*:*:*:*:*:*:*:*,True,,M3,Other candidates,0.0,,,fast,,0,,1919,722,11
chartjs chart.js 3.0.0 beta 6 for node.js,microsoft,,,beta,node.js,0.0,cpe:2.3:a:microsoft:*:*:beta:*:*:*:node.js:*:*,True,,M3,Other candidates,0.0,,,fast,,0,,1827,722,12
nextauth.js next-auth 1.8.5 for node.js,microsoft,,,,node.js,0.0,cpe:2.3:a:microsoft:*:*:*:*:*:*:node.js:*:*,True,,M3,Other candidates,0.0,,,fast,,0,,1769,712,12
sysprogs wincdemu 3.6,microsoft,,,,,0.0,cpe:2.3:a:microsoft:*:*:*:*:*:*:*:*:*,True,,M3,Other candidates,0.0,,,fast,,0,,1526,697,11
apperta openeyes 1.7.5,microsoft,,,,,0.0,cpe:2.3:a:microsoft:*:*:*:*:*:*:*:*:*,True,,M3,Other candidates,0.0,,,fast,,0,,1750,692,11
riot.js riot-compiler 3.0.0 for node.js,microsoft,,,beta,node.js,0.0,cpe:2.3:a:microsoft:*:*:beta:*:*:*:node.js:*:*,True,,M3,Other candidates,0.0,,,fast,,0,,1560,712,12
wpkube subscribe to comments reloaded 160106 for wordpress,microsoft,,,,,0.0,cpe:2.3:a:microsoft:*:*:*:*:*:*:*:*:*,True,,M3,Other candidates,0.0,,,fast,,0,,1392,722,11
intel nuc 10 performance mini pc nuc10i5fnhca firmware fncml.0050,,,,,,0.0,,False,,,,0.0,,no vendor/product extracted,fast,,0,,1773,777,10
gecad technologies axigen mail server 3.0.1,microsoft,,,beta,,0.0,cpe:2.3:a:microsoft:*:*:beta:*:*:*:*:*:*,True,,M3,Other candidates,0.0,,,fast,,0,,2145,707,11
cozmoslabs user profile picture 2.1.2 for wordpress,microsoft,,,,,0.0,cpe:2.3:a:microsoft:*:*:*:*:*:*:*:*:*,True,,M3,Other candidates,0.0,,,fast,,0,,1118,717,11
apache software foundation groovy 1.7.7,microsoft,,,,,0.0,cpe:2.3:a:microsoft:*:*:*:*:*:*:*:*:*,True,,M3,Other candidates,0.0,,,fast,,0,,1166,697,11
netsarang xmanager enterprise beta 4.0.165,microsoft,,,beta,,0.0,cpe:2.3:a:microsoft:*:*:beta:*:*:*:*:*:*,True,,M3,Other candidates,0.0,,,fast,,0,,1576,717,11
opennms meridian 2018.1.22-1,microsoft,,,,,0.0,cpe:2.3:a:microsoft:*:*:*:*:*:*:*:*:*,True,,M3,Other candidates,0.0,,,fast,,0,,1815,727,11
zimbra collaboration server 8.7.11 patch 3,microsoft,,,,,0.0,cpe:2.3:a:microsoft:*:*:*:*:*:*:*:*:*,True,,M3,Other candidates,0.0,,,fast,,0,,2003,717,11
divx codec 6.8.4,microsoft,,,,,0.0,cpe:2.3:a:microsoft:*:*:*:*:*:*:*:*:*,True,,M3,Other candidates,0.0,,,fast,,0,,1819,687,11
red5 media server 1.0.10 milestone 1,microsoft,,,,,0.0,cpe:2.3:a:microsoft:*:*:*:*:*:*:*:*:*,True,,M3,Other candidates,0.0,,,fast,,0,,1673,712,11
powerdns authoritative server 4.4.3,microsoft,,,,,0.0,cpe:2.3:a:microsoft:*:*:*:*:*:*:*:*:*,True,,M3,Other candidates,0.0,,,fast,,0,,1381,692,11
teracue enc-400 hdmi firmware 2.56,microsoft,,,,,0.0,cpe:2.3:a:microsoft:*:*:*:*:*:*:*:*:*,True,,M3,Other candidates,0.0,,,fast,,0,,1693,722,11
fujifilm apeosport 3560 firmware 1.60.9,microsoft,,,,,0.0,cpe:2.3:a:microsoft:*:*:*:*:*:*:*:*:*,True,,M3,Other candidates,0.0,,,fast,,0,,1854,742,11
rednao smart forms 2.6.66 for wordpress,microsoft,,,,,0.0,cpe:2.3:a:microsoft:*:*:*:*:*:*:*:*:*,True,,M3,Other candidates,0.0,,,fast,,0,,1921,712,11
sophos unified threat management (utm) 9.508,microsoft,,,,,0.0,cpe:2.3:a:microsoft:*:*:*:*:*:*:*:*:*,True,,M3,Other candidates,0.0,,,fast,,0,,1805,717,11
filecoin lotus 0.9.0 release candidate 2,microsoft,,,,,0.0,cpe:2.3:a:microsoft:*:*:*:*:*:*:*:*:*,True,,M3,Other candidates,0.0,,,fast,,0,,1830,712,11
cisco ucs director express for big data 3.7.0.0,microsoft,,,,,0.0,cpe:2.3:a:microsoft:*:*:*:*:*:*:*:*:*,True,,M3,Other candidates,0.0,,,fast,,0,,1588,727,11
clusterlabs pacemaker 1.1.19 release candidate 1,microsoft,,,,,0.0,cpe:2.3:a:microsoft:*:*:*:*:*:*:*:*:*,True,,M3,Other candidates,0.0,,,fast,,0,,1782,717,11
simple better banking 2.48.5 for android,microsoft,,,,,0.0,cpe:2.3:a:microsoft:*:*:*:*:*:*:*:*:*,True,,M3,Other candidates,0.0,,,fast,,0,,1927,702,11
emerson rx3i cpe100 firmware r9.85,microsoft,,,,,0.0,cpe:2.3:a:microsoft:*:*:*:*:*:*:*:*:*,True,,M3,Other candidates,0.0,,,fast,,0,,1664,722,11
sukimalab online lesson booking 0.7.7 wordpress,microsoft,,,,,0.0,cpe:2.3:a:microsoft:*:*:*:*:*:*:*:*:*,True,,M3,Other candidates,0.0,,,fast,,0,,2005,712,11
juniper junos 17.2 r1-s3,microsoft,,,,,0.0,cpe:2.3:a:microsoft:*:*:*:*:*:*:*:*:*,True,,M3,Other candidates,0.0,,,fast,,0,,1417,707,11
linux acrn 2019w27.3-140000p,microsoft,,,,,0.0,cpe:2.3:a:microsoft:*:*:*:*:*:*:*:*:*,True,,M3,Other candidates,0.0,,,fast,,0,,1679,747,11
yokogawa fcn-500 firmware r3.30,,,,,,0.0,,False,,,,0.0,,no vendor/product extracted,fast,,0,,2066,722,10
readdle spark 2.0.0.170,microsoft,,,,,0.0,cpe:2.3:a:microsoft:*:*:*:*:*:*:*:*:*,True,,M3,Other candidates,0.0,,,fast,,0,,1603,707,11
amentotech workreap 2.2.2 for wordpress,microsoft,,,,,0.0,cpe:2.3:a:microsoft:*:*:*:*:*:*:*:*:*,True,,M3,Other candidates,0.0,,,fast,,0,,1919,707,11
apache software foundation commons compress 1.16,microsoft,,,,,0.0,cpe:2.3:a:microsoft:*:*:*:*:*:*:*:*:*,True,,M3,Other candidates,0.0,,,fast,,0,,1675,692,11
wp-livechat wp live chat support wp live chat support 8.0.09 for wordpress,microsoft,,,,,0.0,cpe:2.3:a:microsoft:*:*:*:*:*:*:*:*:*,True,,M3,Other candidates,0.0,,,fast,,0,,1410,742,11
themeboy sportspress 2.6.2 for wordpress,microsoft,,,,,0.0,cpe:2.3:a:microsoft:*:*:*:*:*:*:*:*:*,True,,M3,Other candidates,0.0,,,fast,,0,,1800,702,11
openstack cinder 10.0.7,microsoft,,,,,0.0,cpe:2.3:a:microsoft:*:*:*:*:*:*:*:*:*,True,,M3,Other candidates,0.0,,,fast,,0,,1823,697,11
bracketspace advanced cron manager 2.1.2 for wordpress,microsoft,,,,,0.0,cpe:2.3:a:microsoft:*:*:*:*:*:*:*:*:*,True,,M3,Other candidates,0.0,,,fast,,0,,1762,712,11
psi electronic logbook 1.1.3,microsoft,,,,,0.0,cpe:2.3:a:microsoft:*:*:*:*:*:*:*:*:*,True,,M3,Other candidates,0.0,,,fast,,0,,1629,692,11
roxio express labeler 3.2.2,microsoft,,,,,0.0,cpe:2.3:a:microsoft:*:*:*:*:*:*:*:*:*,True,,M3,Other candidates,0.0,,,fast,,0,,1910,697,11
std42 elfinder 2.1.13,microsoft,,,,,0.0,cpe:2.3:a:microsoft:*:*:*:*:*:*:*:*:*,True,,M3,Other candidates,0.0,,,fast,,0,,1900,702,11
wpeasycart wp easycart for wordpress 2.1.36,microsoft,,,,,0.0,cpe:2.3:a:microsoft:*:*:*:*:*:*:*:*:*,True,,M3,Other candidates,0.0,,,fast,,0,,1631,732,11
realnetworks realplayer sp 1.1.3,microsoft,,,,,0.0,cpe:2.3:a:microsoft:*:*:*:*:*:*:*:*:*,True,,M3,Other candidates,0.0,,,fast,,0,,1852,702,11
tuxfamily chrony 3.2,microsoft,,,,,0.0,cpe:2.3:a:microsoft:*:*:*:*:*:*:*:*:*,True,,M3,Other candidates,0.0,,,fast,,0,,1907,687,11
liquidware profileunity 5.5.2111,microsoft,,,,,0.0,cpe:2.3:a:microsoft:*:*:*:*:*:*:*:*:*,True,,M3,Other candidates,0.0,,,fast,,0,,1725,707,11
eaton intelligent power protector 1.20,microsoft,,,beta,,0.0,cpe:2.3:a:microsoft:*:*:beta:*:*:*:*:*:*,True,,M3,Other candidates,0.0,,,fast,,0,,1791,692,11
fasterxml jackson-mapper-asl 1.9.2,microsoft,,,,,0.0,cpe:2.3:a:microsoft:*:*:*:*:*:*:*:*:*,True,,M3,Other candidates,0.0,,,fast,,0,,1979,712,11
wisetr user email verification for woocommerce 3.1.10 for wordpress,microsoft,,,,,0.0,cpe:2.3:a:microsoft:*:*:*:*:*:*:*:*:*,True,,M3,Other candidates,0.0,,,fast,,0,,1684,727,11
amazee lagoon 1.13.3,microsoft,,,,,0.0,cpe:2.3:a:microsoft:*:*:*:*:*:*:*:*:*,True,,M3,Other candidates,0.0,,,fast,,0,,1776,702,11
stormshield network security 310 firmware 3.0.0,microsoft,,,,,0.0,cpe:2.3:a:microsoft:*:*:*:*:*:*:*:*:*,True,,M3,Other candidates,0.0,,,fast,,0,,2099,717,11
pediapress mwlib 0.9.2,microsoft,,,,,0.0,cpe:2.3:a:microsoft:*:*:*:*:*:*:*:*:*,True,,M3,Other candidates,0.0,,,fast,,0,,1770,697,11
clever saml2-js 0.2.5,microsoft,,,,,0.0,cpe:2.3:a:microsoft:*:*:*:*:*:*:*:*:*,True,,M3,Other candidates,0.0,,,fast,,0,,1963,702,11
10-strike free photo viewer 1.3,,,,,,0.0,,False,,,,0.0,,no vendor/product extracted,fast,,0,,1530,697,10
get-simple getsimple cms 3.3.5,microsoft,,,,,0.0,cpe:2.3:a:microsoft:*:*:*:*:*:*:*:*:*,True,,M3,Other candidates,0.0,,,fast,,0,,1746,697,11
apereo phpcas 0.4.16,microsoft,,,,,0.0,cpe:2.3:a:microsoft:*:*:*:*:*:*:*:*:*,True,,M3,Other candidates,0.0,,,fast,,0,,1856,702,11
opensuse libzypp 5.30.23,microsoft,,,,,0.0,cpe:2.3:a:microsoft:*:*:*:*:*:*:*:*:*,True,,M3,Other candidates,0.0,,,fast,,0,,1481,707,11
jenkins play framework 1.0.1 for jenkins,microsoft,,,,,0.0,cpe:2.3:a:microsoft:*:*:*:*:*:*:*:*:*,True,,M3,Other candidates,0.0,,,fast,,0,,1830,707,11
vmware tools 10.0.8,microsoft,,,,,0.0,cpe:2.3:a:microsoft:*:*:*:*:*:*:*:*:*,True,,M3,Other candidates,0.0,,,fast,,0,,1602,692,11
in2code powermail 3.1.1 for typo3,microsoft,femanager,,,typo3,0.0,cpe:2.3:a:microsoft:femanager:*:*:*:*:*:typo3:*:*,True,,M3,Other candidates,0.0,,,fast,,0,,1555,712,15
horde kronolith h4 3.0.6,microsoft,,,,,0.0,cpe:2.3:a:microsoft:*:*:*:*:*:*:*:*:*,True,,M3,Other candidates,0.0,,,fast,,0,,1831,702,11
gnome glib-networking 2.35.9,microsoft,,,,,0.0,cpe:2.3:a:microsoft:*:*:*:*:*:*:*:*:*,True,,M3,Other candidates,0.0,,,fast,,0,,1867,707,11
liferay digital experience platform (dxp) 7.0 fix pack 45,microsoft,,,,,0.0,cpe:2.3:a:microsoft:*:*:*:*:*:*:*:*:*,True,,M3,Other candidates,0.0,,,fast,,0,,1506,732,11
duraspace dspace 4.8,microsoft,,,,,0.0,cpe:2.3:a:microsoft:*:*:*:*:*:*:*:*:*,True,,M3,Other candidates,0.0,,,fast,,0,,1880,687,11
emc solutions enabler 8.1,microsoft,,,beta,,0.0,cpe:2.3:a:microsoft:*:*:beta:*:*:*:*:*:*,True,,M3,Other candidates,0.0,,,fast,,0,,1564,687,11
soflyy wp all import 3.5.2 for wordpress,microsoft,,,,,0.0,cpe:2.3:a:microsoft:*:*:*:*:*:*:*:*:*,True,,M3,Other candidates,0.0,,,fast,,0,,1387,712,11
ibm marketing operations 8.6.0.5,,,,,,0.0,,False,,,,0.0,,no vendor/product extracted,fast,,0,,1771,702,10
parseplatform parse-server 2.5.3 for node.js,microsoft,,,,node.js,0.0,cpe:2.3:a:microsoft:*:*:*:*:*:*:node.js:*:*,True,,M3,Other candidates,0.0,,,fast,,0,,1974,707,12
marlam mpop 1.2.5,microsoft,,,beta,,0.0,cpe:2.3:a:microsoft:*:*:beta:*:*:*:*:*:*,True,,M3,Other candidates,0.0,,,fast,,0,,1281,692,11
avaya aura system manager 7.1.1.1,microsoft,,,,,0.0,cpe:2.3:a:microsoft:*:*:*:*:*:*:*:*:*,True,,M3,Other candidates,0.0,,,fast,,0,,1477,707,11
laborator neon 2.0,,,,,,0.0,,False,,,,0.0,,no vendor/product extracted,fast,,0,,1805,682,10
vegadesign profiledesign cms 5.9.9.5,microsoft,,,,,0.0,cpe:2.3:a:microsoft:*:*:*:*:*:*:*:*:*,True,,M3,Other candidates,0.0,,,fast,,0,,1808,717,11
coppermine-gallery coppermine photo gallery 1.4.24,microsoft,,,,,0.0,cpe:2.3:a:microsoft:*:*:*:*:*:*:*:*:*,True,,M3,Other candidates,0.0,,,fast,,0,,1434,717,11
google tensorflow 1.2.0,microsoft,,,,,0.0,cpe:2.3:a:microsoft:*:*:*:*:*:*:*:*:*,True,,M3,Other candidates,0.0,,,fast,,0,,1639,682,11
teluu pjsip 1.8.10,microsoft,,,,,0.0,cpe:2.3:a:microsoft:*:*:*:*:*:*:*:*:*,True,,M3,Other candidates,0.0,,,fast,,0,,1690,702,11
axelerant testimonials widget 1.18.1 for wordpress,microsoft,,,,,0.0,cpe:2.3:a:microsoft:*:*:*:*:*:*:*:*:*,True,,M3,Other candidates,0.0,,,fast,,0,,1769,712,11
wp-kama democracy poll 5.3.4 for wordpress,microsoft,,,,,0.0,cpe:2.3:a:microsoft:*:*:*:*:*:*:*:*:*,True,,M3,Other candidates,0.0,,,fast,,0,,1740,707,11
microsoft office visio 2003 service pack 1,,,,,,0.0,,False,,,,0.0,,no vendor/product extracted,fast,,0,,1541,712,10
joombooking jb bus 2.3 for joomla!,microsoft,,,,,0.0,cpe:2.3:a:microsoft:*:*:*:*:*:*:*:*:*,True,,M3,Other candidates,0.0,,,fast,,0,,1793,702,11
softperfect ram disk 3.4.5 for windows,microsoft,,,,,0.0,cpe:2.3:a:microsoft:*:*:*:*:*:*:*:*:*,True,,M3,Other candidates,0.0,,,fast,,0,,1681,702,11
cisco nx-os 3.2,microsoft,,,,,0.0,cpe:2.3:a:microsoft:*:*:*:*:*:*:*:*:*,True,,M3,Other candidates,0.0,,,fast,,0,,1636,682,11
datalust seq 1.6.13,microsoft,,,,,0.0,cpe:2.3:a:microsoft:*:*:*:*:*:*:*:*:*,True,,M3,Other candidates,0.0,,,fast,,0,,1716,692,11
darwin factor 1.8.22 for node.js,microsoft,,,,node.js,0.0,cpe:2.3:a:microsoft:*:*:*:*:*:*:node.js:*:*,True,,M3,Other candidates,0.0,,,fast,,0,,1818,702,12
wp-livechat wp live chat support wp live chat support 5.0.12 for wordpress,microsoft,,,,,0.0,cpe:2.3:a:microsoft:*:*:*:*:*:*:*:*:*,True,,M3,Other candidates,0.0,,,fast,,0,,1777,742,11
aca assuweb 359.3,microsoft,,,,,0.0,cpe:2.3:a:microsoft:*:*:*:*:*:*:*:*:*,True,,M3,Other candidates,0.0,,,fast,,0,,1590,692,11
smartertools smartermail 13.6.5703,microsoft,,,,,0.0,cpe:2.3:a:microsoft:*:*:*:*:*:*:*:*:*,True,,M3,Other candidates,0.0,,,fast,,0,,1397,717,11
dell latitude 5289 firmware 1.18.1,microsoft,,,,,0.0,cpe:2.3:a:microsoft:*:*:*:*:*:*:*:*:*,True,,M3,Other candidates,0.0,,,fast,,0,,1528,722,11
lexmark cs31x firmware lw71.vyl.p230,,,,,,0.0,,False,,,,0.0,,no vendor/product extracted,fast,,0,,1832,722,10
divx converter 6.0.2,microsoft,,,,,0.0,cpe:2.3:a:microsoft:*:*:*:*:*:*:*:*:*,True,,M3,Other candidates,0.0,,,fast,,0,,1954,687,11
msi center 1.0.31.0,microsoft,,,,,0.0,cpe:2.3:a:microsoft:*:*:*:*:*:*:*:*:*,True,,M3,Other candidates,0.0,,,fast,,0,,1097,702,11
hack hfish 0.6.2,microsoft,,,,,0.0,cpe:2.3:a:microsoft:*:*:*:*:*:*:*:*:*,True,,M3,Other candidates,0.0,,,fast,,0,,1186,687,11
k-link k-box 0.19.1,microsoft,,,beta,,0.0,cpe:2.3:a:microsoft:*:*:beta:*:*:*:*:*:*,True,,M3,Other candidates,0.0,,,fast,,0,,1678,697,11
kaonmedia cg2001-un2na firmware 3.0.8,in2code,,,,,0.0,cpe:2.3:a:in2code:*:*:*:*:*:*:*:*:*,True,,M3,Other candidates,0.0,,,fast,,0,,1834,732,12
flexense diskboss 7.9 enterprise edition,microsoft,,,,,0.0,cpe:2.3:a:microsoft:*:*:*:*:*:*:*:*:*,True,,M3,Other candidates,0.0,,,fast,,0,,1347,692,11
openenergymonitor emoncms 9.8.28,microsoft,,,,,0.0,cpe:2.3:a:microsoft:*:*:*:*:*:*:*:*:*,True,,M3,Other candidates,0.0,,,fast,,0,,1563,717,11
coppermine-gallery coppermine photo gallery 1.5.22,microsoft,,,,,0.0,cpe:2.3:a:microsoft:*:*:*:*:*:*:*:*:*,True,,M3,Other candidates,0.0,,,fast,,0,,1865,717,11
wp-property-hive propertyhive 1.4.0 for wordpress,microsoft,,,,,0.0,cpe:2.3:a:microsoft:*:*:*:*:*:*:*:*:*,True,,M3,Other candidates,0.0,,,fast,,0,,1699,712,11
nagios fusion 4.1.0,microsoft,,,,,0.0,cpe:2.3:a:microsoft:*:*:*:*:*:*:*:*:*,True,,M3,Other candidates,0.0,,,fast,,0,,1588,692,11
mendix saml 2.1.3,mendix,,,,,0.0,cpe:2.3:a:mendix:*:*:*:*:*:*:*:*:*,True,,M3,Other candidates,0.0,,,fast,,0,,1750,697,12
bestit amazon pay 9.3.0 for shopware,microsoft,,,,,0.0,cpe:2.3:a:microsoft:*:*:*:*:*:*:*:*:*,True,,M3,Other candidates,0.0,,,fast,,0,,1831,707,11
afsinc metalcasting newsstand (aka air.com.yudu.readerair3017071) for android 3.12.0,,,,,,0.0,,False,,,,0.0,,no vendor/product extracted,fast,,0,,1752,797,10
duraspace dspace 1.4.2,microsoft,,,,,0.0,cpe:2.3:a:microsoft:*:*:*:*:*:*:*:*:*,True,,M3,Other candidates,0.0,,,fast,,0,,1742,697,11
razer chroma sdk 1.8.8,microsoft,,,beta,,0.0,cpe:2.3:a:microsoft:*:*:beta:*:*:*:*:*:*,True,,M3,Other candidates,0.0,,,fast,,0,,1762,697,11
microsoft nugetgallery 2018.11.05,microsoft,,,,,0.0,cpe:2.3:a:microsoft:*:*:*:*:*:*:*:*:*,True,,M3,Other candidates,0.0,,,fast,,0,,1562,722,11
msi dragon center 2.3.1808.2701,microsoft,,,,,0.0,cpe:2.3:a:microsoft:*:*:*:*:*:*:*:*:*,True,,M3,Other candidates,0.0,,,fast,,0,,1549,732,11
sensiolabs symfony 4.1.0 -,microsoft,,,,,0.0,cpe:2.3:a:microsoft:*:*:*:*:*:*:*:*:*,True,,M3,Other candidates,0.0,,,fast,,0,,1781,707,11
openthread wpantund 2021-07-02,microsoft,,,,,0.0,cpe:2.3:a:microsoft:*:*:*:*:*:*:*:*:*,True,,M3,Other candidates,0.0,,,fast,,0,,1962,727,11
nazgul nostromo nhttpd 1.9.6,microsoft,,,,,0.0,cpe:2.3:a:microsoft:*:*:*:*:*:*:*:*:*,True,,M3,Other candidates,0.0,,,fast,,0,,1417,712,11
opensuse libzypp 17.21.0,microsoft,,,,,0.0,cpe:2.3:a:microsoft:*:*:*:*:*:*:*:*:*,True,,M3,Other candidates,0.0,,,fast,,0,,1653,707,11
magazine3 amp for wp 0.9.64 for wordpress,magniz3,,,,,0.0,cpe:2.3:a:magniz3:*:*:*:*:*:*:*:*:*,True,,M3,Other candidates,0.0,,,fast,,0,,1746,717,13
tonec internet download manager 6.21,microsoft,,,,,0.0,cpe:2.3:a:microsoft:*:*:*:*:*:*:*:*:*,True,,M3,Other candidates,0.0,,,fast,,0,,1784,692,11
courtbouillon cairosvg 1.0.18,microsoft,,,,,0.0,cpe:2.3:a:microsoft:*:*:*:*:*:*:*:*:*,True,,M3,Other candidates,0.0,,,fast,,0,,1674,707,11
virustotal yara 3.7.0,microsoft,,,,node.js,0.0,cpe:2.3:a:microsoft:*:*:*:*:*:*:node.js:*:*,True,,M3,Other candidates,0.0,,,fast,,0,,1667,697,12
broadcom ca workload automation ae 11.0,microsoft,,,beta,,0.0,cpe:2.3:a:microsoft:*:*:beta:*:*:*:*:*:*,True,,M3,Other candidates,0.0,,,fast,,0,,1807,702,11
themesgrove all-in-one addons for elementor 1.5.3 for wordpress,microsoft,,,,,0.0,cpe:2.3:a:microsoft:*:*:*:*:*:*:*:*:*,True,,M3,Other candidates,0.0,,,fast,,0,,1510,732,11
colorlib fancybox 3.3.2 wordpress,microsoft,,,,,0.0,cpe:2.3:a:microsoft:*:*:*:*:*:*:*:*:*,True,,M3,Other candidates,0.0,,,fast,,0,,1838,697,11
memcachier memjs 0.5.0 for node.js,mempcache,,,,node.js,0.0,cpe:2.3:a:mempcache:*:*:*:*:*:*:node.js:*:*,True,,M3,Other candidates,0.0,,,fast,,0,,1816,717,13
ibenic simple giveaways 2.1 for wordpress,microsoft,,,,,0.0,cpe:2.3:a:microsoft:*:*:*:*:*:*:*:*:*,True,,M3,Other candidates,0.0,,,fast,,0,,1768,692,11
expressjs method-override 2.0.1 for node.js,microsoft,,,,node.js,0.0,cpe:2.3:a:microsoft:*:*:*:*:*:*:node.js:*:*,True,,M3,Other candidates,0.0,,,fast,,0,,1379,712,12
danielb finder module for drupal 6.x-1.0-alpha4,microsoft,,,,,0.0,cpe:2.3:a:microsoft:*:*:*:*:*:*:*:*:*,True,,M3,Other candidates,0.0,,,fast,,0,,1662,727,11
fastvelocity minify 2.6.5 for wordpress,microsoft,,,,,0.0,cpe:2.3:a:microsoft:*:*:*:*:*:*:*:*:*,True,,M3,Other candidates,0.0,,,fast,,0,,1920,702,11
openzeppelin contracts 3.0.0 release candidate 1 for node.js,microsoft,,,,node.js,0.0,cpe:2.3:a:microsoft:*:*:*:*:*:*:node.js:*:*,True,,M3,Other candidates,0.0,,,fast,,0,,1393,727,12
cisco smart software manager on-prem 5.1.0,in2code,,,,,0.0,cpe:2.3:a:in2code:*:*:*:*:*:*:*:*:*,True,,M3,Other candidates,0.0,,,fast,,0,,1621,712,12
freepbx contactmanager 14.0.5.8 for freepbx,microsoft,,,,,0.0,cpe:2.3:a:microsoft:*:*:*:*:*:*:*:*:*,True,,M3,Other candidates,0.0,,,fast,,0,,1712,732,11
mortbay jetty 4.2.14,mortbay,,,beta,,0.0,cpe:2.3:a:mortbay:*:*:beta:*:*:*:*:*:*,True,,M3,Other candidates,0.0,,,fast,,0,,1866,697,12
cgal computational geometry algorithms library 2.0,microsoft,,,,,0.0,cpe:2.3:a:microsoft:*:*:*:*:*:*:*:*:*,True,,M3,Other candidates,0.0,,,fast,,0,,1848,692,11
mit kerberos 5 1.12,microsoft,,,beta,,0.0,cpe:2.3:a:microsoft:*:*:beta:*:*:*:*:*:*,True,,M3,Other candidates,0.0,,,fast,,0,,1631,692,11
debian advanced package tool 0.7.22.1,microsoft,,,,,0.0,cpe:2.3:a:microsoft:*:*:*:*:*:*:*:*:*,True,,M3,Other candidates,0.0,,,fast,,0,,1310,707,11
microsoft visual studio code 2021.3.680753044 for python,microsoft,,,,,0.0,cpe:2.3:a:microsoft:*:*:*:*:*:*:*:*:*,True,,M3,Other candidates,0.0,,,fast,,0,,1651,762,11
weblizar admin custom login 2.9.1 for wordpress,microsoft,,,,,0.0,cpe:2.3:a:microsoft:*:*:*:*:*:*:*:*:*,True,,M3,Other candidates,0.0,,,fast,,0,,2021,712,11
mossle lemon 1.6.1,,,,,,0.0,,False,,,,0.0,,no vendor/product extracted,fast,,0,,1713,692,10
mikrotik routeros 6.44 beta28 testing edition,,,,beta,,0.0,,False,,,,0.0,,no vendor/product extracted,fast,,0,,1523,722,10
temenos cwx 8.9,microsoft,,,,,0.0,cpe:2.3:a:microsoft:*:*:*:*:*:*:*:*:*,True,,M3,Other candidates,0.0,,,fast,,0,,1786,682,11
apple itunes 5.0 windows,microsoft,,,,,0.0,cpe:2.3:a:microsoft:*:*:*:*:*:*:*:*:*,True,,M3,Other candidates,0.0,,,fast,,0,,1850,682,11
atlassian confluence data center 7.11.6,microsoft,,,,,0.0,cpe:2.3:a:microsoft:*:*:*:*:*:*:*:*:*,True,,M3,Other candidates,0.0,,,fast,,0,,1537,707,11
svendecabooter webform validation (webform_validation) module for drupal 7.x-1.0 release candidate 1,microsoft,,,,,0.0,cpe:2.3:a:microsoft:*:*:*:*:*:*:*:*:*,True,,M3,Other candidates,0.0,,,fast,,0,,1791,782,11
nervos foundation ckb (the common knowledge base) 0.21.0 release candidate 2 for rust,microsoft,,,,,0.0,cpe:2.3:a:microsoft:*:*:*:*:*:*:*:*:*,True,,M3,Other candidates,0.0,,,fast,,0,,2114,767,11
ticket-system wordpress advanced ticket system 1.0.40 for wordpress,microsoft,,,,,0.0,cpe:2.3:a:microsoft:*:*:*:*:*:*:*:*:*,True,,M3,Other candidates,0.0,,,fast,,0,,1390,717,11
netflix priam 3.1.94,microsoft,,,,,0.0,cpe:2.3:a:microsoft:*:*:*:*:*:*:*:*:*,True,,M3,Other candidates,0.0,,,fast,,0,,1578,697,11
magzter macau business (aka com.magzter.macaubusiness) for android 3.0,magnazte,,,,,0.0,cpe:2.3:a:magnazte:*:*:*:*:*:*:*:*:*,True,,M3,Other candidates,0.0,,,fast,,0,,1695,757,13
miwisoft mijosearch 1.3.1 for joomla!,mijosearch,,,,,0.0,cpe:2.3:a:mijosearch:*:*:*:*:*:*:*:*:*,True,,M3,Other candidates,0.0,,,fast,,0,,1860,717,13
port389 389-ds-base (389 directory server) 1.2.1,microsoft,,,,,0.0,cpe:2.3:a:microsoft:*:*:*:*:*:*:*:*:*,True,,M3,Other candidates,0.0,,,fast,,0,,2005,762,11
jcraft jsch 0.0.4,microsoft,,,,,0.0,cpe:2.3:a:microsoft:*:*:*:*:*:*:*:*:*,True,,M3,Other candidates,0.0,,,fast,,0,,1560,692,11
xakuro xo security 2.1.0,microsoft,,,,,0.0,cpe:2.3:a:microsoft:*:*:*:*:*:*:*:*:*,True,,M3,Other candidates,0.0,,,fast,,0,,1746,697,11
freedesktop gst-plugins-bad 1.0.2,microsoft,,,,,0.0,cpe:2.3:a:microsoft:*:*:*:*:*:*:*:*:*,True,,M3,Other candidates,0.0,,,fast,,0,,1852,707,11
auth0 lock 10.10.2,microsoft,,,,,0.0,cpe:2.3:a:microsoft:*:*:*:*:*:*:*:*:*,True,,M3,Other candidates,0.0,,,fast,,0,,1613,697,11
collabora online 4.2.8,microsoft,,,,,0.0,cpe:2.3:a:microsoft:*:*:*:*:*:*:*:*:*,True,,M3,Other candidates,0.0,,,fast,,0,,1580,692,11
atlassian confluence data center 6.11.2,microsoft,,,,,0.0,cpe:2.3:a:microsoft:*:*:*:*:*:*:*:*:*,True,,M3,Other candidates,0.0,,,fast,,0,,1790,707,11
thimpress learnpress 2.1.8 for wordpress,microsoft,,,,,0.0,cpe:2.3:a:microsoft:*:*:*:*:*:*:*:*:*,True,,M3,Other candidates,0.0,,,fast,,0,,1804,707,11
boltbrowser bolt browser 1.4 for iphone os,microsoft,,,,,0.0,cpe:2.3:a:microsoft:*:*:*:*:*:*:*:*:*,True,,M3,Other candidates,0.0,,,fast,,0,,1798,697,11
cherokee-project cherokee web server 1.0.15,microsoft,,,,,0.0,cpe:2.3:a:microsoft:*:*:*:*:*:*:*:*:*,True,,M3,Other candidates,0.0,,,fast,,0,,1653,712,11
interchain cosmos sdk 0.34.8,microsoft,,,,,0.0,cpe:2.3:a:microsoft:*:*:*:*:*:*:*:*:*,True,,M3,Other candidates,0.0,,,fast,,0,,1852,697,11
alpinelinux abuild 1.9,microsoft,,,beta,,0.0,cpe:2.3:a:microsoft:*:*:beta:*:*:*:*:*:*,True,,M3,Other candidates,0.0,,,fast,,0,,1932,692,11
suse linux enterprise server 15 long term service pack support (ltss) edition,microsoft,,,,,0.0,cpe:2.3:a:microsoft:*:*:*:*:*:*:*:*:*,True,,M3,Other candidates,0.0,,,fast,,0,,1678,732,11
xiph.org libvorbis 1.3.5,microsoft,,,,,0.0,cpe:2.3:a:microsoft:*:*:*:*:*:*:*:*:*,True,,M3,Other candidates,0.0,,,fast,,0,,1850,707,11
inzeratyzdarma ads free. cz advert (aka cz.inzeratyzdarma.cz) for android 1.4,,,,,,0.0,,False,,,,0.0,,no vendor/product extracted,fast,,0,,1599,782,10
litespeedtech litespeed cache 1.6.2 for wordpress,microsoft,,,,,0.0,cpe:2.3:a:microsoft:*:*:*:*:*:*:*:*:*,True,,M3,Other candidates,0.0,,,fast,,0,,1673,722,11
arm trusted firmware-a (tf-a) 2.3,microsoft,,,beta,,0.0,cpe:2.3:a:microsoft:*:*:beta:*:*:*:*:*:*,True,,M3,Other candidates,0.0,,,fast,,0,,1803,702,11
siemens teamcenter active workspace 5.0,microsoft,,,beta,,0.0,cpe:2.3:a:microsoft:*:*:beta:*:*:*:*:*:*,True,,M3,Other candidates,0.0,,,fast,,0,,1789,692,11
opensuse wicked 0.5.2,microsoft,,,,,0.0,cpe:2.3:a:microsoft:*:*:*:*:*:*:*:*:*,True,,M3,Other candidates,0.0,,,fast,,0,,1484,687,11
apache software foundation portable runtime 0.9.2,microsoft,,,,,0.0,cpe:2.3:a:microsoft:*:*:*:*:*:*:*:*:*,True,,M3,Other candidates,0.0,,,fast,,0,,1703,697,11
openbsd libressl 3.2.2,microsoft,,,,,0.0,cpe:2.3:a:microsoft:*:*:*:*:*:*:*:*:*,True,,M3,Other candidates,0.0,,,fast,,0,,1770,697,11
gnome vala 0.17.6,microsoft,,,,,0.0,cpe:2.3:a:microsoft:*:*:*:*:*:*:*:*:*,True,,M3,Other candidates,0.0,,,fast,,0,,1652,697,11
teluu pjsip 1.10,microsoft,,,,,0.0,cpe:2.3:a:microsoft:*:*:*:*:*:*:*:*:*,True,,M3,Other candidates,0.0,,,fast,,0,,1526,692,11
jkeenan file-path module 2.00 10 for perl,microsoft,,,,,0.0,cpe:2.3:a:microsoft:*:*:*:*:*:*:*:*:*,True,,M3,Other candidates,0.0,,,fast,,0,,1657,722,11
intel atom z z2480,microsoft,,,,,0.0,cpe:2.3:a:microsoft:*:*:*:*:*:*:*:*:*,True,,M3,Other candidates,0.0,,,fast,,0,,1860,682,11
symantec client security 2.0.2,microsoft,,,,,0.0,cpe:2.3:a:microsoft:*:*:*:*:*:*:*:*:*,True,,M3,Other candidates,0.0,,,fast,,0,,1589,697,11
frentix openolat 10.0.0,microsoft,,,,,0.0,cpe:2.3:a:microsoft:*:*:*:*:*:*:*:*:*,True,,M3,Other candidates,0.0,,,fast,,0,,1366,707,11
bitdefender gravityzone 5.1.21.465,microsoft,,,,,0.0,cpe:2.3:a:microsoft:*:*:*:*:*:*:*:*:*,True,,M3,Other candidates,0.0,,,fast,,0,,1607,722,11
netgear jr6150 firmware 2017-01-06,microsoft,,,,,0.0,cpe:2.3:a:microsoft:*:*:*:*:*:*:*:*:*,True,,M3,Other candidates,0.0,,,fast,,0,,1794,737,11
filezilla-project filezilla client 3.28.0,microsoft,,,,,0.0,cpe:2.3:a:microsoft:*:*:*:*:*:*:*:*:*,True,,M3,Other candidates,0.0,,,fast,,0,,1614,707,11
intel core i5 2410m,,,,,,0.0,,False,,,,0.0,,no vendor/product extracted,fast,,0,,1428,692,10
eaton power xpert meter 8000 firmware 13.3.1.11,microsoft,,,,,0.0,cpe:2.3:a:microsoft:*:*:*:*:*:*:*:*:*,True,,M3,Other candidates,0.0,,,fast,,0,,1696,752,11
lockon ec-cube 1.1.0 beta,microsoft,,,beta,,0.0,cpe:2.3:a:microsoft:*:*:beta:*:*:*:*:*:*,True,,M3,Other candidates,0.0,,,fast,,0,,1891,702,11
nimble3 m-vslider 2.1.3 for wordpress,mvp,,,,,0.0,cpe:2.3:a:mvp:*:*:*:*:*:*:*:*:*,True,,M3,Other candidates,0.0,,,fast,,0,,1731,712,11
eclipse business intelligence and reporting tools (birt) 2.5.1,microsoft,,,,,0.0,cpe:2.3:a:microsoft:*:*:*:*:*:*:*:*:*,True,,M3,Other candidates,0.0,,,fast,,0,,1612,727,11
goodiware goodreader 3.12.0 for iphone os,microsoft,,,,,0.0,cpe:2.3:a:microsoft:*:*:*:*:*:*:*:*:*,True,,M3,Other candidates,0.0,,,fast,,0,,1810,717,11
cybozu garoon 3.7 service pack 1,microsoft,,,,,0.0,cpe:2.3:a:microsoft:*:*:*:*:*:*:*:*:*,True,,M3,Other candidates,0.0,,,fast,,0,,1905,707,11
pivotal cloud foundry container runtime (cfcr) 0.15.0,microsoft,,,,node.js,0.0,cpe:2.3:a:microsoft:*:*:*:*:*:*:node.js:*:*,True,,M3,Other candidates,0.0,,,fast,,0,,1573,737,12
gnome gimp toolkit (gtk) 3.24.17,microsoft,,,,,0.0,cpe:2.3:a:microsoft:*:*:*:*:*:*:*:*:*,True,,M3,Other candidates,0.0,,,fast,,0,,1518,722,11
silverstripe mimevalidator 1.0.3,microsoft,,,,,0.0,cpe:2.3:a:microsoft:*:*:*:*:*:*:*:*:*,True,,M3,Other candidates,0.0,,,fast,,0,,1690,692,11
gps-server gps tracking software 2.3,microsoft,,,,,0.0,cpe:2.3:a:microsoft:*:*:*:*:*:*:*:*:*,True,,M3,Other candidates,0.0,,,fast,,0,,1823,687,11
kubiq wp svg images 1.3 for wordpress,microsoft,,,,,0.0,cpe:2.3:a:microsoft:*:*:*:*:*:*:*:*:*,True,,M3,Other candidates,0.0,,,fast,,0,,1577,702,11
devsaran responsive blog theme for drupal 7.x-1.5,microsoft,,,,,0.0,cpe:2.3:a:microsoft:*:*:*:*:*:*:*:*:*,True,,M3,Other candidates,0.0,,,fast,,0,,1757,722,11
pivotal cloud foundry deployment concourse tasks 1.4,microsoft,,,,,0.0,cpe:2.3:a:microsoft:*:*:*:*:*:*:*:*:*,True,,M3,Other candidates,0.0,,,fast,,0,,1910,712,11
posimyth innovations the plus addons for elementor 5.0.5 pro edition for wordpress,microsoft,,,,,0.0,cpe:2.3:a:microsoft:*:*:*:*:*:*:*:*:*,True,,M3,Other candidates,0.0,,,fast,,0,,1897,742,11
kernel iw 4.1,microsoft,,,,,0.0,cpe:2.3:a:microsoft:*:*:*:*:*:*:*:*:*,True,,M3,Other candidates,0.0,,,fast,,0,,1681,672,11
kainelabs youzify 1.0.3 for wordpress,microsoft,,,,,0.0,cpe:2.3:a:microsoft:*:*:*:*:*:*:*:*:*,True,,M3,Other candidates,0.0,,,fast,,0,,1869,717,11
cubettechnologies cloud manager (aka com.ileaf.cloud_manager) for android 1.6,microsoft,,,,,0.0,cpe:2.3:a:microsoft:*:*:*:*:*:*:*:*:*,True,,M3,Other candidates,0.0,,,fast,,0,,1523,752,11
vsourz advanced cf7 db 1.6.1 for wordpress,microsoft,,,,,0.0,cpe:2.3:a:microsoft:*:*:*:*:*:*:*:*:*,True,,M3,Other candidates,0.0,,,fast,,0,,1791,717,11
dwbooster appointment hour booking 1.0.46 for wordpress,microsoft,,,,,0.0,cpe:2.3:a:microsoft:*:*:*:*:*:*:*:*:*,True,,M3,Other candidates,0.0,,,fast,,0,,1727,717,11
webtechstreet elementor addon elements 1.7.1 for wordpress,microsoft,,,,,0.0,cpe:2.3:a:microsoft:*:*:*:*:*:*:*:*:*,True,,M3,Other candidates,0.0,,,fast,,0,,1565,717,11
bracketspace notification 2.3 for wordpress,microsoft,,,,,0.0,cpe:2.3:a:microsoft:*:*:*:*:*:*:*:*:*,True,,M3,Other candidates,0.0,,,fast,,0,,1940,692,11
machothemes modula image gallery 2.0.9 for wordpress,machothemes,,,,,0.0,cpe:2.3:a:machothemes:*:*:*:*:*:*:*:*:*,True,,M3,Other candidates,0.0,,,fast,,0,,1580,717,13
linux4sam at91bootstrap 3.9.0 release candidate 1,microsoft,,,,,0.0,cpe:2.3:a:microsoft:*:*:*:*:*:*:*:*:*,True,,M3,Other candidates,0.0,,,fast,,0,,1800,727,11
thoughtworks gocd 17.5.0,microsoft,,,beta,node.js,0.0,cpe:2.3:a:microsoft:*:*:beta:*:*:*:node.js:*:*,True,,M3,Other candidates,0.0,,,fast,,0,,1635,702,12
cimatti contact forms 1.3.1 for wordpress,microsoft,,,,,0.0,cpe:2.3:a:microsoft:*:*:*:*:*:*:*:*:*,True,,M3,Other candidates,0.0,,,fast,,0,,1493,707,11
tibco patterns - search 5.3.0,microsoft,,,,,0.0,cpe:2.3:a:microsoft:*:*:*:*:*:*:*:*:*,True,,M3,Other candidates,0.0,,,fast,,0,,1725,702,11
beardev joomsport 1.3.1 wordpress,microsoft,,,,,0.0,cpe:2.3:a:microsoft:*:*:*:*:*:*:*:*:*,True,,M3,Other candidates,0.0,,,fast,,0,,1942,702,11
thoughtbot paperclip 3.2.1 for ruby,microsoft,,,,node.js,0.0,cpe:2.3:a:microsoft:*:*:*:*:*:*:node.js:*:*,True,,M3,Other candidates,0.0,,,fast,,0,,1774,702,12
ubuntu python-apt 1.6.0 release candidate 1,microsoft,,,,,0.0,cpe:2.3:a:microsoft:*:*:*:*:*:*:*:*:*,True,,M3,Other candidates,0.0,,,fast,,0,,1445,712,11
ascensia contour diabetes 1.2.44 for android,microsoft,,,,,0.0,cpe:2.3:a:microsoft:*:*:*:*:*:*:*:*:*,True,,M3,Other candidates,0.0,,,fast,,0,,1856,712,11
boopsie deschutes public mobilelibrary (aka com.bredir.boopsie.deschutes) for android 4.5.110,microsoft,,,,,0.0,cpe:2.3:a:microsoft:*:*:*:*:*:*:*:*:*,True,,M3,Other candidates,0.0,,,fast,,0,,1686,802,11
intel compute module hns2600bp firmware 00.01.0004,microsoft,,,,,0.0,cpe:2.3:a:microsoft:*:*:*:*:*:*:*:*:*,True,,M3,Other candidates,0.0,,,fast,,0,,1760,752,11
kitfox svg salamander 0.1.22,microsoft,,,,,0.0,cpe:2.3:a:microsoft:*:*:*:*:*:*:*:*:*,True,,M3,Other candidates,0.0,,,fast,,0,,1978,707,11
almico speedfan 4.20,microsoft,,,,,0.0,cpe:2.3:a:microsoft:*:*:*:*:*:*:*:*:*,True,,M3,Other candidates,0.0,,,fast,,0,,1398,687,11
wpbrigade simple social buttons 2.0.6 for wordpress,microsoft,,,,,0.0,cpe:2.3:a:microsoft:*:*:*:*:*:*:*:*:*,True,,M3,Other candidates,0.0,,,fast,,0,,1550,712,11
cyberlink powerdvd 2.55,microsoft,,,,,0.0,cpe:2.3:a:microsoft:*:*:*:*:*:*:*:*:*,True,,M3,Other candidates,0.0,,,fast,,0,,1819,697,11
dell vostro 3268 firmware 1.11.1,,,,,,0.0,,False,,,,0.0,,no vendor/product extracted,fast,,0,,1735,732,10
dialogic brooktrout system software 5.1.3,microsoft,,,,,0.0,cpe:2.3:a:microsoft:*:*:*:*:*:*:*:*:*,True,,M3,Other candidates,0.0,,,fast,,0,,1666,712,11
jetbrains kotlin 1.4.0 dev 2532,microsoft,,,,,0.0,cpe:2.3:a:microsoft:*:*:*:*:*:*:*:*:*,True,,M3,Other candidates,0.0,,,fast,,0,,1779,717,11
azul zulu 7.44 (7 update 292),microsoft,,,,,0.0,cpe:2.3:a:microsoft:*:*:*:*:*:*:*:*:*,True,,M3,Other candidates,0.0,,,fast,,0,,1900,722,11
ewww image optimizer 4.6.2 for wordpress,microsoft,,,,,0.0,cpe:2.3:a:microsoft:*:*:*:*:*:*:*:*:*,True,,M3,Other candidates,0.0,,,fast,,0,,1382,702,11
spinnaker orca 0.279,microsoft,,,beta,,0.0,cpe:2.3:a:microsoft:*:*:beta:*:*:*:*:*:*,True,,M3,Other candidates,0.0,,,fast,,0,,1503,697,11
vovsoft text edit plus 5.5,microsoft,,,,,0.0,cpe:2.3:a:microsoft:*:*:*:*:*:*:*:*:*,True,,M3,Other candidates,0.0,,,fast,,0,,1730,692,11
apache software foundation kafka 0.9.0.0,microsoft,,,,,0.0,cpe:2.3:a:microsoft:*:*:*:*:*:*:*:*:*,True,,M3,Other candidates,0.0,,,fast,,0,,1549,702,11
nongnu libntlm 1.2,microsoft,,,,,0.0,cpe:2.3:a:microsoft:*:*:*:*:*:*:*:*:*,True,,M3,Other candidates,0.0,,,fast,,0,,1374,692,11
sos-berlin jobscheduler 1.12.5,microsoft,,,,,0.0,cpe:2.3:a:microsoft:*:*:*:*:*:*:*:*:*,True,,M3,Other candidates,0.0,,,fast,,0,,1766,712,11
bo-blog bw 1.0.7-r,microsoft,,,beta,,0.0,cpe:2.3:a:microsoft:*:*:beta:*:*:*:*:*:*,True,,M3,Other candidates,0.0,,,fast,,0,,1826,692,11
hoytech antiweb 3.7.2,microsoft,,,,,0.0,cpe:2.3:a:microsoft:*:*:*:*:*:*:*:*:*,True,,M3,Other candidates,0.0,,,fast,,0,,1313,697,11
gaku tablacus explorer 20.10.28,microsoft,,,,,0.0,cpe:2.3:a:microsoft:*:*:*:*:*:*:*:*:*,True,,M3,Other candidates,0.0,,,fast,,0,,1572,717,11
wpkube subscribe to comments reloaded 180212 for wordpress,microsoft,,,,,0.0,cpe:2.3:a:microsoft:*:*:*:*:*:*:*:*:*,True,,M3,Other candidates,0.0,,,fast,,0,,1757,722,11
verizon vzaccess manager 3.1.4,microsoft,,,beta,,0.0,cpe:2.3:a:microsoft:*:*:beta:*:*:*:*:*:*,True,,M3,Other candidates,0.0,,,fast,,0,,1686,697,11
kiri tween 1.6.5.0,microsoft,,,,,0.0,cpe:2.3:a:microsoft:*:*:*:*:*:*:*:*:*,True,,M3,Other candidates,0.0,,,fast,,0,,1473,697,11
goodiware goodreader 1.1 for iphone os,microsoft,,,,,0.0,cpe:2.3:a:microsoft:*:*:*:*:*:*:*:*:*,True,,M3,Other candidates,0.0,,,fast,,0,,1749,702,11
opensuse sysconfig 0.70.3,microsoft,,,,,0.0,cpe:2.3:a:microsoft:*:*:*:*:*:*:*:*:*,True,,M3,Other candidates,0.0,,,fast,,0,,1832,697,11
titanhq webtitan cloud 4.08,microsoft,,,,,0.0,cpe:2.3:a:microsoft:*:*:*:*:*:*:*:*:*,True,,M3,Other candidates,0.0,,,fast,,0,,1841,702,11
status301 coolclock 0.1 for wordpress,microsoft,,,,,0.0,cpe:2.3:a:microsoft:*:*:*:*:*:*:*:*:*,True,,M3,Other candidates,0.0,,,fast,,0,,1862,702,11
2bits currency 5.x-1.1 beta 1 for drupal,microsoft,,,beta,,0.0,cpe:2.3:a:microsoft:*:*:beta:*:*:*:*:*:*,True,,M3,Other candidates,0.0,,,fast,,0,,1389,722,11
gdata-software total security 2019-02-22,microsoft,,,,,0.0,cpe:2.3:a:microsoft:*:*:*:*:*:*:*:*:*,True,,M3,Other candidates,0.0,,,fast,,0,,1621,727,11
digitalzoomstudio zoomsounds 2.46 for wordpress,microsoft,,,,,0.0,cpe:2.3:a:microsoft:*:*:*:*:*:*:*:*:*,True,,M3,Other candidates,0.0,,,fast,,0,,1786,702,11
reputeinfosystems repute arforms 3.5.1 for wordpress,microsoft,,,,,0.0,cpe:2.3:a:microsoft:*:*:*:*:*:*:*:*:*,True,,M3,Other candidates,0.0,,,fast,,0,,1642,722,11
mongodb ops manager 4.4.13,m mongodb,,,,,0.0,cpe:2.3:a:m_mongodb:*:*:*:*:*:*:*:*:*,True,,M3,Other candidates,0.0,,,fast,,0,,1542,692,11
cubecoders amp (application management panel) 2.1.0,microsoft,,,,,0.0,cpe:2.3:a:microsoft:*:*:*:*:*:*:*:*:*,True,,M3,Other candidates,0.0,,,fast,,0,,1745,722,11
socket engine.io 1.0.0 for node.js,microsoft,,,,node.js,0.0,cpe:2.3:a:microsoft:*:*:*:*:*:*:node.js:*:*,True,,M3,Other candidates,0.0,,,fast,,0,,1622,702,12
microsoft visual studio 2019 16.11.3,microsoft,,,,,0.0,cpe:2.3:a:microsoft:*:*:*:*:*:*:*:*:*,True,,M3,Other candidates,0.0,,,fast,,0,,1464,727,11
trihedral vtscada 11.3.20,microsoft,,,,,0.0,cpe:2.3:a:microsoft:*:*:*:*:*:*:*:*:*,True,,M3,Other candidates,0.0,,,fast,,0,,1927,712,11
comodo antivirus 8.1 for servers,microsoft,,,,,0.0,cpe:2.3:a:microsoft:*:*:*:*:*:*:*:*:*,True,,M3,Other candidates,0.0,,,fast,,0,,1833,687,11
codeblab glass 1.3.1 for wordpress,microsoft,,,,,0.0,cpe:2.3:a:microsoft:*:*:*:*:*:*:*:*:*,True,,M3,Other candidates,0.0,,,fast,,0,,1433,702,11
machothemes strong testimonials 1.16.9 for wordpress,microsoft,,,,,0.0,cpe:2.3:a:microsoft:*:*:*:*:*:*:*:*:*,True,,M3,Other candidates,0.0,,,fast,,0,,1736,712,11
datenstrom yellow 0.7.10,,,,,,0.0,,False,,,,0.0,,no vendor/product extracted,fast,,0,,1707,697,10
auvesy versiondog 8.1.0,microsoft,,,,,0.0,cpe:2.3:a:microsoft:*:*:*:*:*:*:*:*:*,True,,M3,Other candidates,0.0,,,fast,,0,,1379,697,11
symfony twig 3.0.0 beta 1,microsoft,,,beta,,0.0,cpe:2.3:a:microsoft:*:*:beta:*:*:*:*:*:*,True,,M3,Other candidates,0.0,,,fast,,0,,1848,702,11
tinycouch tiny password (com.tinycouch.android.freepassword) application 1.00 for android,microsoft,,,,,0.0,cpe:2.3:a:microsoft:*:*:*:*:*:*:*:*:*,True,,M3,Other candidates,0.0,,,fast,,0,,1877,762,11
openstack python glanceclient 0.10.0,microsoft,,,,node.js,0.0,cpe:2.3:a:microsoft:*:*:*:*:*:*:node.js:*:*,True,,M3,Other candidates,0.0,,,fast,,0,,1687,702,12
fullworks redirect 404 error page to homepage or custom page with logs 1.0.1 wordpress,microsoft,,,,,0.0,cpe:2.3:a:microsoft:*:*:*:*:*:*:*:*:*,True,,M3,Other candidates,0.0,,,fast,,0,,1339,757,11
"courier-mta (double precision, inc) courier mail server 0.78.0",microsoft,,,beta,,0.0,cpe:2.3:a:microsoft:*:*:beta:*:*:*:*:*:*,True,,M3,Other candidates,0.0,,,fast,,0,,1473,742,11
optimocha speed booster pack 4.1.3 for wordpress,microsoft,,,,node.js,0.0,cpe:2.3:a:microsoft:*:*:*:*:*:*:node.js:*:*,True,,M3,Other candidates,0.0,,,fast,,0,,1801,707,12
eterna bozotic http server (aka bozohttpd) 20030626,microsoft,,,,,0.0,cpe:2.3:a:microsoft:*:*:*:*:*:*:*:*:*,True,,M3,Other candidates,0.0,,,fast,,0,,1683,757,11
apperta openeyes 1.17,microsoft,,,,,0.0,cpe:2.3:a:microsoft:*:*:*:*:*:*:*:*:*,True,,M3,Other candidates,0.0,,,fast,,0,,1799,687,11
apereo opencast 1.4 release candidate 5,microsoft,,,beta,,0.0,cpe:2.3:a:microsoft:*:*:beta:*:*:*:*:*:*,True,,M3,Other candidates,0.0,,,fast,,0,,1802,707,11
condusiv diskeeper 2007 server 11.0.703.32,microsoft,,,,,0.0,cpe:2.3:a:microsoft:*:*:*:*:*:*:*:*:*,True,,M3,Other candidates,0.0,,,fast,,0,,1626,757,11
progress moveit transfer 2019.2.1,microsoft,,,,,0.0,cpe:2.3:a:microsoft:*:*:*:*:*:*:*:*:*,True,,M3,Other candidates,0.0,,,fast,,0,,2094,707,11
smartdatasoft smartblog 4.06 for prestashop,microsoft,,,,prestashop,0.0,cpe:2.3:a:microsoft:*:*:*:*:*:*:prestashop:*:*,True,,M3,Other candidates,0.0,,,fast,,0,,1693,712,14
rbsoft autoupdater.net 1.4.6,microsoft,,,,,0.0,cpe:2.3:a:microsoft:*:*:*:*:*:*:*:*:*,True,,M3,Other candidates,0.0,,,fast,,0,,1780,702,11
apache software foundation log4j 1.2.16,microsoft,,,,,0.0,cpe:2.3:a:microsoft:*:*:*:*:*:*:*:*:*,True,,M3,Other candidates,0.0,,,fast,,0,,1834,707,11
meetecho janus 0.10.6,microsoft,,,,,0.0,cpe:2.3:a:microsoft:*:*:*:*:*:*:*:*:*,True,,M3,Other candidates,0.0,,,fast,,0,,1618,697,11
silkypress wp image zoom 1.24 for wordpress,microsoft,,,,,0.0,cpe:2.3:a:microsoft:*:*:*:*:*:*:*:*:*,True,,M3,Other candidates,0.0,,,fast,,0,,1989,707,11
ricoh fusionpro vdp 7.2,microsoft,,,,,0.0,cpe:2.3:a:microsoft:*:*:*:*:*:*:*:*:*,True,,M3,Other candidates,0.0,,,fast,,0,,1437,692,11
coinkite coldcard mk2 firmware 1.0.1,microsoft,,,,,0.0,cpe:2.3:a:microsoft:*:*:*:*:*:*:*:*:*,True,,M3,Other candidates,0.0,,,fast,,0,,1669,712,11
fasterxml jackson-mapper-asl 1.9.11,microsoft,,,,,0.0,cpe:2.3:a:microsoft:*:*:*:*:*:*:*:*:*,True,,M3,Other candidates,0.0,,,fast,,0,,1745,717,11
ibm emptoris spend analysis 10.1.0.16,,,,,,0.0,,False,,,,0.0,,no vendor/product extracted,fast,,0,,1413,722,10
nuxtjs nuxt.js 1.0.0 release candidate 6 for node.js,microsoft,,,,node.js,0.0,cpe:2.3:a:microsoft:*:*:*:*:*:*:node.js:*:*,True,,M3,Other candidates,0.0,,,fast,,0,,1802,737,12
merethis centreon 2.3.3,microsoft,,,,,0.0,cpe:2.3:a:microsoft:*:*:*:*:*:*:*:*:*,True,,M3,Other candidates,0.0,,,fast,,0,,1868,697,11
mitreid connect 1.0.20,mitreid,,,,,0.0,cpe:2.3:a:mitreid:*:*:*:*:*:*:*:*:*,True,,M3,Other candidates,0.0,,,fast,,0,,1469,697,12
extensis mrsid 2.80 for irfanview,microsoft,,,,,0.0,cpe:2.3:a:microsoft:*:*:*:*:*:*:*:*:*,True,,M3,Other candidates,0.0,,,fast,,0,,1935,712,11
softaculous webuzo 1.0,microsoft,,,,,0.0,cpe:2.3:a:microsoft:*:*:*:*:*:*:*:*:*,True,,M3,Other candidates,0.0,,,fast,,0,,1580,692,11
ibm financial transaction manager 3.0.0.9 ach services,in2code,,,beta,,0.0,cpe:2.3:a:in2code:*:*:beta:*:*:*:*:*:*,True,,M3,Other candidates,0.0,,,fast,,0,,1746,717,12
apache software foundation cassandra 3.0.12,microsoft,,,,,0.0,cpe:2.3:a:microsoft:*:*:*:*:*:*:*:*:*,True,,M3,Other candidates,0.0,,,fast,,0,,1790,702,11
jenkins junit 1.15 for jenkins,microsoft,,,,,0.0,cpe:2.3:a:microsoft:*:*:*:*:*:*:*:*:*,True,,M3,Other candidates,0.0,,,fast,,0,,1514,697,11
openbsd openssh 8.5 patch 1,microsoft,,,,,0.0,cpe:2.3:a:microsoft:*:*:*:*:*:*:*:*:*,True,,M3,Other candidates,0.0,,,fast,,0,,1813,697,11
lexmark xc8163 firmware cxtpp.076.294,microsoft,,,,,0.0,cpe:2.3:a:microsoft:*:*:*:*:*:*:*:*:*,True,,M3,Other candidates,0.0,,,fast,,0,,1691,737,11
ibm api connect 5.0.8.8,,,,,,0.0,,False,,,,0.0,,no vendor/product extracted,fast,,0,,898,702,10
dataiku data science studio (dss) 4.2.5,microsoft,,,,,0.0,cpe:2.3:a:microsoft:*:*:*:*:*:*:*:*:*,True,,M3,Other candidates,0.0,,,fast,,0,,1259,717,11
commvault commserve 9.0.0,microsoft,,,beta,,0.0,cpe:2.3:a:microsoft:*:*:beta:*:*:*:*:*:*,True,,M3,Other candidates,0.0,,,fast,,0,,1444,692,11
fusionauth saml v2 0.3.1,microsoft,,,,,0.0,cpe:2.3:a:microsoft:*:*:*:*:*:*:*:*:*,True,,M3,Other candidates,0.0,,,fast,,0,,1928,702,11
hp isaac mizrahi smartwatch 1.3 for iphone os,mizrahi,,,,,0.0,cpe:2.3:a:mizrahi:*:*:*:*:*:*:*:*:*,True,,M3,Other candidates,0.0,,,fast,,0,,1359,722,13
tielabs jannah 4.5.2 for wordpress,microsoft,,,,,0.0,cpe:2.3:a:microsoft:*:*:*:*:*:*:*:*:*,True,,M3,Other candidates,0.0,,,fast,,0,,1650,707,11
arista eos 4.17.0f,microsoft,,,,,0.0,cpe:2.3:a:microsoft:*:*:*:*:*:*:*:*:*,True,,M3,Other candidates,0.0,,,fast,,0,,1909,697,11
influxdata telegraf docker image 1.3.0,microsoft,,,,node.js,0.0,cpe:2.3:a:microsoft:*:*:*:*:*:*:node.js:*:*,True,,M3,Other candidates,0.0,,,fast,,0,,1376,707,12
mozilla nss 3.28.5,microsoft,,,,,0.0,cpe:2.3:a:microsoft:*:*:*:*:*:*:*:*:*,True,,M3,Other candidates,0.0,,,fast,,0,,1588,692,11
themekraft buddyforms 2.3.2 for wordpress,microsoft,,,,,0.0,cpe:2.3:a:microsoft:*:*:*:*:*:*:*:*:*,True,,M3,Other candidates,0.0,,,fast,,0,,1803,707,11
azeotech daqfactory 5.12,microsoft,,,,,0.0,cpe:2.3:a:microsoft:*:*:*:*:*:*:*:*:*,True,,M3,Other candidates,0.0,,,fast,,0,,1443,692,11
cantemo portal 3.2.13,microsoft,,,,,0.0,cpe:2.3:a:microsoft:*:*:*:*:*:*:*:*:*,True,,M3,Other candidates,0.0,,,fast,,0,,1563,692,11
devpups social pug 1.0.1 for wordpress,microsoft,,,,,0.0,cpe:2.3:a:microsoft:*:*:*:*:*:*:*:*:*,True,,M3,Other candidates,0.0,,,fast,,0,,2028,712,11
embedplus youtube 2.6 for wordpress,microsoft,,,,,0.0,cpe:2.3:a:microsoft:*:*:*:*:*:*:*:*:*,True,,M3,Other candidates,0.0,,,fast,,0,,1772,687,11
gps-server gps tracking software 2.5.7,microsoft,,,,,0.0,cpe:2.3:a:microsoft:*:*:*:*:*:*:*:*:*,True,,M3,Other candidates,0.0,,,fast,,0,,1606,697,11
9bis kitty 0.74.3.1 for windows,microsoft,,,,,0.0,cpe:2.3:a:microsoft:*:*:*:*:*:*:*:*:*,True,,M3,Other candidates,0.0,,,fast,,0,,1405,712,11
primekey ejbca 6.15.2.6 enterprise edition,microsoft,,,,,0.0,cpe:2.3:a:microsoft:*:*:*:*:*:*:*:*:*,True,,M3,Other candidates,0.0,,,fast,,0,,1692,722,11
eclipse kura 1.4.0 release candidate 1,microsoft,,,beta,,0.0,cpe:2.3:a:microsoft:*:*:beta:*:*:*:*:*:*,True,,M3,Other candidates,0.0,,,fast,,0,,1803,712,11
pidgin libpurple 2.5.1,microsoft,,,,,0.0,cpe:2.3:a:microsoft:*:*:*:*:*:*:*:*:*,True,,M3,Other candidates,0.0,,,fast,,0,,1660,692,11
thoughtbot paperclip 2.2.0 for ruby,microsoft,,,,node.js,0.0,cpe:2.3:a:microsoft:*:*:*:*:*:*:node.js:*:*,True,,M3,Other candidates,0.0,,,fast,,0,,1777,702,12
codection download import users from csv with meta 1.10.11.1 for wordpress,microsoft,,,,,0.0,cpe:2.3:a:microsoft:*:*:*:*:*:*:*:*:*,True,,M3,Other candidates,0.0,,,fast,,0,,1622,747,11
phusion passenger 3.0.12,microsoft,,,beta,,0.0,cpe:2.3:a:microsoft:*:*:beta:*:*:*:*:*:*,True,,M3,Other candidates,0.0,,,fast,,0,,1927,692,11
webtorrent bittorrent-dht 0.7.0 for node.js,microsoft,,,,node.js,0.0,cpe:2.3:a:microsoft:*:*:*:*:*:*:node.js:*:*,True,,M3,Other candidates,0.0,,,fast,,0,,1667,722,12
dpdk data plane development kit 17.11.6,microsoft,,,,node.js,0.0,cpe:2.3:a:microsoft:*:*:*:*:*:*:node.js:*:*,True,,M3,Other candidates,0.0,,,fast,,0,,1775,712,12
axis communications p3707-pe firmware 6.50.2.3,microsoft,,,beta,,0.0,cpe:2.3:a:microsoft:*:*:beta:*:*:*:*:*:*,True,,M3,Other candidates,0.0,,,fast,,0,,1556,732,11
freron mailmate 1.9.2,microsoft,,,beta,,0.0,cpe:2.3:a:microsoft:*:*:beta:*:*:*:*:*:*,True,,M3,Other candidates,0.0,,,fast,,0,,1785,692,11
azul zulu 8.54 (8 update 292),microsoft,,,,,0.0,cpe:2.3:a:microsoft:*:*:*:*:*:*:*:*:*,True,,M3,Other candidates,0.0,,,fast,,0,,1611,722,11
getgrav grav-plugin-admin 1.0.3,microsoft,,,beta,node.js,0.0,cpe:2.3:a:microsoft:*:*:beta:*:*:*:node.js:*:*,True,,M3,Other candidates,0.0,,,fast,,0,,1561,697,12
tropos mesh os 7.9.1.1,microsoft,,,,,0.0,cpe:2.3:a:microsoft:*:*:*:*:*:*:*:*:*,True,,M3,Other candidates,0.0,,,fast,,0,,1881,707,11
getlaminas laminas-http 2.0.7,microsoft,,,,,0.0,cpe:2.3:a:microsoft:*:*:*:*:*:*:*:*:*,True,,M3,Other candidates,0.0,,,fast,,0,,1443,707,11
loving.fm loving - couple essential (aka com.xiaoenai.app) for android 4.0.1,microsoft,,,,,0.0,cpe:2.3:a:microsoft:*:*:*:*:*:*:*:*:*,True,,M3,Other candidates,0.0,,,fast,,0,,1762,762,11
htc evo view 4g software 2.23.651.1,microsoft,,,,,0.0,cpe:2.3:a:microsoft:*:*:*:*:*:*:*:*:*,True,,M3,Other candidates,0.0,,,fast,,0,,1925,742,11
pivx private instant verified transactions 0.10.15.12,microsoft,,,,,0.0,cpe:2.3:a:microsoft:*:*:*:*:*:*:*:*:*,True,,M3,Other candidates,0.0,,,fast,,0,,1929,732,11
atlassian jira 6.3.13,microsoft,,,,,0.0,cpe:2.3:a:microsoft:*:*:*:*:*:*:*:*:*,True,,M3,Other candidates,0.0,,,fast,,0,,1838,697,11
trumani stop spammers 2019.9 for wordpress,microsoft,,,,,0.0,cpe:2.3:a:microsoft:*:*:*:*:*:*:*:*:*,True,,M3,Other candidates,0.0,,,fast,,0,,1584,717,11
divx web player 1.5.0,microsoft,,,,,0.0,cpe:2.3:a:microsoft:*:*:*:*:*:*:*:*:*,True,,M3,Other candidates,0.0,,,fast,,0,,1557,692,11
wunderfarm wf cookie consent 0.8.1 for wordpress,microsoft,,,,,0.0,cpe:2.3:a:microsoft:*:*:*:*:*:*:*:*:*,True,,M3,Other candidates,0.0,,,fast,,0,,1634,712,11
opswat metadefender 4.15.2,microsoft,,,,,0.0,cpe:2.3:a:microsoft:*:*:*:*:*:*:*:*:*,True,,M3,Other candidates,0.0,,,fast,,0,,1829,712,11
nchsoftware express invoice 4.64,microsoft,,,,,0.0,cpe:2.3:a:microsoft:*:*:*:*:*:*:*:*:*,True,,M3,Other candidates,0.0,,,fast,,0,,1425,692,11
rcdevs openotp token 1.4.9 for iphone os,microsoft,,,,,0.0,cpe:2.3:a:microsoft:*:*:*:*:*:*:*:*:*,True,,M3,Other candidates,0.0,,,fast,,0,,1651,717,11
rainloop webmail 1.10.2.133 beta.2,microsoft,,,beta,,0.0,cpe:2.3:a:microsoft:*:*:beta:*:*:*:*:*:*,True,,M3,Other candidates,0.0,,,fast,,0,,1791,732,11
hive netius 1.6.42,microsoft,,,,,0.0,cpe:2.3:a:microsoft:*:*:*:*:*:*:*:*:*,True,,M3,Other candidates,0.0,,,fast,,0,,1779,692,11
translatehouse pootle 2.5.1.3,microsoft,,,,,0.0,cpe:2.3:a:microsoft:*:*:*:*:*:*:*:*:*,True,,M3,Other candidates,0.0,,,fast,,0,,1501,707,11
cluevo learning management system (cluevo lms) 1.7.0 for wordpress,microsoft,,,,wordpress,0.0,cpe:2.3:a:microsoft:*:*:*:*:*:*:wordpress:*:*,True,,M3,Other candidates,0.0,,,fast,,0,,1774,737,12
cgal computational geometry algorithms library 4.11,microsoft,,,,,0.0,cpe:2.3:a:microsoft:*:*:*:*:*:*:*:*:*,True,,M3,Other candidates,0.0,,,fast,,0,,1602,697,11
ibm control center 6.1.1.0,,,,,,0.0,,False,,,,0.0,,no vendor/product extracted,fast,,0,,1357,702,10
intland codebeamer application lifecycle management (alm) 9.5.0 release candidate 2,microsoft,,,,,0.0,cpe:2.3:a:microsoft:*:*:*:*:*:*:*:*:*,True,,M3,Other candidates,0.0,,,fast,,0,,1813,747,11
prisma graphql-playground-middleware-koa 1.4.1 for node.js,microsoft,,,,node.js,0.0,cpe:2.3:a:microsoft:*:*:*:*:*:*:node.js:*:*,True,,M3,Other candidates,0.0,,,fast,,0,,1901,732,12
synopsys hub-rest-api-python 0.0.12,microsoft,,,,,0.0,cpe:2.3:a:microsoft:*:*:*:*:*:*:*:*:*,True,,M3,Other candidates,0.0,,,fast,,0,,1786,712,11
microsoft publisher 2007 service pack 2,microsoft,,,,,0.0,cpe:2.3:a:microsoft:*:*:*:*:*:*:*:*:*,True,,M3,Other candidates,0.0,,,fast,,0,,1487,702,11
getshortcodes shortcodes ultimate 5.0.6 for wordpress,microsoft,,,,,0.0,cpe:2.3:a:microsoft:*:*:*:*:*:*:*:*:*,True,,M3,Other candidates,0.0,,,fast,,0,,1753,712,11
aegirproject hostmaster 6.x-2.3 for drupal,microsoft,,,,,0.0,cpe:2.3:a:microsoft:*:*:*:*:*:*:*:*:*,True,,M3,Other candidates,0.0,,,fast,,0,,1772,722,11
numfocus pandas 0.16.0 release candidate 1,microsoft,,,,,0.0,cpe:2.3:a:microsoft:*:*:*:*:*:*:*:*:*,True,,M3,Other candidates,0.0,,,fast,,0,,1811,712,11
vmware spring security 4.2.0 release,microsoft,,,beta,,0.0,cpe:2.3:a:microsoft:*:*:beta:*:*:*:*:*:*,True,,M3,Other candidates,0.0,,,fast,,0,,1688,697,11
suse linux enterprise server 12 ga long term service support edition,,,,,,0.0,,False,,,,0.0,,no vendor/product extracted,fast,,0,,1443,712,10
foxsash imghosting 1.5,microsoft,,,,,0.0,cpe:2.3:a:microsoft:*:*:*:*:*:*:*:*:*,True,,M3,Other candidates,0.0,,,fast,,0,,1728,692,11
quobject docker-cli-js 2.0.1 for node.js,microsoft,,,,node.js,0.0,cpe:2.3:a:microsoft:*:*:*:*:*:*:node.js:*:*,True,,M3,Other candidates,0.0,,,fast,,0,,1814,712,12
techytalk quick chat 3.30 for wordpress,microsoft,,,,,0.0,cpe:2.3:a:microsoft:*:*:*:*:*:*:*:*:*,True,,M3,Other candidates,0.0,,,fast,,0,,1473,702,11
gnome gupnp 1.1.2,microsoft,,,,,0.0,cpe:2.3:a:microsoft:*:*:*:*:*:*:*:*:*,True,,M3,Other candidates,0.0,,,fast,,0,,1760,697,11
axis communications p1244 firmware 8.20.1,microsoft,,,,,0.0,cpe:2.3:a:microsoft:*:*:*:*:*:*:*:*:*,True,,M3,Other candidates,0.0,,,fast,,0,,1509,717,11
siemens simatic rtls locating manager 2.10.2,microsoft,,,,,0.0,cpe:2.3:a:microsoft:*:*:*:*:*:*:*:*:*,True,,M3,Other candidates,0.0,,,fast,,0,,1431,717,11
pediapress mwlib 0.12.3,microsoft,,,,,0.0,cpe:2.3:a:microsoft:*:*:*:*:*:*:*:*:*,True,,M3,Other candidates,0.0,,,fast,,0,,1649,702,11
xtermjs xterm.js 0.12,microsoft,,,,,0.0,cpe:2.3:a:microsoft:*:*:*:*:*:*:*:*:*,True,,M3,Other candidates,0.0,,,fast,,0,,1878,697,11
google tensorflow 2.2.0 release candidate 3 lite edition,microsoft,,,,,0.0,cpe:2.3:a:microsoft:*:*:*:*:*:*:*:*:*,True,,M3,Other candidates,0.0,,,fast,,0,,1501,712,11
interspire email marketer 5.5.6,microsoft,,,,,0.0,cpe:2.3:a:microsoft:*:*:*:*:*:*:*:*:*,True,,M3,Other candidates,0.0,,,fast,,0,,1809,692,11
rocomotion p up board random 1.07,microsoft,,,,,0.0,cpe:2.3:a:microsoft:*:*:*:*:*:*:*:*:*,True,,M3,Other candidates,0.0,,,fast,,0,,1581,702,11
solarwinds patch manager 2.1.7,microsoft,,,,,0.0,cpe:2.3:a:microsoft:*:*:*:*:*:*:*:*:*,True,,M3,Other candidates,0.0,,,fast,,0,,1475,702,11
bioinformatics htmlawed 1.1,microsoft,,,,,0.0,cpe:2.3:a:microsoft:*:*:*:*:*:*:*:*:*,True,,M3,Other candidates,0.0,,,fast,,0,,1734,687,11
cabletron 6h302-48 05.05.10,,,,,,0.0,,False,,,,0.0,,no vendor/product extracted,fast,,0,,1746,747,10
e-dynamics events made easy 2.1.103 for wordpress,microsoft,,,,,0.0,cpe:2.3:a:microsoft:*:*:*:*:*:*:*:*:*,True,,M3,Other candidates,0.0,,,fast,,0,,1487,722,11
nextcloud calendar 3.0.0 beta 1,microsoft,,,beta,,0.0,cpe:2.3:a:microsoft:*:*:beta:*:*:*:*:*:*,True,,M3,Other candidates,0.0,,,fast,,0,,1680,702,11
ibm web experience factory 7.0.1.3,,,,,,0.0,,False,,,,0.0,,no vendor/product extracted,fast,,0,,1815,707,10
acyba acymailing 5.8.0 for joomla!,microsoft,,,,,0.0,cpe:2.3:a:microsoft:*:*:*:*:*:*:*:*:*,True,,M3,Other candidates,0.0,,,fast,,0,,1704,712,11
teamlead pdf-light-viewer 1.4.12 for wordpress,microsoft,,,,,0.0,cpe:2.3:a:microsoft:*:*:*:*:*:*:*:*:*,True,,M3,Other candidates,0.0,,,fast,,0,,1859,717,11
clusterlabs pcs 10.0.0 alpha4,microsoft,,,,,0.0,cpe:2.3:a:microsoft:*:*:*:*:*:*:*:*:*,True,,M3,Other candidates,0.0,,,fast,,0,,1704,702,11
healthways well-being connect mobile (aka com.healthways.wellbeinggo) for android 2.9,microsoft,,,,,0.0,cpe:2.3:a:microsoft:*:*:*:*:*:*:*:*:*,True,,M3,Other candidates,0.0,,,fast,,0,,1953,752,11
inedo proget 2.2.13,microsoft,,,,,0.0,cpe:2.3:a:microsoft:*:*:*:*:*:*:*:*:*,True,,M3,Other candidates,0.0,,,fast,,0,,1836,697,11
heinekingmedia stashcat 1.5.16 for android,microsoft,,,,,0.0,cpe:2.3:a:microsoft:*:*:*:*:*:*:*:*:*,True,,M3,Other candidates,0.0,,,fast,,0,,1718,717,11
zimbra collaboration server 7.1.4,microsoft,,,,,0.0,cpe:2.3:a:microsoft:*:*:*:*:*:*:*:*:*,True,,M3,Other candidates,0.0,,,fast,,0,,1907,697,11
upperthemes swape 1.4.1 for wordpress,microsoft,,,,,0.0,cpe:2.3:a:microsoft:*:*:*:*:*:*:*:*:*,True,,M3,Other candidates,0.0,,,fast,,0,,1674,702,11
netapp snapcenter 4.4,microsoft,,,,,0.0,cpe:2.3:a:microsoft:*:*:*:*:*:*:*:*:*,True,,M3,Other candidates,0.0,,,fast,,0,,1769,682,11
fooplugins foogallery 1.6.15 for wordpress,microsoft,,,,,0.0,cpe:2.3:a:microsoft:*:*:*:*:*:*:*:*:*,True,,M3,Other candidates,0.0,,,fast,,0,,1837,717,11
sillycycle xlockmore 5.08,microsoft,,,,,0.0,cpe:2.3:a:microsoft:*:*:*:*:*:*:*:*:*,True,,M3,Other candidates,0.0,,,fast,,0,,1868,697,11
firegiant wix toolset 3.8,microsoft,,,,,0.0,cpe:2.3:a:microsoft:*:*:*:*:*:*:*:*:*,True,,M3,Other candidates,0.0,,,fast,,0,,1842,697,11
gleamtech filevista 7.3.7,microsoft,,,,,0.0,cpe:2.3:a:microsoft:*:*:*:*:*:*:*:*:*,True,,M3,Other candidates,0.0,,,fast,,0,,1422,702,11
netgear r6220 firmware 1.1.0.100,microsoft,,,,,0.0,cpe:2.3:a:microsoft:*:*:*:*:*:*:*:*:*,True,,M3,Other candidates,0.0,,,fast,,0,,1634,732,11
eclipse egit 2.0.0,microsoft,,,beta,,0.0,cpe:2.3:a:microsoft:*:*:beta:*:*:*:*:*:*,True,,M3,Other candidates,0.0,,,fast,,0,,1831,692,11
rednao smart forms 2.5.6 wordpress,microsoft,,,,,0.0,cpe:2.3:a:microsoft:*:*:*:*:*:*:*:*:*,True,,M3,Other candidates,0.0,,,fast,,0,,1735,702,11
samsung magician 6.1.0,microsoft,,,,,0.0,cpe:2.3:a:microsoft:*:*:*:*:*:*:*:*:*,True,,M3,Other candidates,0.0,,,fast,,0,,1898,687,11
slidervilla testimonial slider 1.1 for wordpress,microsoft,,,,,0.0,cpe:2.3:a:microsoft:*:*:*:*:*:*:*:*:*,True,,M3,Other candidates,0.0,,,fast,,0,,1385,707,11
gradkell dbsign 2.3,microsoft,,,,,0.0,cpe:2.3:a:microsoft:*:*:*:*:*:*:*:*:*,True,,M3,Other candidates,0.0,,,fast,,0,,1581,687,11
gchq stroom 6.0.21,microsoft,,,beta,,0.0,cpe:2.3:a:microsoft:*:*:beta:*:*:*:*:*:*,True,,M3,Other candidates,0.0,,,fast,,0,,1720,702,11
stratisplatform stratisx 1.0.4,microsoft,,,,,0.0,cpe:2.3:a:microsoft:*:*:*:*:*:*:*:*:*,True,,M3,Other candidates,0.0,,,fast,,0,,1756,702,11
hp no mawashimono nikki 5.0 alpha 2,,,,,,0.0,,False,,,,0.0,,no vendor/product extracted,fast,,0,,1883,722,10
nebulab solidus 2.8.5,microsoft,,,,,0.0,cpe:2.3:a:microsoft:*:*:*:*:*:*:*:*:*,True,,M3,Other candidates,0.0,,,fast,,0,,1396,697,11
copadata zenon 8.10,microsoft,,,,,0.0,cpe:2.3:a:microsoft:*:*:*:*:*:*:*:*:*,True,,M3,Other candidates,0.0,,,fast,,0,,1608,687,11
ayecode location manager 2.1.0.9 for wordpress,microsoft,,,,,0.0,cpe:2.3:a:microsoft:*:*:*:*:*:*:*:*:*,True,,M3,Other candidates,0.0,,,fast,,0,,1703,717,11
ark-web a-reserve 3.8.6,microsoft,,,,,0.0,cpe:2.3:a:microsoft:*:*:*:*:*:*:*:*:*,True,,M3,Other candidates,0.0,,,fast,,0,,1815,697,11
saasproject booking package 1.3.32 for wordpress,microsoft,,,,,0.0,cpe:2.3:a:microsoft:*:*:*:*:*:*:*:*:*,True,,M3,Other candidates,0.0,,,fast,,0,,1689,712,11
hpe nimbleos 3.9.3.0,microsoft,,,,,0.0,cpe:2.3:a:microsoft:*:*:*:*:*:*:*:*:*,True,,M3,Other candidates,0.0,,,fast,,0,,1809,707,11
f5 nginx 1.13.6,microsoft,,,,,0.0,cpe:2.3:a:microsoft:*:*:*:*:*:*:*:*:*,True,,M3,Other candidates,0.0,,,fast,,0,,1821,692,11
if-me ifme 5.2.1,microsoft,,,,,0.0,cpe:2.3:a:microsoft:*:*:*:*:*:*:*:*:*,True,,M3,Other candidates,0.0,,,fast,,0,,1579,692,11
colossusxt colossuscoinxt 0.10.17.20,microsoft,,,,,0.0,cpe:2.3:a:microsoft:*:*:*:*:*:*:*:*:*,True,,M3,Other candidates,0.0,,,fast,,0,,1412,742,11
vuze bittorrent client 5.1.0.0,microsoft,,,,,0.0,cpe:2.3:a:microsoft:*:*:*:*:*:*:*:*:*,True,,M3,Other candidates,0.0,,,fast,,0,,1695,712,11
verint verba collaboration compliance and quality management platform 8.0,microsoft,,,,,0.0,cpe:2.3:a:microsoft:*:*:*:*:*:*:*:*:*,True,,M3,Other candidates,0.0,,,fast,,0,,1855,712,11
atlassian editor-core 91.1.3 for node.js,microsoft,,,,node.js,0.0,cpe:2.3:a:microsoft:*:*:*:*:*:*:node.js:*:*,True,,M3,Other candidates,0.0,,,fast,,0,,1754,712,12
oracle mysql 5.0.51b,microsoft,,,,,0.0,cpe:2.3:a:microsoft:*:*:*:*:*:*:*:*:*,True,,M3,Other candidates,0.0,,,fast,,0,,1658,692,11
oracle primavera p6 professional project management 16.1,microsoft,,,,,0.0,cpe:2.3:a:microsoft:*:*:*:*:*:*:*:*:*,True,,M3,Other candidates,0.0,,,fast,,0,,1788,712,11
yamaha rt100i 1.02.05,microsoft,,,,,0.0,cpe:2.3:a:microsoft:*:*:*:*:*:*:*:*:*,True,,M3,Other candidates,0.0,,,fast,,0,,2002,717,11
apache software foundation jackrabbit 2.13.0,microsoft,,,,,0.0,cpe:2.3:a:microsoft:*:*:*:*:*:*:*:*:*,True,,M3,Other candidates,0.0,,,fast,,0,,1439,702,11
lynxspring jenesys bas bridge 1.1.8,microsoft,,,,,0.0,cpe:2.3:a:microsoft:*:*:*:*:*:*:*:*:*,True,,M3,Other candidates,0.0,,,fast,,0,,1590,712,11
oracle e-business suite secure enterprise search 12.2.3,microsoft,,,,,0.0,cpe:2.3:a:microsoft:*:*:*:*:*:*:*:*:*,True,,M3,Other candidates,0.0,,,fast,,0,,1849,712,11
ozlabs patchwork 2.1.4,microsoft,,,,,0.0,cpe:2.3:a:microsoft:*:*:*:*:*:*:*:*:*,True,,M3,Other candidates,0.0,,,fast,,0,,1737,692,11
vuze bittorrent client 4.6.0.4,microsoft,,,,,0.0,cpe:2.3:a:microsoft:*:*:*:*:*:*:*:*:*,True,,M3,Other candidates,0.0,,,fast,,0,,1542,712,11
codepeople cp contact form with paypal 1.1.30 for wordpress,microsoft,,,,,0.0,cpe:2.3:a:microsoft:*:*:*:*:*:*:*:*:*,True,,M3,Other candidates,0.0,,,fast,,0,,1791,722,11
designmodo wp maintenance mode 1.8.7 for wordpress,microsoft,,,,,0.0,cpe:2.3:a:microsoft:*:*:*:*:*:*:*:*:*,True,,M3,Other candidates,0.0,,,fast,,0,,1767,707,11
powerdns authoritative 4.2.0 release candidate 2,microsoft,,,,,0.0,cpe:2.3:a:microsoft:*:*:*:*:*:*:*:*:*,True,,M3,Other candidates,0.0,,,fast,,0,,1493,707,11
baramundi management suite 8.9,microsoft,,,,,0.0,cpe:2.3:a:microsoft:*:*:*:*:*:*:*:*:*,True,,M3,Other candidates,0.0,,,fast,,0,,1833,687,11
auto0 lock 11.30.1 for node.js,microsoft,,,,node.js,0.0,cpe:2.3:a:microsoft:*:*:*:*:*:*:node.js:*:*,True,,M3,Other candidates,0.0,,,fast,,0,,1781,712,12
yithemes yith woocommerce product bundles 1.0.1 free edition for wordpress,microsoft,,,,,0.0,cpe:2.3:a:microsoft:*:*:*:*:*:*:*:*:*,True,,M3,Other candidates,0.0,,,fast,,0,,1538,737,11
mz-automation libiec61850 1.4.3,in2code,,,,,0.0,cpe:2.3:a:in2code:*:*:*:*:*:*:*:*:*,True,,M3,Other candidates,0.0,,,fast,,0,,1841,727,12
bestit amazon pay 9.4.1 for shopware,microsoft,,,,,0.0,cpe:2.3:a:microsoft:*:*:*:*:*:*:*:*:*,True,,M3,Other candidates,0.0,,,fast,,0,,1943,707,11
almico speedfan 4.11,microsoft,,,,,0.0,cpe:2.3:a:microsoft:*:*:*:*:*:*:*:*:*,True,,M3,Other candidates,0.0,,,fast,,0,,1827,687,11
auvesy versiondog 7.5.0,microsoft,,,,,0.0,cpe:2.3:a:microsoft:*:*:*:*:*:*:*:*:*,True,,M3,Other candidates,0.0,,,fast,,0,,1575,697,11
atos openstage 15 firmware v3 r3.11.0,microsoft,,,beta,,0.0,cpe:2.3:a:microsoft:*:*:beta:*:*:*:*:*:*,True,,M3,Other candidates,0.0,,,fast,,0,,1387,722,11
adobe flash player 26.0.0.151 for internet explorer 11,microsoft,,,,,0.0,cpe:2.3:a:microsoft:*:*:*:*:*:*:*:*:*,True,,M3,Other candidates,0.0,,,fast,,0,,1705,747,11
elektrobit container-key 1.0,microsoft,,,,,0.0,cpe:2.3:a:microsoft:*:*:*:*:*:*:*:*:*,True,,M3,Other candidates,0.0,,,fast,,0,,1873,692,11
hakobaito branca 0.5.0 for rust,microsoft,,,,,0.0,cpe:2.3:a:microsoft:*:*:*:*:*:*:*:*:*,True,,M3,Other candidates,0.0,,,fast,,0,,1820,717,11
gog galaxy 2.0.8,microsoft,,,,,0.0,cpe:2.3:a:microsoft:*:*:*:*:*:*:*:*:*,True,,M3,Other candidates,0.0,,,fast,,0,,1760,687,11
rcdevs openotp token 1.3.0 for iphone os,microsoft,,,,,0.0,cpe:2.3:a:microsoft:*:*:*:*:*:*:*:*:*,True,,M3,Other candidates,0.0,,,fast,,0,,1532,717,11
nodejs node.js 0.11.4,microsoft,,,,,0.0,cpe:2.3:a:microsoft:*:*:*:*:*:*:*:*:*,True,,M3,Other candidates,0.0,,,fast,,0,,1771,697,11
nxp lpc5516jbd100 0a,microsoft,,,,,0.0,cpe:2.3:a:microsoft:*:*:*:*:*:*:*:*:*,True,,M3,Other candidates,0.0,,,fast,,0,,1800,722,11
bufferapp digg digg plugin for wordpress 5.2.5,microsoft,,,,,0.0,cpe:2.3:a:microsoft:*:*:*:*:*:*:*:*:*,True,,M3,Other candidates,0.0,,,fast,,0,,1857,717,11
lenovo thinkpad e580 firmware 2020-07-10,microsoft,,,,,0.0,cpe:2.3:a:microsoft:*:*:*:*:*:*:*:*:*,True,,M3,Other candidates,0.0,,,fast,,0,,1884,742,11
nvidia gpu driver 349.12,microsoft,,,,,0.0,cpe:2.3:a:microsoft:*:*:*:*:*:*:*:*:*,True,,M3,Other candidates,0.0,,,fast,,0,,1213,697,11
forescout counteract 8.0,microsoft,,,,,0.0,cpe:2.3:a:microsoft:*:*:*:*:*:*:*:*:*,True,,M3,Other candidates,0.0,,,fast,,0,,1534,687,11
informatica powercenter 7.1.2,microsoft,,,,,0.0,cpe:2.3:a:microsoft:*:*:*:*:*:*:*:*:*,True,,M3,Other candidates,0.0,,,fast,,0,,1671,692,11
yithemes yith woocommerce product add-ons 1.3.0 free edition for wordpress,microsoft,,,,,0.0,cpe:2.3:a:microsoft:*:*:*:*:*:*:*:*:*,True,,M3,Other candidates,0.0,,,fast,,0,,1763,742,11
jupyterhub systemdspawner 0.15,microsoft,,,beta,node.js,0.0,cpe:2.3:a:microsoft:*:*:beta:*:*:*:node.js:*:*,True,,M3,Other candidates,0.0,,,fast,,0,,1473,697,12
oracle banking platform 2.9.0,microsoft,,,,,0.0,cpe:2.3:a:microsoft:*:*:*:*:*:*:*:*:*,True,,M3,Other candidates,0.0,,,fast,,0,,1712,687,11
adobe acrobat 9.3.1,microsoft,,,,,0.0,cpe:2.3:a:microsoft:*:*:*:*:*:*:*:*:*,True,,M3,Other candidates,0.0,,,fast,,0,,1655,692,11
vwar virtual war 1.0.8,microsoft,,,beta,,0.0,cpe:2.3:a:microsoft:*:*:beta:*:*:*:*:*:*,True,,M3,Other candidates,0.0,,,fast,,0,,1576,692,11
teradata decision expert administrator 12.1,microsoft,,,beta,,0.0,cpe:2.3:a:microsoft:*:*:beta:*:*:*:*:*:*,True,,M3,Other candidates,0.0,,,fast,,0,,1770,692,11
inboundwp calls to action 2.2.5 for wordpress,microsoft,,,,,0.0,cpe:2.3:a:microsoft:*:*:*:*:*:*:*:*:*,True,,M3,Other candidates,0.0,,,fast,,0,,1596,712,11
themesgrove all-in-one addons for elementor 1.2.0 for wordpress,microsoft,,,,,0.0,cpe:2.3:a:microsoft:*:*:*:*:*:*:*:*:*,True,,M3,Other candidates,0.0,,,fast,,0,,1399,732,11
santesoft dicom viewer pro 8.1.7,microsoft,,,,,0.0,cpe:2.3:a:microsoft:*:*:*:*:*:*:*:*:*,True,,M3,Other candidates,0.0,,,fast,,0,,1751,707,11
intel ssd pro 5400s m.2 firmware lsf036p,,,,,,0.0,,False,,,,0.0,,no vendor/product extracted,fast,,0,,1968,742,10
1234n minicms 1.9,microsoft,,,,,0.0,cpe:2.3:a:microsoft:*:*:*:*:*:*:*:*:*,True,,M3,Other candidates,0.0,,,fast,,0,,1539,702,11
nystudio107 seomatic 3.1.13.1 for craft cms,microsoft,,,,,0.0,cpe:2.3:a:microsoft:*:*:*:*:*:*:*:*:*,True,,M3,Other candidates,0.0,,,fast,,0,,1733,742,11
adtribes product feed pro for woocommerce 9.2.8 for wordpress,microsoft,,,,,0.0,cpe:2.3:a:microsoft:*:*:*:*:*:*:*:*:*,True,,M3,Other candidates,0.0,,,fast,,0,,1938,727,11
idrive remotepc 7.6.27 for windows,microsoft,,,,,0.0,cpe:2.3:a:microsoft:*:*:*:*:*:*:*:*:*,True,,M3,Other candidates,0.0,,,fast,,0,,1898,712,11
embedplus youtube 2.1 for wordpress,microsoft,,,,,0.0,cpe:2.3:a:microsoft:*:*:*:*:*:*:*:*:*,True,,M3,Other candidates,0.0,,,fast,,0,,1359,687,11
digium asterisk 11.1.0 release candidate 3,microsoft,,,,,0.0,cpe:2.3:a:microsoft:*:*:*:*:*:*:*:*:*,True,,M3,Other candidates,0.0,,,fast,,0,,1580,717,11
intel omni-path fabric manager gui 10.5.0.0.141,microsoft,,,,,0.0,cpe:2.3:a:microsoft:*:*:*:*:*:*:*:*:*,True,,M3,Other candidates,0.0,,,fast,,0,,1836,742,11
inpsyde backwpup 3.7.0 for wordpress,microsoft,femanager,,,,0.0,cpe:2.3:a:microsoft:femanager:*:*:*:*:*:*:*:*,True,,M3,Other candidates,0.0,,,fast,,0,,1691,712,13
canonical ubuntu linux 20.10,microsoft,,,,,0.0,cpe:2.3:a:microsoft:*:*:*:*:*:*:*:*:*,True,,M3,Other candidates,0.0,,,fast,,0,,1541,687,11
wedevs wp project manager 2.0.8 for wordpress,microsoft,,,,,0.0,cpe:2.3:a:microsoft:*:*:*:*:*:*:*:*:*,True,,M3,Other candidates,0.0,,,fast,,0,,1769,712,11
mcafee privacy service 2004,,,,,,0.0,,False,,,,0.0,,no vendor/product extracted,fast,,0,,1652,692,10
eclipse theia 0.3.0,microsoft,,,,,0.0,cpe:2.3:a:microsoft:*:*:*:*:*:*:*:*:*,True,,M3,Other candidates,0.0,,,fast,,0,,1476,692,11
github gh-ost 1.0.8,microsoft,,,,,0.0,cpe:2.3:a:microsoft:*:*:*:*:*:*:*:*:*,True,,M3,Other candidates,0.0,,,fast,,0,,1714,692,11
mortbay jetty 2.1.b1,mortbay,,,beta,,0.0,cpe:2.3:a:mortbay:*:*:beta:*:*:*:*:*:*,True,,M3,Other candidates,0.0,,,fast,,0,,1841,692,12
mikrotik routeros 6.44 beta75 testing edition,,,,beta,,0.0,,False,,,,0.0,,no vendor/product extracted,fast,,0,,1869,722,10
salesforce mule 3.8.6,microsoft,,,,,0.0,cpe:2.3:a:microsoft:*:*:*:*:*:*:*:*:*,True,,M3,Other candidates,0.0,,,fast,,0,,1848,692,11
trumani stop spammers 2020.3 for wordpress,microsoft,,,,,0.0,cpe:2.3:a:microsoft:*:*:*:*:*:*:*:*:*,True,,M3,Other candidates,0.0,,,fast,,0,,1427,717,11
tejimaya openpne 3.4.9.2,microsoft,,,,,0.0,cpe:2.3:a:microsoft:*:*:*:*:*:*:*:*:*,True,,M3,Other candidates,0.0,,,fast,,0,,1801,717,11
google closure library 20160106,microsoft,,,,,0.0,cpe:2.3:a:microsoft:*:*:*:*:*:*:*:*:*,True,,M3,Other candidates,0.0,,,fast,,0,,1781,702,11
flexense diskboss 6.7 enterprise edition,microsoft,,,,,0.0,cpe:2.3:a:microsoft:*:*:*:*:*:*:*:*:*,True,,M3,Other candidates,0.0,,,fast,,0,,1379,692,11
f-secure cloud protection for salesforce 1.6,microsoft,,,,,0.0,cpe:2.3:a:microsoft:*:*:*:*:*:*:*:*:*,True,,M3,Other candidates,0.0,,,fast,,0,,1728,702,11
magicwinmail winmail server 4.5 build 0912,microsoft,,,,,0.0,cpe:2.3:a:microsoft:*:*:*:*:*:*:*:*:*,True,,M3,Other candidates,0.0,,,fast,,0,,1810,722,11
anynines mongodb 2.1.0 for pivotal cloud foundry,microsoft,,,,node.js,0.0,cpe:2.3:a:microsoft:*:*:*:*:*:*:node.js:*:*,True,,M3,Other candidates,0.0,,,fast,,0,,1920,717,12
danielb finder module for drupal 6.x-1.18,microsoft,,,,,0.0,cpe:2.3:a:microsoft:*:*:*:*:*:*:*:*:*,True,,M3,Other candidates,0.0,,,fast,,0,,1847,722,11
cusmin absolutely glamorous custom admin (agca) 5.7.4 for wordpress,microsoft,,,,,0.0,cpe:2.3:a:microsoft:*:*:*:*:*:*:*:*:*,True,,M3,Other candidates,0.0,,,fast,,0,,1890,732,11
appgyver steroids 0.6.25 for node.js,microsoft,,,,node.js,0.0,cpe:2.3:a:microsoft:*:*:*:*:*:*:node.js:*:*,True,,M3,Other candidates,0.0,,,fast,,0,,1385,712,12
10-strike network monitor 2.3,microsoft,,,,,0.0,cpe:2.3:a:microsoft:*:*:*:*:*:*:*:*:*,True,,M3,Other candidates,0.0,,,fast,,0,,1623,692,11
atlassian bamboo 3.4,microsoft,,,,,0.0,cpe:2.3:a:microsoft:*:*:*:*:*:*:*:*:*,True,,M3,Other candidates,0.0,,,fast,,0,,1799,677,11
kernel dracut 035,,,,,,0.0,,False,,,,0.0,,no vendor/product extracted,fast,,0,,1719,682,10
siedle sg 150-0 firmware 1.2.5,,,,,,0.0,,False,,,,0.0,,no vendor/product extracted,fast,,0,,1620,727,10
webbigt cybersoldier 1.5.5 for wordpress,microsoft,,,,,0.0,cpe:2.3:a:microsoft:*:*:*:*:*:*:*:*:*,True,,M3,Other candidates,0.0,,,fast,,0,,1918,717,11
prusa3d prusaslicer 0.9.5,microsoft,,,,,0.0,cpe:2.3:a:microsoft:*:*:*:*:*:*:*:*:*,True,,M3,Other candidates,0.0,,,fast,,0,,1776,712,11
netgear readynas os 6.5.1,microsoft,,,,,0.0,cpe:2.3:a:microsoft:*:*:*:*:*:*:*:*:*,True,,M3,Other candidates,0.0,,,fast,,0,,1612,702,11
sillycycle xlockmore 5.21,microsoft,,,,,0.0,cpe:2.3:a:microsoft:*:*:*:*:*:*:*:*:*,True,,M3,Other candidates,0.0,,,fast,,0,,1767,697,11
nextcloud talk 10.1.4,microsoft,,,,,0.0,cpe:2.3:a:microsoft:*:*:*:*:*:*:*:*:*,True,,M3,Other candidates,0.0,,,fast,,0,,1942,692,11
linuxtv xawtv 3.105,microsoft,,,,,0.0,cpe:2.3:a:microsoft:*:*:*:*:*:*:*:*:*,True,,M3,Other candidates,0.0,,,fast,,0,,1899,697,11
diaowen dwsurvey 2019-07-22,,,,,,0.0,,False,,,,0.0,,no vendor/product extracted,fast,,0,,1665,727,10
opensuse libstorage-ng 4.2.49,microsoft,,,,,0.0,cpe:2.3:a:microsoft:*:*:*:*:*:*:*:*:*,True,,M3,Other candidates,0.0,,,fast,,0,,1925,702,11
support-project knowledge 0.4.5 pre,microsoft,,,,,0.0,cpe:2.3:a:microsoft:*:*:*:*:*:*:*:*:*,True,,M3,Other candidates,0.0,,,fast,,0,,1859,692,11
cobham sea tel 116 firmware 222429,microsoft,,,,,0.0,cpe:2.3:a:microsoft:*:*:*:*:*:*:*:*:*,True,,M3,Other candidates,0.0,,,fast,,0,,1971,722,11
webkul bagisto 0.1.4 beta 3,microsoft,,,beta,,0.0,cpe:2.3:a:microsoft:*:*:beta:*:*:*:*:*:*,True,,M3,Other candidates,0.0,,,fast,,0,,2005,707,11
adtribes product feed pro for woocommerce 4.0.0 for wordpress,microsoft,,,,,0.0,cpe:2.3:a:microsoft:*:*:*:*:*:*:*:*:*,True,,M3,Other candidates,0.0,,,fast,,0,,1653,727,11
unbit uwsgi 2.0.16,microsoft,,,,,0.0,cpe:2.3:a:microsoft:*:*:*:*:*:*:*:*:*,True,,M3,Other candidates,0.0,,,fast,,0,,1903,697,11
apple itunes 7.4.1 for mac os x,microsoft,,,,,0.0,cpe:2.3:a:microsoft:*:*:*:*:*:*:*:*:*,True,,M3,Other candidates,0.0,,,fast,,0,,1629,707,11
wpdeveloper betterlinks 1.0.4 for wordpress,microsoft,,,,,0.0,cpe:2.3:a:microsoft:*:*:*:*:*:*:*:*:*,True,,M3,Other candidates,0.0,,,fast,,0,,1820,702,11
yuba u5cms 3.9.3,microsoft,,,,,0.0,cpe:2.3:a:microsoft:*:*:*:*:*:*:*:*:*,True,,M3,Other candidates,0.0,,,fast,,0,,1610,697,11
sane-project sane backends 1.0.27,microsoft,,,,,0.0,cpe:2.3:a:microsoft:*:*:*:*:*:*:*:*:*,True,,M3,Other candidates,0.0,,,fast,,0,,1799,707,11
microsoft visual studio code 1.44.2,microsoft,,,,,0.0,cpe:2.3:a:microsoft:*:*:*:*:*:*:*:*:*,True,,M3,Other candidates,0.0,,,fast,,0,,1827,702,11
sas web infrastructure platform 9.4 maintenance release 2,microsoft,,,,,0.0,cpe:2.3:a:microsoft:*:*:*:*:*:*:*:*:*,True,,M3,Other candidates,0.0,,,fast,,0,,1869,707,11
xtermjs xterm.js 2.4.0,microsoft,,,,node.js,0.0,cpe:2.3:a:microsoft:*:*:*:*:*:*:node.js:*:*,True,,M3,Other candidates,0.0,,,fast,,0,,1676,702,12
yahoo messenger 5.6.0.1351,microsoft,,,,,0.0,cpe:2.3:a:microsoft:*:*:*:*:*:*:*:*:*,True,,M3,Other candidates,0.0,,,fast,,0,,1894,707,11
shapepress wp dsgvo tools 1.4.2 for wordpress,microsoft,,,,,0.0,cpe:2.3:a:microsoft:*:*:*:*:*:*:*:*:*,True,,M3,Other candidates,0.0,,,fast,,0,,1735,717,11
kiri tween 1.4.5.0,microsoft,,,,,0.0,cpe:2.3:a:microsoft:*:*:*:*:*:*:*:*:*,True,,M3,Other candidates,0.0,,,fast,,0,,1374,697,11
stanford webauth 3.5.2,microsoft,,,,,0.0,cpe:2.3:a:microsoft:*:*:*:*:*:*:*:*:*,True,,M3,Other candidates,0.0,,,fast,,0,,1670,692,11
psi electronic logbook 2.0.5,microsoft,,,,,0.0,cpe:2.3:a:microsoft:*:*:*:*:*:*:*:*:*,True,,M3,Other candidates,0.0,,,fast,,0,,1900,692,11
prestashop correos express 1.7.6.5 for prestashop,magento,,,,prestashop,0.0,cpe:2.3:a:magento:*:*:*:*:*:*:prestashop:*:*,True,,M3,Other candidates,0.0,,,fast,,0,,1673,722,14
imgpals img pals photo host 1.0,microsoft,,,,,0.0,cpe:2.3:a:microsoft:*:*:*:*:*:*:*:*:*,True,,M3,Other candidates,0.0,,,fast,,0,,1800,697,11
filezilla-project filezilla client 3.11.0 release candidate 1,microsoft,,,,,0.0,cpe:2.3:a:microsoft:*:*:*:*:*:*:*:*:*,True,,M3,Other candidates,0.0,,,fast,,0,,2004,727,11
canonical snapd 2.35,microsoft,,,beta,,0.0,cpe:2.3:a:microsoft:*:*:beta:*:*:*:*:*:*,True,,M3,Other candidates,0.0,,,fast,,0,,1680,682,11
tgstation13 tgstation-server 4.0.1.3,microsoft,,,beta,,0.0,cpe:2.3:a:microsoft:*:*:beta:*:*:*:*:*:*,True,,M3,Other candidates,0.0,,,fast,,0,,1946,717,11
juniper junos 15.1x53 d45,microsoft,,,,,0.0,cpe:2.3:a:microsoft:*:*:*:*:*:*:*:*:*,True,,M3,Other candidates,0.0,,,fast,,0,,1424,717,11
gchq cyberchef 8.29.1,microsoft,,,,,0.0,cpe:2.3:a:microsoft:*:*:*:*:*:*:*:*:*,True,,M3,Other candidates,0.0,,,fast,,0,,1783,702,11
apperta openeyes 2.1,microsoft,,,,,0.0,cpe:2.3:a:microsoft:*:*:*:*:*:*:*:*:*,True,,M3,Other candidates,0.0,,,fast,,0,,1864,682,11
veritas storage foundation 6.1,microsoft,,,,,0.0,cpe:2.3:a:microsoft:*:*:*:*:*:*:*:*:*,True,,M3,Other candidates,0.0,,,fast,,0,,1500,682,11
huawei manageone 6.5.1 rc2.b090,microsoft,,,rc2,,0.0,cpe:2.3:a:microsoft:*:*:rc2:*:*:*:*:*:*,True,,M3,Other candidates,0.0,,,fast,,0,,1700,722,12
tvt dvr firmware 3.1.87.p-1.0.4.2-17,microsoft,,,,,0.0,cpe:2.3:a:microsoft:*:*:*:*:*:*:*:*:*,True,,M3,Other candidates,0.0,,,fast,,0,,1849,762,11
hitachi replication manager 8.1.1,microsoft,,,,,0.0,cpe:2.3:a:microsoft:*:*:*:*:*:*:*:*:*,True,,M3,Other candidates,0.0,,,fast,,0,,1872,692,11
mitel micollab 8.1.112 for iphone os,mitel,,,,,0.0,cpe:2.3:a:mitel:*:*:*:*:*:*:*:*:*,True,,M3,Other candidates,0.0,,,fast,,0,,1310,722,11
xootix waitlist woocommerce 2.5.1 for wordpress,microsoft,,,,,0.0,cpe:2.3:a:microsoft:*:*:*:*:*:*:*:*:*,True,,M3,Other candidates,0.0,,,fast,,0,,1107,717,11
paessler prtg network monitor 19.2.49.2001,microsoft,,,,,0.0,cpe:2.3:a:microsoft:*:*:*:*:*:*:*:*:*,True,,M3,Other candidates,0.0,,,fast,,0,,1641,737,11
"heateor super socializer (social share, social login and social comments plugin) 7.12.29 for wordpress",microsoft,femanager,,,,0.0,cpe:2.3:a:microsoft:femanager:*:*:*:*:*:*:*:*,True,,M3,Other candidates,0.0,,,fast,,0,,1836,777,13
sizmic labs plugmatter optin feature box 2.0.1 for wordpress,microsoft,,,,,0.0,cpe:2.3:a:microsoft:*:*:*:*:*:*:*:*:*,True,,M3,Other candidates,0.0,,,fast,,0,,2012,732,11
digitalcorpora tcpflow 1.2.7,microsoft,,,,,0.0,cpe:2.3:a:microsoft:*:*:*:*:*:*:*:*:*,True,,M3,Other candidates,0.0,,,fast,,0,,1862,697,11
pivotal elastic runtime 1.6.5,microsoft,,,beta,,0.0,cpe:2.3:a:microsoft:*:*:beta:*:*:*:*:*:*,True,,M3,Other candidates,0.0,,,fast,,0,,1684,697,11
jenkins subversion 1.2 for jenkins,microsoft,,,,,0.0,cpe:2.3:a:microsoft:*:*:*:*:*:*:*:*:*,True,,M3,Other candidates,0.0,,,fast,,0,,1785,697,11
group-office group office 6.3.72,microsoft,,,,,0.0,cpe:2.3:a:microsoft:*:*:*:*:*:*:*:*:*,True,,M3,Other candidates,0.0,,,fast,,0,,1830,697,11
f5 networks traffic management operating system (tmos) 9.6.0,microsoft,,,beta,,0.0,cpe:2.3:a:microsoft:*:*:beta:*:*:*:*:*:*,True,,M3,Other candidates,0.0,,,fast,,0,,1677,727,11
bullguard safe browsing 16.0.323,microsoft,,,beta,,0.0,cpe:2.3:a:microsoft:*:*:beta:*:*:*:*:*:*,True,,M3,Other candidates,0.0,,,fast,,0,,1954,707,11
sqlsentry sql sentry 4.2,microsoft,,,,,0.0,cpe:2.3:a:microsoft:*:*:*:*:*:*:*:*:*,True,,M3,Other candidates,0.0,,,fast,,0,,1637,692,11
siemens simatic ipc847e firmware 25.02.06,microsoft,,,,,0.0,cpe:2.3:a:microsoft:*:*:*:*:*:*:*:*:*,True,,M3,Other candidates,0.0,,,fast,,0,,1431,737,11
plex media server 1.18.2.2029,microsoft,,,,,0.0,cpe:2.3:a:microsoft:*:*:*:*:*:*:*:*:*,True,,M3,Other candidates,0.0,,,fast,,0,,1773,717,11
facebook hhvm 4.8.2,microsoft,,,,,0.0,cpe:2.3:a:microsoft:*:*:*:*:*:*:*:*:*,True,,M3,Other candidates,0.0,,,fast,,0,,1840,687,11
themeinprogress nova lite 1.3.1 for wordpress,microsoft,,,,,0.0,cpe:2.3:a:microsoft:*:*:*:*:*:*:*:*:*,True,,M3,Other candidates,0.0,,,fast,,0,,1590,707,11
d-circle power egg 2.9 patch 4,microsoft,,,,,0.0,cpe:2.3:a:microsoft:*:*:*:*:*:*:*:*:*,True,,M3,Other candidates,0.0,,,fast,,0,,1409,697,11
sernet verinice 1.6.4,microsoft,,,,,0.0,cpe:2.3:a:microsoft:*:*:*:*:*:*:*:*:*,True,,M3,Other candidates,0.0,,,fast,,0,,1661,697,11
agilebits knox 2.1.11 - for macos,microsoft,,,,,0.0,cpe:2.3:a:microsoft:*:*:*:*:*:*:*:*:*,True,,M3,Other candidates,0.0,,,fast,,0,,1839,722,11
xmlsoft libxslt 1.1.0,microsoft,,,,,0.0,cpe:2.3:a:microsoft:*:*:*:*:*:*:*:*:*,True,,M3,Other candidates,0.0,,,fast,,0,,1710,697,11
framasoft peertube 2.2.0,microsoft,,,,,0.0,cpe:2.3:a:microsoft:*:*:*:*:*:*:*:*:*,True,,M3,Other candidates,0.0,,,fast,,0,,1515,702,11
distinctdev the moron test 5.1 for iphone os,microsoft,,,,,0.0,cpe:2.3:a:microsoft:*:*:*:*:*:*:*:*:*,True,,M3,Other candidates,0.0,,,fast,,0,,1770,707,11
intel nuc7i3bnk firmware ayaplcel.86a.0041,,,,,,0.0,,False,,,,0.0,,no vendor/product extracted,fast,,0,,1853,747,10
verifone verix multi-app conductor 2.7,microsoft,,,,,0.0,cpe:2.3:a:microsoft:*:*:*:*:*:*:*:*:*,True,,M3,Other candidates,0.0,,,fast,,0,,1415,702,11
extenua silvershield 6.1.4.134,microsoft,,,,,0.0,cpe:2.3:a:microsoft:*:*:*:*:*:*:*:*:*,True,,M3,Other candidates,0.0,,,fast,,0,,1443,727,11
octopus halibut 4.3.5,microsoft,,,,,0.0,cpe:2.3:a:microsoft:*:*:*:*:*:*:*:*:*,True,,M3,Other candidates,0.0,,,fast,,0,,1429,697,11
cybozu remote service manager 2.2.0,microsoft,,,,,0.0,cpe:2.3:a:microsoft:*:*:*:*:*:*:*:*:*,True,,M3,Other candidates,0.0,,,fast,,0,,1746,702,11
supsystic data tables generator 1.9.92 for wordpress,microsoft,,,,,0.0,cpe:2.3:a:microsoft:*:*:*:*:*:*:*:*:*,True,,M3,Other candidates,0.0,,,fast,,0,,1950,722,11
apache software foundation  poi 3.8 beta1,microsoft,,,beta,,0.0,cpe:2.3:a:microsoft:*:*:beta:*:*:*:*:*:*,True,,M3,Other candidates,0.0,,,fast,,0,,1489,697,11
zope products.genericsetup 1.7.5,microsoft,,,,,0.0,cpe:2.3:a:microsoft:*:*:*:*:*:*:*:*:*,True,,M3,Other candidates,0.0,,,fast,,0,,1683,697,11
acquia mautic 2.14.0 beta,microsoft,,,beta,,0.0,cpe:2.3:a:microsoft:*:*:beta:*:*:*:*:*:*,True,,M3,Other candidates,0.0,,,fast,,0,,1925,707,11
eclipse openj9 0.13.0 release candidate 1,microsoft,,,,,0.0,cpe:2.3:a:microsoft:*:*:*:*:*:*:*:*:*,True,,M3,Other candidates,0.0,,,fast,,0,,1863,722,11
obeo uml designer 8.1.0,microsoft,,,beta,,0.0,cpe:2.3:a:microsoft:*:*:beta:*:*:*:*:*:*,True,,M3,Other candidates,0.0,,,fast,,0,,1722,697,11
zzzcms zzzphp 1.4.9,microsoft,,,,,0.0,cpe:2.3:a:microsoft:*:*:*:*:*:*:*:*:*,True,,M3,Other candidates,0.0,,,fast,,0,,1769,702,11
cisco sf250-50p firmware 2.5.0.90,microsoft,,,,,0.0,cpe:2.3:a:microsoft:*:*:*:*:*:*:*:*:*,True,,M3,Other candidates,0.0,,,fast,,0,,1620,742,11
vmware intelligent hub 5.8.1 iphone os,microsoft,,,,,0.0,cpe:2.3:a:microsoft:*:*:*:*:*:*:*:*:*,True,,M3,Other candidates,0.0,,,fast,,0,,1583,702,11
webappick woocommerce product feed 3.1.11 for wordpress,microsoft,,,,,0.0,cpe:2.3:a:microsoft:*:*:*:*:*:*:*:*:*,True,,M3,Other candidates,0.0,,,fast,,0,,1678,722,11
qnap qts 4.3.6.1411,microsoft,,,,,0.0,cpe:2.3:a:microsoft:*:*:*:*:*:*:*:*:*,True,,M3,Other candidates,0.0,,,fast,,0,,1817,717,11
amazee lagoon 0.24.0,microsoft,,,,,0.0,cpe:2.3:a:microsoft:*:*:*:*:*:*:*:*:*,True,,M3,Other candidates,0.0,,,fast,,0,,1771,702,11
transloadit uppy 0.20.0 for node.js,microsoft,,,,node.js,0.0,cpe:2.3:a:microsoft:*:*:*:*:*:*:node.js:*:*,True,,M3,Other candidates,0.0,,,fast,,0,,1813,717,12
ifdefined bugtracker.net 2.7.8,microsoft,,,,,0.0,cpe:2.3:a:microsoft:*:*:*:*:*:*:*:*:*,True,,M3,Other candidates,0.0,,,fast,,0,,1885,697,11
foscam c1 webcam firmware 1.9.1.12,microsoft,,,,,0.0,cpe:2.3:a:microsoft:*:*:*:*:*:*:*:*:*,True,,M3,Other candidates,0.0,,,fast,,0,,1429,717,11
promotionalshop promotional items (aka com.wpromotionalitems) for android 0.1,microsoft,,,,,0.0,cpe:2.3:a:microsoft:*:*:*:*:*:*:*:*:*,True,,M3,Other candidates,0.0,,,fast,,0,,1682,737,11
prusa3d prusaslicer 1.2.4,microsoft,,,,,0.0,cpe:2.3:a:microsoft:*:*:*:*:*:*:*:*:*,True,,M3,Other candidates,0.0,,,fast,,0,,1890,712,11
wacom driver 6.3.32-3,microsoft,,,,,0.0,cpe:2.3:a:microsoft:*:*:*:*:*:*:*:*:*,True,,M3,Other candidates,0.0,,,fast,,0,,1585,702,11
wpchill rsvp and event management 2.3.4 for wordpress,microsoft,,,,,0.0,cpe:2.3:a:microsoft:*:*:*:*:*:*:*:*:*,True,,M3,Other candidates,0.0,,,fast,,0,,1388,722,11
quadbase espressdashboard 7.0 update 7,microsoft,,,,,0.0,cpe:2.3:a:microsoft:*:*:*:*:*:*:*:*:*,True,,M3,Other candidates,0.0,,,fast,,0,,1700,702,11
wso2 transport-http 6.3.1,microsoft,,,,,0.0,cpe:2.3:a:microsoft:*:*:*:*:*:*:*:*:*,True,,M3,Other candidates,0.0,,,fast,,0,,1838,697,11
apache software foundation druid 0.6.121,microsoft,,,,,0.0,cpe:2.3:a:microsoft:*:*:*:*:*:*:*:*:*,True,,M3,Other candidates,0.0,,,fast,,0,,1599,707,11
spinnaker orca 0.121,microsoft,,,beta,,0.0,cpe:2.3:a:microsoft:*:*:beta:*:*:*:*:*:*,True,,M3,Other candidates,0.0,,,fast,,0,,1426,697,11
denx u-boot 2016.03 release candidate 3,microsoft,,,,,0.0,cpe:2.3:a:microsoft:*:*:*:*:*:*:*:*:*,True,,M3,Other candidates,0.0,,,fast,,0,,1753,722,11
shrew soft vpn client 2.1.4,microsoft,,,,,0.0,cpe:2.3:a:microsoft:*:*:*:*:*:*:*:*:*,True,,M3,Other candidates,0.0,,,fast,,0,,1901,697,11
htc android sensation z710e gri40,,,,,,0.0,,False,,,,0.0,,no vendor/product extracted,fast,,0,,1635,702,10
polycom realpresence web suite 2.0.2,microsoft,,,,,0.0,cpe:2.3:a:microsoft:*:*:*:*:*:*:*:*:*,True,,M3,Other candidates,0.0,,,fast,,0,,2004,702,11
spinnaker orca 3.37.0,microsoft,,,beta,,0.0,cpe:2.3:a:microsoft:*:*:beta:*:*:*:*:*:*,True,,M3,Other candidates,0.0,,,fast,,0,,1584,702,11
gnome librest 0.7.3,microsoft,,,,,0.0,cpe:2.3:a:microsoft:*:*:*:*:*:*:*:*:*,True,,M3,Other candidates,0.0,,,fast,,0,,1935,692,11
squiz matrix 5.5.2.4,in2code,,,,,0.0,cpe:2.3:a:in2code:*:*:*:*:*:*:*:*:*,True,,M3,Other candidates,0.0,,,fast,,0,,1277,697,12
hapi inert 4.0.3 for node.js,microsoft,,,,node.js,0.0,cpe:2.3:a:microsoft:*:*:*:*:*:*:node.js:*:*,True,,M3,Other candidates,0.0,,,fast,,0,,1422,702,12
axis communications q1922-e firmware 5.51.5,microsoft,,,,,0.0,cpe:2.3:a:microsoft:*:*:*:*:*:*:*:*:*,True,,M3,Other candidates,0.0,,,fast,,0,,1712,722,11
gencat artacces (aka cat.gencat.mobi.artacces) for android 1.0,microsoft,,,,,0.0,cpe:2.3:a:microsoft:*:*:*:*:*:*:*:*:*,True,,M3,Other candidates,0.0,,,fast,,0,,1785,762,11
txjia imcat 3.7,microsoft,,,,,0.0,cpe:2.3:a:microsoft:*:*:*:*:*:*:*:*:*,True,,M3,Other candidates,0.0,,,fast,,0,,1958,687,11
novell groupwise 2014 service pack 2,microsoft,,,,,0.0,cpe:2.3:a:microsoft:*:*:*:*:*:*:*:*:*,True,,M3,Other candidates,0.0,,,fast,,0,,1314,707,11
forcepoint next generation firewall (ngfw) 6.6.7,microsoft,,,,,0.0,cpe:2.3:a:microsoft:*:*:*:*:*:*:*:*:*,True,,M3,Other candidates,0.0,,,fast,,0,,1649,717,11
pressified sendpress 1.9.3.21 for wordpress,microsoft,,,,,0.0,cpe:2.3:a:microsoft:*:*:*:*:*:*:*:*:*,True,,M3,Other candidates,0.0,,,fast,,0,,2084,717,11
teradata fastload 13.10.0.9,microsoft,,,,,0.0,cpe:2.3:a:microsoft:*:*:*:*:*:*:*:*:*,True,,M3,Other candidates,0.0,,,fast,,0,,1295,712,11
fortinet forticlient endpoint management server (ems) 6.2.1,microsoft,,,beta,,0.0,cpe:2.3:a:microsoft:*:*:beta:*:*:*:*:*:*,True,,M3,Other candidates,0.0,,,fast,,0,,1512,727,11
linuxsampler libgig 4.1.0,microsoft,,,,,0.0,cpe:2.3:a:microsoft:*:*:*:*:*:*:*:*:*,True,,M3,Other candidates,0.0,,,fast,,0,,1769,702,11
bitnami containers 7.28.0-debian-10-r16 for laravel,microsoft,,,,node_php,0.0,cpe:2.3:a:microsoft:*:*:*:*:*:*:node_php:*:*,True,,M3,Other candidates,0.0,,,fast,,0,,1743,752,12
gnome glib 2.51.2,microsoft,,,,,0.0,cpe:2.3:a:microsoft:*:*:*:*:*:*:*:*:*,True,,M3,Other candidates,0.0,,,fast,,0,,1547,697,11
spheredev minisphere 1.5.2,microsoft,,,,,0.0,cpe:2.3:a:microsoft:*:*:*:*:*:*:*:*:*,True,,M3,Other candidates,0.0,,,fast,,0,,1685,702,11
apache software foundation druid 0.4.11,microsoft,,,,,0.0,cpe:2.3:a:microsoft:*:*:*:*:*:*:*:*:*,True,,M3,Other candidates,0.0,,,fast,,0,,1647,702,11
trumani stop spammers 2021 for wordpress,microsoft,,,,,0.0,cpe:2.3:a:microsoft:*:*:*:*:*:*:*:*:*,True,,M3,Other candidates,0.0,,,fast,,0,,1522,707,11
zteusa zte zmax pro firmware 6.0.1,microsoft,,,,,0.0,cpe:2.3:a:microsoft:*:*:*:*:*:*:*:*:*,True,,M3,Other candidates,0.0,,,fast,,0,,1755,712,11
symantec mail security 7.5.4 for microsoft exchange,microsoft,,,,,0.0,cpe:2.3:a:microsoft:*:*:*:*:*:*:*:*:*,True,,M3,Other candidates,0.0,,,fast,,0,,1604,712,11
alfasado powercms 3.294,microsoft,,,,,0.0,cpe:2.3:a:microsoft:*:*:*:*:*:*:*:*:*,True,,M3,Other candidates,0.0,,,fast,,0,,1499,697,11
mellium xmpp 0.6.0,,,,,,0.0,,False,,,,0.0,,no vendor/product extracted,fast,,0,,1743,697,10
apereo central authentication service (cas) 5.2.4,microsoft,,,,,0.0,cpe:2.3:a:microsoft:*:*:*:*:*:*:*:*:*,True,,M3,Other candidates,0.0,,,fast,,0,,1788,712,11
akeo rufus 1.4.0,microsoft,,,beta,,0.0,cpe:2.3:a:microsoft:*:*:beta:*:*:*:*:*:*,True,,M3,Other candidates,0.0,,,fast,,0,,1591,697,11
artistscope copysafe web protection 2.5 for wordpress,microsoft,,,,,0.0,cpe:2.3:a:microsoft:*:*:*:*:*:*:*:*:*,True,,M3,Other candidates,0.0,,,fast,,0,,1835,707,11
omniscale mapproxy 0.9.1,microsoft,,,,,0.0,cpe:2.3:a:microsoft:*:*:*:*:*:*:*:*:*,True,,M3,Other candidates,0.0,,,fast,,0,,1304,702,11
gryphonconnect gryphon tower firmware 03.0002.74,microsoft,,,,,0.0,cpe:2.3:a:microsoft:*:*:*:*:*:*:*:*:*,True,,M3,Other candidates,0.0,,,fast,,0,,1578,742,11
zoneland o2oa 5.3.4,in2code,,,,,0.0,cpe:2.3:a:in2code:*:*:*:*:*:*:*:*:*,True,,M3,Other candidates,0.0,,,fast,,0,,1838,697,12
1up oneupuploaderbundle 1.7.4,microsoft,,,,,0.0,cpe:2.3:a:microsoft:*:*:*:*:*:*:*:*:*,True,,M3,Other candidates,0.0,,,fast,,0,,1859,702,11
netgate haproxy 0.26 for pfsense,microsoft,,,,,0.0,cpe:2.3:a:microsoft:*:*:*:*:*:*:*:*:*,True,,M3,Other candidates,0.0,,,fast,,0,,1311,712,11
safe software fme server 2019.2.2.0,microsoft,,,,,0.0,cpe:2.3:a:microsoft:*:*:*:*:*:*:*:*:*,True,,M3,Other candidates,0.0,,,fast,,0,,1587,722,11
absolunet kafe 2.1.0,,,,,,0.0,,False,,,,0.0,,no vendor/product extracted,fast,,0,,1761,702,10
orange livebox 1.1 firmware 26014a,microsoft,,,,,0.0,cpe:2.3:a:microsoft:*:*:*:*:*:*:*:*:*,True,,M3,Other candidates,0.0,,,fast,,0,,1732,717,11
tenefit kaazing websocket gateway (kwg) 4.0.2,microsoft,,,,,0.0,cpe:2.3:a:microsoft:*:*:*:*:*:*:*:*:*,True,,M3,Other candidates,0.0,,,fast,,0,,1802,727,11
bosch cpp7.3 firmware 7.73,microsoft,,,,,0.0,cpe:2.3:a:microsoft:*:*:*:*:*:*:*:*:*,True,,M3,Other candidates,0.0,,,fast,,0,,1601,702,11
phusion passenger 5.1.0,microsoft,,,beta,node.js,0.0,cpe:2.3:a:microsoft:*:*:beta:*:*:*:node.js:*:*,True,,M3,Other candidates,0.0,,,fast,,0,,1385,687,12
web-feet coaster cms 5.5.0,microsoft,,,,,0.0,cpe:2.3:a:microsoft:*:*:*:*:*:*:*:*:*,True,,M3,Other candidates,0.0,,,fast,,0,,1595,697,11
ampforwp accelerated mobile pages 1.0.77.12 for wordpress,microsoft,,,,,0.0,cpe:2.3:a:microsoft:*:*:*:*:*:*:*:*:*,True,,M3,Other candidates,0.0,,,fast,,0,,1784,732,11
softvelum nimble streamer 3.0.9-9,microsoft,,,,,0.0,cpe:2.3:a:microsoft:*:*:*:*:*:*:*:*:*,True,,M3,Other candidates,0.0,,,fast,,0,,1681,717,11
luracast restler 1.6.10 for typo3,microsoft,,,,typo3,0.0,cpe:2.3:a:microsoft:*:*:*:*:*:*:typo3:*:*,True,,M3,Other candidates,0.0,,,fast,,0,,1535,722,13
haxx curl 7.70.0,microsoft,,,beta,,0.0,cpe:2.3:a:microsoft:*:*:beta:*:*:*:*:*:*,True,,M3,Other candidates,0.0,,,fast,,0,,1747,697,11
intuit quickbooks 2011,microsoft,,,,,0.0,cpe:2.3:a:microsoft:*:*:*:*:*:*:*:*:*,True,,M3,Other candidates,0.0,,,fast,,0,,1829,687,11
multitech faxfinder 3.2.7,microsoft,,,,,0.0,cpe:2.3:a:microsoft:*:*:*:*:*:*:*:*:*,True,,M3,Other candidates,0.0,,,fast,,0,,1427,692,11
kde kconfig 5.47.0,microsoft,,,,,0.0,cpe:2.3:a:microsoft:*:*:*:*:*:*:*:*:*,True,,M3,Other candidates,0.0,,,fast,,0,,1732,697,11
skyworth gn542vf firmware 2.0.0.16,microsoft,,,,,0.0,cpe:2.3:a:microsoft:*:*:*:*:*:*:*:*:*,True,,M3,Other candidates,0.0,,,fast,,0,,1792,727,11
hivemq broker control center 4.4.1,microsoft,,,,,0.0,cpe:2.3:a:microsoft:*:*:*:*:*:*:*:*:*,True,,M3,Other candidates,0.0,,,fast,,0,,1875,707,11
sap openui5 1.34.5,microsoft,,,,,0.0,cpe:2.3:a:microsoft:*:*:*:*:*:*:*:*:*,True,,M3,Other candidates,0.0,,,fast,,0,,1712,702,11
saasproject booking package 1.3.76 for wordpress,microsoft,,,,,0.0,cpe:2.3:a:microsoft:*:*:*:*:*:*:*:*:*,True,,M3,Other candidates,0.0,,,fast,,0,,1816,712,11
broadcom unicenter tng 2.4,microsoft,,,beta,,0.0,cpe:2.3:a:microsoft:*:*:beta:*:*:*:*:*:*,True,,M3,Other candidates,0.0,,,fast,,0,,1542,697,11
netwin surgeftp 2.3b1,microsoft,,,beta,,0.0,cpe:2.3:a:microsoft:*:*:beta:*:*:*:*:*:*,True,,M3,Other candidates,0.0,,,fast,,0,,1939,692,11
rpm yum-utils 1.1.0,microsoft,,,,,0.0,cpe:2.3:a:microsoft:*:*:*:*:*:*:*:*:*,True,,M3,Other candidates,0.0,,,fast,,0,,1435,687,11
plataformatec devise 1.1.0,microsoft,,,,,0.0,cpe:2.3:a:microsoft:*:*:*:*:*:*:*:*:*,True,,M3,Other candidates,0.0,,,fast,,0,,1628,702,11
danielb finder module for drupal 6.x-1.0-rc4,microsoft,,,,,0.0,cpe:2.3:a:microsoft:*:*:*:*:*:*:*:*:*,True,,M3,Other candidates,0.0,,,fast,,0,,1878,732,11
magzter motor (aka com.magzter.motorhwpublishing) for android 3.0,magnitz,,,,,0.0,cpe:2.3:a:magnitz:*:*:*:*:*:*:*:*:*,True,,M3,Other candidates,0.0,,,fast,,0,,1596,757,12
zemana antimalware 2.18.1.466 beta,microsoft,,,beta,,0.0,cpe:2.3:a:microsoft:*:*:beta:*:*:*:*:*:*,True,,M3,Other candidates,0.0,,,fast,,0,,1908,727,11
sourcefabric newscoop 3.6.0 beta 2,microsoft,,,beta,,0.0,cpe:2.3:a:microsoft:*:*:beta:*:*:*:*:*:*,True,,M3,Other candidates,0.0,,,fast,,0,,1652,707,11
solarwinds dameware mini remote control 7.5.9.1,microsoft,,,,,0.0,cpe:2.3:a:microsoft:*:*:*:*:*:*:*:*:*,True,,M3,Other candidates,0.0,,,fast,,0,,1594,727,11
phpace samswhois plugin for wordpress 1.1,microsoft,,,,,0.0,cpe:2.3:a:microsoft:*:*:*:*:*:*:*:*:*,True,,M3,Other candidates,0.0,,,fast,,0,,1827,707,11
cisco hyperflex hx data platform 2.5,microsoft,,,,,0.0,cpe:2.3:a:microsoft:*:*:*:*:*:*:*:*:*,True,,M3,Other candidates,0.0,,,fast,,0,,1685,697,11
oracle hardware management pack 2.3.7,microsoft,,,,,0.0,cpe:2.3:a:microsoft:*:*:*:*:*:*:*:*:*,True,,M3,Other candidates,0.0,,,fast,,0,,1381,692,11
madshi madcodehook 4.1.3,in2code,,,,,0.0,cpe:2.3:a:in2code:*:*:*:*:*:*:*:*:*,True,,M3,Other candidates,0.0,,,fast,,0,,1698,697,12
rosariosis student information system 2.8.9,microsoft,,,,,0.0,cpe:2.3:a:microsoft:*:*:*:*:*:*:*:*:*,True,,M3,Other candidates,0.0,,,fast,,0,,1764,702,11
zyantific zydis 2.0.3,microsoft,,,,,0.0,cpe:2.3:a:microsoft:*:*:*:*:*:*:*:*:*,True,,M3,Other candidates,0.0,,,fast,,0,,1596,702,11
artifex jbig2dec 0.13 for gpl ghostscript,microsoft,,,,,0.0,cpe:2.3:a:microsoft:*:*:*:*:*:*:*:*:*,True,,M3,Other candidates,0.0,,,fast,,0,,1433,727,11
photogallerycreator grand flagallery (flash-album-gallery) plugin 0.35,in2code,,,,,0.0,cpe:2.3:a:in2code:*:*:*:*:*:*:*:*:*,True,,M3,Other candidates,0.0,,,fast,,0,,1811,737,12
litespeedtech litespeed cache 3.2.2 for wordpress,microsoft,,,,,0.0,cpe:2.3:a:microsoft:*:*:*:*:*:*:*:*:*,True,,M3,Other candidates,0.0,,,fast,,0,,1936,722,11
nextcloud desktop 3.2.0 release candidate 2,microsoft,,,,,0.0,cpe:2.3:a:microsoft:*:*:*:*:*:*:*:*:*,True,,M3,Other candidates,0.0,,,fast,,0,,1406,707,11
reddit snudown 1.5.0,microsoft,,,,,0.0,cpe:2.3:a:microsoft:*:*:*:*:*:*:*:*:*,True,,M3,Other candidates,0.0,,,fast,,0,,1725,692,11
gnome librsvg 2.44.16,microsoft,,,,,0.0,cpe:2.3:a:microsoft:*:*:*:*:*:*:*:*:*,True,,M3,Other candidates,0.0,,,fast,,0,,1789,702,11
alfasado powercms 5.17,microsoft,,,,,0.0,cpe:2.3:a:microsoft:*:*:*:*:*:*:*:*:*,True,,M3,Other candidates,0.0,,,fast,,0,,1392,692,11
denx u-boot 2018.05,microsoft,,,,,0.0,cpe:2.3:a:microsoft:*:*:*:*:*:*:*:*:*,True,,M3,Other candidates,0.0,,,fast,,0,,1691,702,11
cisco iox 1.8.0,microsoft,,,beta,,0.0,cpe:2.3:a:microsoft:*:*:beta:*:*:*:*:*:*,True,,M3,Other candidates,0.0,,,fast,,0,,1712,692,11
