,id,title,ner_vendor,scr_vendor,ner_product,scr_product,ner_version,scr_version
0,341624,Hitachi Relion 650 Firmware 2.2.0,hitachi,0.9999809,relion 650 firmware,0.9998693,2.2,0.9997483491897583
1,283838,Gchq Stroom 5.0 Beta55,gchq,0.9999771,stroom,0.9999567,5..,0.8004249334335327
2,226978,Electronjs Electron 9.0.0 Beta 23,electronjs,0.99998105,electron,0.9999404,9...0,0.9844781160354614
3,87341,Bitdefender GravityZone 6.3.3-2,bitdefender,0.9999831,gravityzone,0.9999629,6.3,0.9996633529663086
4,128889,Cisco C888 Integrated Services Router -,cisco,0.9999542,c888 integrated services router,0.9970978,-,0.9996460676193237
5,445657,JWT Project JWT 3.4.6,jwt project,0.99992406,jwt,0.9999608,3...4,0.9953421354293823
6,795502,Sysstat Project Sysstat 11.0.5,sysstat project,0.999897,sysstat,0.999969,11.0,0.9998894929885864
7,811184,thoughtbot clearance 0.13.0,thoughtbot,0.9999826,clearance,0.9999573,0.13,0.9998832941055298
8,721527,Samba Cifs-utils 6.13,samba,0.99997914,cifs - utils,0.9997944,6,0.9999688863754272
9,383185,IBM Websphere Portal 6.1.0.5,ibm,0.9999784,websphere portal,0.999805,6.1,0.9999114871025085
10,673228,pytest py 1.7.0,pytest,0.9999814,py,0.999966,1...7,0.965033769607544
11,37571,Apache Software Foundation Java Chassis 2.2.0,apache,0.9999654,java chassis,0.99983156,2.2,0.9998739957809448
12,359144,HP Web Registration 130.0.132.17,hp,0.9999764,web registration,0.9999191,130...0.132,0.9956897497177124
13,433811,Jflyfox Jfinal CMS 2.9.1,jflyfox,0.9999808,jfinal cms,0.9998735,2.9,0.9998639822006226
14,472056,libcap-ng Project libcap-ng 0.7.6,libcap - ng project,0.9998759,libcap - ng,0.999826,0.7,0.99989914894104
15,314859,Google Chrome 11.0.686.2,google,0.9999813,chrome,0.99994576,11...0,0.9902803897857666
16,772819,Spirton Universal Media Server (UMS) 5.2.3,spirton,0.9999783,universal media server,0.99974173,5.2,0.9998471736907959
17,461684,Laravel Framework 5.8.33,laravel,0.99998164,framework,0.999956,5...8,0.9146469831466675
18,234126,Encodable FileChucker 4.87,encodable,0.99997807,filechucker,0.99994886,4..,0.7535316944122314
19,858080,VirusTotal YARA 3.1.0,virustotal,0.99998164,yara,0.9999573,3.1,0.9998431205749512
20,147930,Cisco SPA 501G Firmware 7.6.2,cisco,0.99997485,spa 501g firmware,0.9996925,7.6,0.9998410940170288
21,317675,Google Chrome 69.0.3497.34,google,0.99998164,chrome,0.99993575,69...0,0.9992896318435669
22,861315,VMware Spring Advanced Message Queuing Protocol (AMQP) 1.2.0 Release Candidate 1,vmware,0.9999783,spring advanced message queuing protocol,0.9998449,1.2,0.9994907975196838
23,558541,NETGEAR WNDR3400v3 Firmware 1.0.1.32,netgear,0.9999795,wndr3400v3 firmware,0.9997122,1...0.1,0.8960752487182617
24,611360,Oracle Middleware Common Libraries And Tools 12.2.1.4.0,oracle,0.9999666,middleware common libraries and tools,0.9998072,12.2.1,0.998753011226654
25,383411,IBM Workload Scheduler 9.3.0.4,ibm,0.99997866,workload scheduler,0.9998859,9.3,0.999906063079834
26,315644,Google Chrome 17.0.963.78,google,0.999982,chrome,0.999948,17...0,0.9970937967300415
27,35252,Apache Software Foundation Druid 0.5.3,apache,0.99997044,druid,0.99996233,0.5,0.999874472618103
28,244742,External Media Project External Media 1.0.33 for WordPress,external media project,0.99991685,external media,0.99993324,1...0,0.9995014667510986
29,771485,Spinnaker Orca 1.395.2,spinnaker,0.9999826,orca,0.99996364,1...395,0.96576988697052
30,236230,eProsima Fast-RTPS 1.8.3,eprosima,0.999979,fast - rtps,0.9998505,1...8,0.9589279890060425
31,609862,Oracle Insurance Rules Palette 11.1.0,oracle,0.9999782,insurance rules palette,0.9998627,11.1,0.997380256652832
32,57094,ASUS GT-AX11000 PRO FIRMWARE -,asus,0.9999746,gt - ax11000 pro firmware,0.99905574,-,0.9996898174285889
33,816274,TinyWebGallery Advanced iFrame 7.2.1 for WordPress,tinywebgallery,0.9999808,advanced iframe,0.9998787,7...2,0.9967455267906189
34,911157,Zalando Skipper 0.12.8,zalando,0.9999776,skipper,0.9999485,0...12,0.8951175212860107
35,370925,IBM Cognos Analytics Mobile 1.1.14 for Android,ibm,0.99997663,cognos analytics mobile,0.99957114,1...1,0.996796727180481
36,391024,Immer Project Immer 6.0.5 for Node.js,immer project,0.99993,immer,0.9999629,6...0,0.9983988404273987
37,338766,Helpful Project Helpful 4.4.23 for WordPress,helpful project,0.9999301,helpful,0.9998808,4...4,0.9968201518058777
38,226760,Electronjs Electron 1.8.2 -,electronjs,0.9999819,electron,0.99993634,1...8,0.9871037006378174
39,545651,Multiplayer-plugin Project Multiplayer-plugin 2.0.4 for WordPress,multiplayer - plugin project,0.99989015,multiplayer - plugin,0.99990565,2...0,0.9981250166893005
40,828757,Typelevel blaze 0.14.5,typelevel,0.999984,blaze,0.9999497,0.14,0.9999063014984131
41,412382,Iqonic Design Kivicare 2.4.7 for WordPress,iqonic,0.99998283,kivicare,0.99996936,2...4,0.9993981719017029
42,826212,TrouSerS Project TrouSerS 0.3.6,trousers project,0.99991053,trousers,0.9999052,0...3,0.9262540340423584
43,430466,Jenkins Warnings Next Generation 8.6.1 for Jenkins,jenkins,0.9999777,warnings next generation,0.9998849,8...6,0.9934216737747192
44,670948,Puppet stdlib 3.2.0 for Puppet,puppet,0.9999794,stdlib,0.99996376,3...2,0.9942805171012878
45,766274,SonarSource SonarQube Scanner 2.4.1 Release Candidate 2 for Jenkins,sonarsource,0.99997973,sonarqube scanner,0.9998685,2...4,0.9866880774497986
46,907703,Yithemes YITH WooCommerce Wishlist 3.0.2 Free Edition for WordPress,yithemes,0.9999827,yith woocommerce wishlist,0.99992466,3...0,0.9926238656044006
47,912280,ZEIT Serve 7.1.5 for Node.js,zeit,0.9999794,serve,0.99993527,7...1,0.9885736703872681
48,670604,Puppet Puppet Server 7.4.2,puppet,0.999967,puppet server,0.9997344,7.4,0.9997189044952393
49,238753,Estsoft ALSee 8.0,estsoft,0.9999825,alsee,0.99996877,8,0.9999345541000366
50,350030,HP DeskJet Ink Advantage 2600 Y5Z00A Firmware 1923,hp,0.9999639,deskjet ink advantage 2600 y5z00a firmware,0.9993665,1923,0.9998276233673096
51,177850,Cozmoslabs Profile Builder 2.7.9 for WordPress,cozmoslabs,0.9999794,profile builder,0.9999282,2...7,0.9988607168197632
52,895757,X.Org X Server 1.7.1.902,x.,0.9637319,x server,0.9997755,1...7.1,0.9299901723861694
53,911915,Zeen101 Leaky Paywall 4.14.6 for WordPress,zeen101,0.9999759,leaky paywall,0.9999187,4...14,0.9973294138908386
54,842240,VDE Project VDE 2.1.5 for Gentoo,vde project,0.9999258,vde,0.99995315,2...1,0.999568521976471
55,576336,npmjs npm 1.1.63,npmjs,0.9999677,npm,0.999966,1...1,0.9880792498588562
56,546484,My Calendar Project My Calendar 3.1.4 for WordPress,my calendar project,0.99985474,my calendar,0.9999149,3...1,0.9991742968559265
57,792091,Symfony Twig 2.4.1,symfony,0.9999821,twig,0.99995184,2...4,0.8829908967018127
58,647187,Pivotal Software Credhub-release 1.0.6,pivotal software,0.99993443,credhub release,0.9314128,1.0,0.999891996383667
59,907185,Yithemes YITH WooCommerce Request a Quote 1.3.5 Free Edition for WordPress,yithemes,0.99998236,yith woocommerce request a quote,0.99991274,1...3,0.8756909370422363
60,289461,Getrailo Railo 3.3.0.020,getrailo,0.9999814,railo,0.99995255,3...3...0,0.9705671072006226
61,31684,Anuko Time Tracker 1.17.60.4111,anuko,0.99997795,time tracker,0.99993724,1...17...60,0.924930214881897
62,682133,Quarx CMS Project Quarx CMS 1.4.22,quarx cms project,0.99989766,quarx cms,0.9998814,1...4,0.9680227041244507
63,404255,Intel Server System R2000WF Firmware 00.01.0012,intel,0.9999721,server system r2000wf firmware,0.998911,00...01,0.9634120464324951
64,677726,QNAP QTS 5.0.0.1981,qnap,0.9999808,qts,0.9999682,5...0.0,0.9612767100334167
65,445678,Jwt-go Project Jwt-go 2.1.0,jwt - go project,0.99982744,jwt - go,0.999851,2...1,0.9045141935348511
66,620590,oVirt Vdsm 4.30.12,ovirt,0.9999795,vdsm,0.9999651,4...30,0.9974691867828369
67,149064,Cisco TelePresence TC Software 8.1.0,cisco,0.99997663,telepresence tc software,0.9993436,8.1,0.9997799396514893
68,414635,ISC DHCP 4.1-ESV R14 Beta 1,isc,0.9999814,dhcp,0.99995637,4,0.999852180480957
69,534926,moinejf abcm2ps 4.9.3,moinejf,0.9999819,abcm2ps,0.9999535,4.9,0.9998668432235718
70,909610,Z.cash Zcash 1.1.1,z. cash,0.99935794,zcash,0.99995947,1.1,0.9998131394386292
71,875406,Wekan Project Wekan 0.86,wekan project,0.9999213,wekan,0.999956,0,0.99996018409729
72,339638,Hiawatha-Webserver Hiawatha 2.8.0,hiawatha,0.9999802,hiawatha,0.9999651,2.8,0.99964839220047
73,864289,VMware vSphere ESXi 6.5 650-201803001,vmware,0.9999795,vsphere esxi,0.9997487,6,0.9998592138290405
74,707939,Rocket.chat Livechat 1.7.4,rocket. chat,0.95872974,livechat,0.9998714,1...7,0.9412137269973755
75,194518,Dell EMC iDRAC7 2.50.50.50,dell,0.99997854,emc idrac7,0.9998768,2...50.50,0.9840160608291626
76,668037,PulseSecure Pulse Connect Secure (PCS) 8.0 R7.1,pulsesecure,0.9999764,pulse connect secure,0.99980515,8,0.9998581409454346
77,62967,Atlassian editor-core 88.0.0 for Node.js,atlassian,0.99998164,editor - core,0.9998749,88...0,0.998991847038269
78,787493,Svglib Project Svglib 0.9.3,svglib project,0.9999267,svglib,0.99996614,0.9,0.9999275803565979
79,551803,NEC Aterm WG1200CR Firmware 1.3.3,nec,0.9999796,aterm wg1200cr firmware,0.99969894,1.3,0.9998237490653992
80,72699,Avaya Aura Conferencing 9.0,avaya,0.99997807,aura conferencing,0.999874,9,0.9999449253082275
81,844534,Verint S5120FD Firmware Verint_FW_0_42units,verint,0.9999658,s5120fd firmware,0.9997091,verint._.fw._.0.42units,0.9312726259231567
82,4108,AAT SYSTEMY BEZPIECZEŃSTWA Novus Management System (NMS) 1.40.12,aat,0.9999696,novus management system,0.99982697,1.40,0.9998781681060791
83,401610,Intel IPMCTL 1.00.00.3515,intel,0.9999788,ipmctl,0.99987626,1...00...00,0.9915200471878052
84,601267,openSUSE libzypp 9.5.0,opensuse,0.9999819,libzypp,0.9999677,9.5,0.9997556209564209
85,514177,Mermaid Project Mermaid 8.2.6 for Node.js,mermaid project,0.9999277,mermaid,0.9999331,8...2,0.9981977939605713
86,281882,Gallagher Command Centre 8.20.1218,gallagher,0.9999776,command centre,0.99987614,8...20,0.9944923520088196
87,652020,Plainware ShiftController 4.5.0 for WordPress,plainware,0.99998,shiftcontroller,0.9999646,4...5,0.9918582439422607
88,810806,ThinkShout Mailchimp 7.x-5.2 for Drupal,thinkshout,0.9999821,mailchimp,0.9999552,7.5,0.9997646808624268
89,653618,Plugin-organizer Project Plugin-organizer 3.2.4 for WordPress,plugin - organizer project,0.9998933,plugin - organizer,0.9998812,3...2,0.9937276840209961
90,550413,Nathan Haug Webform Module for Drupal 6.x-3.0-beta2,nathan haug,0.99992543,webform,0.99989676,6.3,0.9997361898422241
91,689516,Realtek RTL8156B FIRMWARE 8.49,realtek,0.99998105,rtl8156b firmware,0.9997758,8,0.9999502897262573
92,785113,Supsystic Digital Publications By Supsystic 1.0.8 for WordPress,supsystic,0.9999815,digital publications by supsystic,0.99987483,1...0,0.9988489747047424
93,416823,Jackaudio JACK2 0.67,jackaudio,0.9999807,jack2,0.99996686,0,0.999954104423523
94,602252,openSUSE Wicked 0.6.31,opensuse,0.99998295,wicked,0.99994564,0...6,0.8892214298248291
95,208912,DNS library project DNS library 1.1.15,dns library project,0.9999092,dns library,0.99981004,1...1,0.967775285243988
96,254249,FasterXML Jackson-databind 2.4.4,fasterxml,0.99998176,jackson - databind,0.99981403,2...4,0.9595937132835388
97,538263,Mongoosejs Mongoose 6.3.0 for Node.js,mongoosejs,0.9999809,mongoose,0.9999685,6...3,0.9213376641273499
98,428294,Jenkins Resource Disposer 0.9 for Jenkins,jenkins,0.9999758,resource disposer,0.9999283,0,0.9999606609344482
99,74433,Axelor Open Suite 5.1.6,axelor,0.9999794,open suite,0.9997333,5...1,0.9020617008209229
100,40118,Apache Software Foundation Pluto 1.1.4,apache,0.99996877,pluto,0.9999453,1.1,0.9999229311943054
101,783692,Supermicro A1sri-2358f Firmware 3.83,supermicro,0.99997926,a1sri - 2358f firmware,0.99917305,3,0.9999592304229736
102,221999,Eclipse Mosquitto 0.14.4,eclipse,0.99997675,mosquitto,0.9999416,0.14,0.9998048543930054
103,546881,Mycolorway Simditor 2.0.4,mycolorway,0.99998116,simditor,0.9999683,2...0,0.8565658926963806
104,782236,SUMO Google Analyticator 5.3.1 for WordPress,sumo,0.99997187,google analyticator,0.9998963,5...3,0.9799066185951233
105,377128,IBM Rational Engineering Lifecycle Manager 7.0,ibm,0.99997437,rational engineering lifecycle manager,0.99978447,7,0.9998670816421509
106,869662,Web-Dorado Event Calendar WD 1.0.8 for WordPress,web - dorado,0.99709934,event calendar wd,0.99989086,1...0,0.9965083003044128
107,610778,Oracle Java Runtime Environment (JRE) 1.5.0 Update 15,oracle,0.99997246,java runtime environment,0.9995451,1.5,0.9957432746887207
108,138305,Cisco IOS 15.0DPA,cisco,0.9999747,ios,0.9998623,15,0.999871015548706
109,130718,Cisco Email Encryption 5.3.0-038,cisco,0.99997723,email encryption,0.9999074,5...3,0.9766895174980164
110,311504,Gofiber Fiber 1.8.42,gofiber,0.9999815,fiber,0.9999021,1...8,0.9909719228744507
111,546475,My Calendar Project My Calendar 3.0.15 for WordPress,my calendar project,0.99987835,my calendar,0.99992603,3...0,0.9997750520706177
112,390707,image-tiler Project image-tiler 0.2.0 for Node.js,image - tiler project,0.9998957,image - tiler,0.999918,0...2,0.8859006762504578
113,316372,Google Chrome 25.0.1364.97,google,0.99998164,chrome,0.99994814,25...0,0.9990599751472473
114,890745,WP-LiveChat WP Live Chat Support Wp Live Chat Support 4.2.11 for WordPress,wp,0.99994206,wp live chat support,0.9991722,4...2,0.8600192070007324
115,301170,Gnome Evolution-data-server 3.28.1,gnome,0.9999714,evolution - data - server,0.99963796,3...28,0.927526593208313
116,335329,Hashicorp Vault 1.0.0,hashicorp,0.9999819,vault,0.9999411,1.0,0.9996294975280762
117,647472,Pivotal Software Operations Manager 1.12.17,pivotal software,0.9999293,operations manager,0.99983,1...12,0.8582597970962524
118,401439,Intel iNet Wireless Daemon (IWD) 0.11,intel,0.9999796,inet wireless daemon,0.9996667,0,0.9999490976333618
119,292533,git-annex Project git-annex 3.20120309,git - annex project,0.99988383,git - annex,0.99987155,3..,0.8849648237228394
120,480378,LikeBtn Like Button Rating 2.6.19 for WordPress,likebtn,0.9999826,like button rating,0.9999075,2...6,0.9995133876800537
121,318312,Google Chrome 76.0.3809.62 Beta,google,0.9999814,chrome,0.99995244,76...0,0.9991074204444885
122,85244,BigProf AppGini 5.31,bigprof,0.9999802,appgini,0.99994123,5,0.9999626874923706
123,622465,Oxide Project Oxide 1.22.0,oxide project,0.9999166,oxide,0.9999502,1...22,0.8911122679710388
124,385404,IDrive RemotePC 7.6.27 for iPhone OS,idrive,0.99998057,remotepc,0.9999548,7...6,0.9969180822372437
125,506229,Matrix Sydent 2019-01-17,matrix,0.99998105,sydent,0.9999479,2019.01,0.8268904685974121
126,36889,Apache Software Foundation Apache HTTP Server 2.3.4,apache,0.9995264,http server,0.9986248,2.3,0.99991774559021
127,674834,Python setuptools 47.1.0,python,0.99998057,setuptools,0.9999696,47.1,0.9996095895767212
128,402529,Intel Nuc 9 Pro Kit Nuc9v7qnx Firmware Qncflx70.0059,intel,0.9999608,nuc 9 pro kit nuc9v7qnx firmware,0.9996448,qncflx70...0059,0.9916087985038757
129,540699,mostgear Easy LAN Folder Share 3.2.0.100,mostgear,0.99997854,easy lan folder share,0.999792,3...2.0,0.9632500410079956
130,619804,Ovirt Ovirt-engine 3.6.2.6,ovirt,0.9999809,ovirt - engine,0.9997216,3...6.2,0.9983723163604736
131,408459,Intelliants Subrion 3.2.0,intelliants,0.9999827,subrion,0.99995315,3.2,0.99992835521698
132,498085,Madge Project Madge 0.1.8 for Node.js,madge project,0.9999301,madge,0.99996316,0...1,0.9943950772285461
133,281260,Gaku Tablacus Explorer 18.2.12,gaku,0.99997854,tablacus explorer,0.99984324,18.2,0.9998027682304382
134,42291,Apache Software Foundation Tika 1.23,apache,0.9999691,tika,0.99996305,1,0.9999662637710571
135,599841,OpenStack Nova 12.0.6,openstack,0.99997973,nova,0.99994683,12.0,0.9993526935577393
136,812761,TIBCO FTL 4.0.0,tibco,0.9999801,ftl,0.9999546,4...0,0.8419498801231384
137,765162,Softvelum Nimble Streamer 3.6.7-1,softvelum,0.9999839,nimble streamer,0.9999216,3...6,0.9976207613945007
138,834271,UncannyOwl Tin Canny Reporting for LearnDash 1.0.1,uncannyowl,0.99997854,tin canny reporting for learndash,0.99981946,1.0,0.9986690282821655
139,610445,Oracle Java Development Kit (JDK) 1.7.0 Update 341,oracle,0.99997437,java development kit,0.99965376,1.7,0.9939261674880981
140,738631,SensioLabs Symfony 2.8.19,sensiolabs,0.99998343,symfony,0.9999671,2...8,0.8579750657081604
141,141882,Cisco License Manager 3.2,cisco,0.99997675,license manager,0.9998404,3,0.9999568462371826
142,534481,MODX Fred 1.1.0 Beta 2 for MODX,modx,0.9999801,fred,0.9999608,1...1,0.9888665676116943
143,728597,SAP UI5 1.78.5,sap,0.99997985,ui5,0.9999392,1...78,0.9122430086135864
144,895054,WxJava Project WxJava 1.1.2,wxjava project,0.99990577,wxjava,0.9999553,1.1,0.999925971031189
145,282126,gammautils Project gammautils 0.0.8 for Node.js,gammautils project,0.99992794,gammautils,0.9999616,0...0,0.9811974167823792
146,261183,Firejail Project Firejail 0.9.8,firejail project,0.9999107,firejail,0.9999696,0.9,0.9999068379402161
147,564000,Nextcloud Richdocuments 2.0.9,nextcloud,0.9999814,richdocuments,0.9999727,2.0,0.9997884035110474
148,530442,MIT Kerberos 5 1.18.2,mit,0.9999815,kerberos 5,0.9995545,1.18,0.9975450038909912
149,431478,JetBrains Kotlin 1.4.0 Dev 1805,jetbrains,0.99998236,kotlin,0.9999621,1.4,0.9995368719100952
150,557061,NETGEAR MR60 Firmware 1.0.6.116,netgear,0.99997866,mr60 firmware,0.9998615,1...0...6,0.9178068041801453
151,227043,Electronjs Electron 10.4.3,electronjs,0.9999815,electron,0.999938,10...4,0.8916287422180176
152,631040,Percona XtraBackup 2.1.3,percona,0.99997985,xtrabackup,0.99993455,2.1,0.9999262094497681
153,816844,tipsandtricks-hq WordPress Simple Paypal Shopping Cart plugin for WordPress 3.9.0,tipsandtricks,0.99997973,wordpress simple paypal shopping cart,0.99948037,3.9,0.9997259974479675
154,690239,Recon-ng Project Recon-ng 3.2.7,recon - ng project,0.999884,recon - ng,0.9998668,3...2,0.9266130328178406
155,551240,NCHSoftware Express Invoice 3.86,nchsoftware,0.99997616,express invoice,0.99958307,3,0.9999527931213379
156,868895,Webartisan Soundy Background Music 3.8 for WordPress,webartisan,0.9999827,soundy background music,0.9998827,3..,0.9608576893806458
157,673722,Python Pycryptodome 3.4.6,python,0.9999721,pycryptodome,0.99990153,3.4,0.9999163150787354
158,866949,WassUp Real Time Analytics Project WassUp Real Time Analytics 1.8.5 for WordPress,wassup real time analytics project,0.9998827,wassup real time analytics,0.9998716,1...8,0.9732428193092346
159,162479,ClusterLabs Pacemaker 2.0.0 Release Candidate 3,clusterlabs,0.99998343,pacemaker,0.9999708,2...0,0.9943044185638428
160,790850,Symantec LiveUpdate 2.6,symantec,0.9999813,liveupdate,0.99994636,2,0.9999593496322632
161,786116,SUSE Linux Enterprise Server 15 Service Pack 2,suse,0.99997747,linux enterprise server,0.9961106,15,0.9982290863990784
162,810381,ThimPress WP Hotel Booking 1.6.2 for WordPress,thimpress,0.9999789,wp hotel booking,0.99992186,1...6,0.9995307922363281
163,527592,miniOrange OAuth 2.0 Client For SSO 1.10.6 for WordPress,miniorange,0.99998355,oauth 2. 0 client for sso,0.9558538,1.10,0.9998043179512024
164,9955,adjam rekonq 0.6.85,adjam,0.99997866,rekonq,0.99996066,0...6,0.8797836899757385
165,542357,Mozilla Firefox 4.0 beta1,mozilla,0.9999782,firefox,0.9999654,4,0.9999328851699829
166,21796,Almico SpeedFan 4.19,almico,0.99997616,speedfan,0.9999579,4..,0.888823390007019
167,83245,BestWebSoft Gallery 3.9.5 for WordPress,bestwebsoft,0.99998224,gallery,0.9999449,3...9,0.9993897080421448
168,645663,Pivotal Software Cloud Foundry Elastic Runtime 1.6.48,pivotal software,0.9999295,cloud foundry elastic runtime,0.9998004,1...6,0.9960523843765259
169,651779,Plainware Locatoraid 2.1.4 for WordPress,plainware,0.9999815,locatoraid,0.9999684,2...1,0.998964250087738
170,87493,Bitmap Project Bitmap 2018-01-20,bitmap project,0.9999291,bitmap,0.9999664,2018.01,0.9257499575614929
171,610113,Oracle JDK 1.4.2_40,oracle,0.9999722,jdk,0.9998648,1...4,0.9575105905532837
172,551888,Nec InfoCage SiteShell 2.1.0.7 for IIS,nec,0.9999801,infocage siteshell,0.9998287,2...1.0,0.9966776967048645
173,535693,MongoDB C Driver 1.17.2 for MongoDB,mongodb,0.9999815,c driver,0.99991083,1...17,0.9957422614097595
174,339719,Hiawatha-Webserver Hiawatha 9.4.0,hiawatha,0.99997973,hiawatha,0.99996233,9.4,0.9997225403785706
175,683922,rack-cors Project rack-cors 1.0.2 for Ruby,rack - cors project,0.9998878,rack - cors,0.99992085,1...0,0.9082524180412292
176,10195,Admin Notes Project Admin Notes 1.1 for MyBB,admin notes project,0.9999067,admin notes,0.99990225,1,0.9999576807022095
177,376865,IBM Rational ClearQuest 7.1.2.15,ibm,0.99997926,rational clearquest,0.9997708,7...1.2,0.9018799066543579
178,416239,it-novum openITCOCKPIT 3.0.6-1,it - novum,0.9018003,openitcockpit,0.99994695,3...0,0.9381893873214722
179,553701,NetApp Clustered Data ONTAP 8.2 Patch 3,netapp,0.99997544,clustered data ontap,0.99990535,8,0.9999116659164429
180,612972,Oracle OpenGrok 1.1 Release Candidate 46,oracle,0.99997723,opengrok,0.99993706,1,0.9998767375946045
181,659293,PostSRSd Project PostSRSd 1.6,postsrsd project,0.9999182,postsrsd,0.99994934,1,0.9999619722366333
182,612835,Oracle MySQL Shell 1.0.31 for Visual Studio Code,oracle,0.9999684,mysql shell,0.9998479,1...0,0.9967550039291382
183,310178,GNU Mailman 2.1.17,gnu,0.9999747,mailman,0.9999248,2...1,0.9928979277610779
184,173159,Connections-Pro Connections Business Directory 8.18 for WordPress,connections - pro,0.9963181,connections business directory,0.99987245,8..,0.9789160490036011
185,647682,Pivotal Software Pivotal Application Service (PAS) 1.6.2,pivotal software,0.9999192,pivotal application service,0.9997639,1.6,0.9999024271965027
186,903882,Yardoc YARD 0.9.11,yardoc,0.9999826,yard,0.9999256,0...9,0.9920914173126221
187,79741,Barrelstrengthdesign Sprout Forms 3.0.0,barrelstrengthdesign,0.99997985,sprout forms,0.99989194,3.0,0.9979276061058044
188,254909,Fastify Fastify-static 2.3.4,fastify,0.9999777,fastify - static,0.99874526,2...3,0.9185404777526855
189,608112,Oracle Customer Intelligence 12.2.3,oracle,0.9999751,customer intelligence,0.99984646,12.2,0.9991042613983154
190,307130,GNOME Shotwell 0.17.1,gnome,0.9999789,shotwell,0.99995327,0.17,0.9996527433395386
191,34671,Apache Software Foundation Cordova 5.2.1 for Android,apache,0.99997246,cordova,0.99996626,5...2,0.9579600691795349
192,354820,HP Linux Imaging and Printing Project 3.13.11,hp,0.9999784,linux imaging and printing project,0.99982727,3...13,0.9771175980567932
193,805189,Teradici PCoIP Standard Agent 20.04.1 for Windows,teradici,0.99997866,pcoip standard agent,0.99986583,20...04,0.9980969429016113
194,7661,ActiveState ActivePerl 5.6.1.630,activestate,0.9999789,activeperl,0.9999591,5...6.1,0.9891213178634644
195,128239,Cisco ASA FirePOWER 6.4.0.15,cisco,0.999972,asa firepower,0.99986243,6...4,0.9571834206581116
196,416463,Ivanti Workspace Control 10.2.950.0,ivanti,0.99997926,workspace control,0.9999109,10...2.950,0.9041229486465454
197,398001,Intel Core I3 330UM,intel,0.9999645,core i3,0.9996191,330um,0.9935164451599121
198,4898,abcm2ps Project abcm2ps 8.9.0,abcm2ps project,0.9999234,abcm2ps,0.9999391,8.9,0.9997079372406006
199,217054,Dungeon Crawl Stone Soup Project Dungeon Crawl Stone Soup 0.6.1,dungeon crawl stone soup project,0.9998903,dungeon crawl stone soup,0.999651,0.6,0.9994773864746094
200,447657,Karo Project Karo 1.0.0 for Ruby,karo project,0.9999058,karo,0.9999604,1...0,0.9921389818191528
201,426090,Jenkins Logstash 2.3.2 for Jenkins,jenkins,0.99997723,logstash,0.99995863,2...3,0.9959383606910706
202,155292,CKEditor ckeditor5-list 23.1.0 for Node.js,ckeditor,0.9999777,ckeditor5 - list,0.99988085,23...1,0.8635727763175964
203,785491,Supsystic Photo Gallery 1.13.5 for WordPress,supsystic,0.9999801,photo gallery,0.9999365,1...13,0.9994121193885803
204,373902,IBM ISS Proventia Desktop 8.0.812.1790,ibm,0.9999708,iss proventia desktop,0.9997227,8...0,0.9977113604545593
205,357161,HP ProCurve Switch Model JG305A,hp,0.9999635,procurve switch,0.9997897,jg305a,0.9998202919960022
206,61266,Atlassian Crowd 2.3.3,atlassian,0.99998283,crowd,0.9999578,2...3,0.9720439910888672
207,886865,WPClever WPC Smart Wishlist for WooCommerce 2.8.7 for WordPress,wpclever,0.999979,wpc smart wishlist for woocommerce,0.99990034,2...8,0.9881663918495178
208,677718,QNAP QTS 5.0.0.1808,qnap,0.9999796,qts,0.9999658,5...0.0,0.9744941592216492
209,620928,OWASP Zed Attack Proxy (ZAP) W2017-03-21,owasp,0.99997973,zed attack proxy,0.99985164,w2017.03,0.9017133712768555
210,827791,Tuxfamily Chrony 3.0 Pre 3,tuxfamily,0.99998033,chrony,0.9999461,3,0.999640703201294
211,119415,Chaos Tool Suite Project CTools 8.x-3.0 Alpha 19 for Drupal,chaos tool suite project,0.99989855,ctools,0.9999453,8...3,0.8934729099273682
212,905951,Yithemes YITH WooCommerce Gift Cards 1.3.7 Free Edition for WooCommerce,yithemes,0.9999821,yith woocommerce gift cards,0.99988014,1...3,0.9745839238166809
213,760166,SlickRemix Feed Them Social 1.7.1 for WordPress,slickremix,0.9999827,feed them social,0.9999152,1...7,0.9969000220298767
214,313072,Go-Macaron Macaron 1.3.0,go - macaron,0.98757935,macaron,0.99989796,1.3,0.999817430973053
215,13123,Adobe Flash Player 29.0.0.140 for Chrome,adobe,0.9999733,flash player,0.9999297,29...0...0,0.9896522164344788
216,648363,Pivotal Software RabbitMQ 1.9.14 for Pivotal Cloud Foundry,pivotal software,0.99993056,rabbitmq,0.999959,1...9,0.9985422492027283
217,505781,Matrix Element 1.8.4 Desktop Edition,matrix,0.9999778,element,0.99992645,1...8,0.9939626455307007
218,581776,nZEDb project nZEDb 0.6.5.2,nzedb project,0.9999186,nzedb,0.9999598,0...6.5,0.9321465492248535
219,477236,Libseccomp Project Libseccomp 2.5.3,libseccomp project,0.9998985,libseccomp,0.9999654,2.5,0.9999394416809082
220,273967,Freedesktop Dbus 1.2.1,freedesktop,0.9999794,dbus,0.9999571,1.2,0.9997921586036682
221,510353,mcstatic Project mcstatic 0.0.18 for Node.js,mcstatic project,0.9999258,mcstatic,0.99996364,0...0,0.9979001879692078
222,59152,Atlassian Bamboo 1.2.4,atlassian,0.9999833,bamboo,0.9999312,1...2,0.9602660536766052
223,661608,Primetek Primefaces 6.1.6,primetek,0.99998283,primefaces,0.99996114,6...1,0.8817287087440491
224,225588,Elastic Winlogbeat 6.3.2,elastic,0.9999776,winlogbeat,0.9999635,6.3,0.9997373819351196
225,199480,Devise Token Auth Project Devise Token Auth 0.1.31 Beta 10,devise token auth project,0.9999026,devise token auth,0.9999118,0...1,0.9148383140563965
226,568246,Nng Naviextras Toolbox Prerequesities 1.0.0,nng,0.99998116,naviextras toolbox prerequesities,0.9996681,1.0,0.9982808232307434
227,242920,ExifTool Project ExifTool 10.40,exiftool project,0.9999132,exiftool,0.9999429,10.40,0.9154038429260254
228,875390,Wekan Project Wekan 0.70,wekan project,0.9999198,wekan,0.9999559,0.70,0.993883490562439
229,601841,openSUSE munge 0.5.4,opensuse,0.9999821,munge,0.99996305,0.5,0.9998888969421387
230,425684,Jenkins JX Resources 1.0.8 for Jenkins,jenkins,0.9999753,jx resources,0.9999367,1...0,0.9988584518432617
231,564434,Nextcloud Talk 14.0.0 Release Candidate 1,nextcloud,0.99998283,talk,0.999962,14...0,0.9204214215278625
232,380031,IBM Storwize V3700 Software 7.6.1.8,ibm,0.9999776,storwize v3700 software,0.99930406,7.6.1,0.9975840449333191
233,422915,Jenkins HockeyApp 1.1.0 for Jenkins,jenkins,0.99997735,hockeyapp,0.99995327,1...1,0.9589616656303406
234,203380,Digium Asterisk 15.6.0 Release Candidate 1,digium,0.99998057,asterisk,0.99996245,15...6,0.8469826579093933
235,784719,Supervisord Supervisor 2.1 b1,supervisord,0.9999318,supervisor,0.9997924,2,0.999832272529602
236,890274,Wpkube Cool Tag Cloud 2.17 for WordPress,wpkube,0.999982,cool tag cloud,0.9999183,2..,0.9959608912467957
237,397903,Intel Core 2 Duo T7200,intel,0.99996495,core 2 duo,0.99965936,t7200,0.9995075464248657
238,559727,NetSAS Enigma Network Management Solution (NMS) 42.1.0,netsas,0.9999784,enigma network management solution,0.9998537,42.1,0.9995119571685791
239,230502,Embedthis GoAhead 3.6.2,embedthis,0.9999819,goahead,0.99995923,3...6,0.8381646275520325
240,627365,Parseplatform Parse-server 2.6.1,parseplatform,0.99998,parse - server,0.999746,2.6,0.9999397993087769
241,467498,Lenovo ThinkPad S3 Gen 2 Firmware 2020-07-10,lenovo,0.99998116,thinkpad s3 gen 2 firmware,0.9996768,2020,0.9998358488082886
242,119773,Chatelao PHP Address Book 3.3.10,chatelao,0.9999821,php address book,0.99973583,3...3,0.870431125164032
243,219743,Easymodal Project Easy Modal 0.9.0.6 for WordPress,easymodal project,0.99992543,easy modal,0.999918,0...9...0,0.9967547059059143
244,37547,Apache Software Foundation Java Chassis 0.1.0,apache,0.99996436,java chassis,0.9998025,0.1,0.99957275390625
245,205396,Display Suite Project Display Suite 7.x-1.x Dev for Drupal,display suite project,0.9999137,display suite,0.9998599,7.1,0.9984101057052612
246,859606,VMware App Volumes 2.15,vmware,0.9999782,app volumes,0.999585,2...15,0.8270531296730042
247,548953,Najeebmedia PPOM For WooCommerce 4.5 for WordPress,najeebmedia,0.999977,ppom for woocommerce,0.99982834,4,0.9999690055847168
248,636235,PHP ext-http 2.6.0 Release Candidate 1,php,0.9999751,ext - http,0.99981785,2...6,0.8404244184494019
249,169401,Codesys Simulation Runtime 3.5.12.70,codesys,0.99997926,simulation runtime,0.99985933,3...5.12,0.9966806173324585
250,443633,Juniper JUNOS 17.3 R4,juniper,0.999974,junos,0.9999503,17,0.9999499320983887
251,104317,Browserid Project Browserid 7.x-1.0 for Drupal,browserid project,0.99992657,browserid,0.99992216,7.1,0.9998509883880615
252,285326,geminabox Project geminabox 0.13.3 for Ruby,geminabox project,0.99992305,geminabox,0.9999653,0...13,0.9968648552894592
253,904112,YATE Yet Another Telephony Engine 5.4.2,yate,0.9999753,yet another telephony engine,0.99978626,5.4,0.9998600482940674
254,661616,Primeur Spazio 2.5.1.954,primeur,0.999982,spazio,0.9999622,2...5.1,0.9918539524078369
255,291682,GistPad Project GistPad 0.0.16 for Visual Studio,gistpad project,0.9999214,gistpad,0.99995625,0...0,0.9923943281173706
256,541378,Moxa MGate MB3170I-M-SC Firmware 4.2,moxa,0.9999784,mgate mb3170i - m - sc firmware,0.9981071,4,0.99994957447052
257,434095,JFrog Artifactory 5.8.2,jfrog,0.99998164,artifactory,0.99996984,5.8,0.9997841119766235
258,905661,Yithemes YITH WooCommerce Ajax Search 1.6.5 Free Edition for WordPress,yithemes,0.9999826,yith woocommerce ajax search,0.9999126,1...6,0.9957700967788696
259,640425,PHPUnit Project PHPUnit 3.7.2,phpunit project,0.99991274,phpunit,0.9999459,3...7,0.9454389214515686
260,555893,Netflix Priam 3.1.18,netflix,0.9999769,priam,0.99995244,3...1,0.9712410569190979
261,238308,Espressif ESP-IDF 3.0.7 Release Candidate,espressif,0.9999815,esp - idf,0.9999117,3...0,0.9899830222129822
262,593341,OpenDESA OpenSID 1.2,opendesa,0.99997735,opensid,0.99987555,1,0.9999574422836304
263,504456,MarvinLabs WP Customer Area 4.2.1 for WordPress,marvinlabs,0.99997973,wp customer area,0.9999108,4...2,0.9983997941017151
264,348924,HP Cio Components Installer 2.1.5,hp,0.9999727,cio components installer,0.9997852,2...1,0.8531153202056885
265,114820,CartFlows Funnel Builder 1.6.6 for WordPress,cartflows,0.9999813,funnel builder,0.99993366,1...6,0.9992185831069946
266,880779,Wisc HTCondor 7.6.10,wisc,0.9999819,htcondor,0.999972,7.6,0.9999110102653503
267,820001,TP-Link Archer C1200 Firmware 1.13 52299,tp -,0.99362683,archer c1200 firmware,0.99972206,1..,0.8199951648712158
268,431054,Jetbrains Hub 2022.2.14799,jetbrains,0.9999827,hub,0.99986064,2022...2,0.9820000529289246
269,808048,Thembay Greenmart 1.4.7 for WordPress,thembay,0.9999831,greenmart,0.99996614,1...4,0.9989053606987
270,334146,HashiCorp Consul 0.7.4,hashicorp,0.9999819,consul,0.99993443,0.7,0.9998564720153809
271,438640,Joplin Project Joplin 1.0.245 for Android,joplin project,0.9999233,joplin,0.99995446,1...0,0.998916506767273
272,473983,libimobiledevice libplist 2.0.0,libimobiledevice,0.9999746,libplist,0.99996746,2.0,0.9985308647155762
273,506262,Matrix Synapse 0.2.3,matrix,0.99997866,synapse,0.9999615,0.2,0.9999037981033325
274,772125,Spinnaker Orca 6.68.0,spinnaker,0.9999832,orca,0.9999697,6...68,0.9416142106056213
275,205332,Discourse Rails Multisite 2.1.0 for Ruby,discourse,0.9999714,rails multisite,0.9998112,2...1,0.9976970553398132
276,381558,IBM Tivoli Storage Manager for Mail Data Protection for Microsoft Exchange Server 7.1.3,ibm,0.9999722,tivoli storage manager for mail data protection for microsoft exchange server,0.94958323,7.1,0.9996649026870728
277,648992,Pivotal Software Spring Batch 4.2.4,pivotal software,0.99993616,spring batch,0.9998362,4...2,0.9078574180603027
278,720424,SalesAgility SuiteCRM 7.2.0 Beta2,salesagility,0.99997926,suitecrm,0.9999596,7...2,0.9027606844902039
279,861731,VMware Spring Boot 2.2.1,vmware,0.99998105,spring boot,0.9999103,2...2,0.8779481649398804
280,51934,aria2 Project aria2 1.5.0,aria2 project,0.9999228,aria2,0.9999591,1.5,0.9997919797897339
281,242534,ExifTool Project ExifTool 6.36,exiftool project,0.9999162,exiftool,0.99995065,6,0.999961256980896
282,620647,ovirt-engine-sdk-python Project ovirt-engine-sdk-python 4.2.6,ovirt - engine - sdk - python project,0.9997503,ovirt - engine - sdk - python,0.99514836,4.2,0.9999348521232605
283,603223,OpenWebif Project OpenWebif 0.1.5,openwebif project,0.99990934,openwebif,0.9999596,0.1,0.9999502897262573
284,230347,Embedplus Youtube 8.0 for Wordpress,embedplus,0.9999807,youtube,0.99995637,8,0.9999558925628662
285,103095,Broadcom Desktop Protection Suite 2.0,broadcom,0.99998045,desktop protection suite,0.99964494,2,0.9999356269836426
286,338238,Heimdal Project Heimdal 7.1.0,heimdal project,0.9999315,heimdal,0.9999596,7.1,0.9997758865356445
287,103196,Broadcom eTrust Audit Client 8.0,broadcom,0.999977,etrust audit client,0.9998002,8,0.9999089241027832
288,619809,Ovirt Ovirt-engine 3.6.3.4,ovirt,0.9999808,ovirt - engine,0.99965125,3...6.3,0.9573463201522827
289,307150,GNOME Shotwell 0.24.2,gnome,0.999979,shotwell,0.99995124,0...24,0.8450511693954468
290,153864,Citrix NetScaler SD-WAN 10.0.8,citrix,0.9999716,netscaler sd - wan,0.99921364,10.0,0.9999332427978516
291,527152,minimatch Project minimatch 2.0.3 for Node.js,minimatch project,0.99992436,minimatch,0.99996626,2...0,0.9963860511779785
292,371731,IBM DB2 10.1.0.4 Advanced Enterprise,ibm,0.9999769,db2,0.99991775,10.1.0,0.8890345692634583
293,738317,sensible-utils Project sensible-utils 0.0.1,sensible - utils project,0.9998939,sensible - utils,0.9998448,0.0,0.9984482526779175
294,290086,Geutebrueck G-CODE EEC-2400 Firmware 1.12.14.5,geutebrueck,0.99997556,g - code eec - 2400 firmware,0.99983853,1...12.14,0.9846281409263611
295,306599,GNOME Orca 3.9.92,gnome,0.99997723,orca,0.99993634,3...9,0.997767448425293
296,503989,MarketPress BackWPup plugin 3.0 for WordPress,marketpress,0.9999764,backwpup plugin,0.9999018,3..,0.8789200782775879
297,728106,SAP UI 1.86.1,sap,0.99998105,ui,0.99992,1...86,0.9466379284858704
298,500532,MailPoet MailPoet Newsletters 2.7.4 for WordPress,mailpoet,0.99997437,mailpoet newsletters,0.9998603,2...7,0.9993199706077576
299,695201,Redhat HornetQ 2.0.0 Beta 5,redhat,0.99998116,hornetq,0.9999683,2...0,0.9746401906013489
300,94389,BookStackApp BookStack 0.8.0,bookstackapp,0.99996984,bookstack,0.99992275,0.8,0.99967360496521
301,631934,Perl Comprehensive Perl Archive Network (CPAN) 2.24 Trial for Perl,perl,0.99996984,comprehensive perl archive network,0.99982476,2,0.9999593496322632
302,391880,In2code Living User Experience (LUX) 22.2.0 for Typo3,in2code,0.99998105,living user experience,0.9999127,22.2,0.999494194984436
303,81535,BearDev JoomSport 5.0 for WordPress,beardev,0.99998045,joomsport,0.99996257,5..,0.8827759623527527
304,728785,SAS Web Infrastructure Platform 9.4 Maintenance Release 4,sas,0.99997246,web infrastructure platform,0.9998099,9,0.9999185800552368
305,393108,InduSoft Web Studio 8.0 Service Pack 1,indusoft,0.9999808,web studio,0.9999138,8,0.9998990297317505
306,789641,Sylius PayPal 1.0.4 for Sylius,sylius,0.9999782,paypal,0.99995196,1...0,0.9990643858909607
307,379816,IBM Storwize V3500 Software 7.6.1.6,ibm,0.9999776,storwize v3500 software,0.9993138,7.6.1,0.9941754937171936
308,433104,Jetbrains Ktor 1.5.4,jetbrains,0.99998283,ktor,0.99995005,1...5,0.8339443206787109
309,537431,MongoDB Ruby Driver 2.9.1 for MongoDB,mongodb,0.99998116,ruby driver,0.9998721,2...9,0.9965460300445557
310,49752,Appleple A-blog Cms 2.9.22,appleple,0.9999813,a - blog cms,0.99986947,2...9,0.9972717761993408
311,608186,Oracle Database Filesystem 11.2.0.4,oracle,0.9999769,database filesystem,0.99975467,11.2.0,0.9773268103599548
312,385369,IDrive RemotePC 7.6.14 for macOS,idrive,0.9999802,remotepc,0.9999565,7...6,0.9952410459518433
313,508871,Maynard Johnson OProfile 0.9.1,maynard johnson,0.9999142,oprofile,0.9999459,0.9,0.9995127320289612
314,341902,Hitachi Vantara Pentaho Business Intelligence Server 7.1,hitachi,0.9999809,vantara pentaho business intelligence server,0.9952809,7,0.9999231100082397
315,414195,ISC BIND 9.9.8 S5,isc,0.9999813,bind,0.999944,9...9,0.9858200550079346
316,615090,Oracle VM VirtualBox 4.0.24,oracle,0.9999678,vm virtualbox,0.9997026,4...0,0.9840230345726013
317,896299,x2engine X2CRM 6.0.3,x2engine,0.99998105,x2crm,0.9999696,6.0,0.9997512102127075
318,252586,Facebook Thrift 2017.12.18.00,facebook,0.9999815,thrift,0.999961,2017.12.18,0.9780264496803284
319,213133,Download Clever Addons For Elementor Project Download Clever Addons For Elementor 2.0.10 for WordPress,download clever addons for elementor project,0.9998763,download clever addons for elementor,0.9997467,2...0,0.9755593538284302
320,12540,Adobe Experience Manager 6.4.8.4,adobe,0.9999789,experience manager,0.999915,6...4.8,0.8545942902565002
321,412732,Iris Star 2019.2.0.6,iris,0.99997663,star,0.99989307,2019.2.0,0.9733399152755737
322,877752,Whoops Project Whoops 2.1.7,whoops project,0.9999287,whoops,0.9999666,2...1,0.9933326840400696
323,374733,IBM Lotus Notes 6.0.1 CF2 (Cumulative Fix 2),ibm,0.9999794,lotus notes,0.9998951,6..,0.8249210119247437
324,69599,Auth0 Lock 10.2.3,auth0,0.99998224,lock,0.999948,10.2,0.9998065233230591
325,821989,transmissionbt Transmission 0.94,transmissionbt,0.999977,transmission,0.9999331,0.94,0.9883477091789246
326,16133,aegir Project aegir 31.0.1 for Node.js,aegir project,0.99991775,aegir,0.9999615,31...0,0.9652126431465149
327,94467,BookStackApp BookStack 0.31.5,bookstackapp,0.999972,bookstack,0.9999043,0...31,0.8759785890579224
328,26298,Amazon aws-sdk-java (AWS SDK for Java) 1.11.768,amazon,0.99995387,aws - sdk - java,0.99934894,1.11,0.9998347759246826
329,16636,AFFLIB Project AFFLIB 1.3.4,afflib project,0.99991053,afflib,0.99996126,1...3,0.8971301913261414
330,155319,CKEditor ckeditor5-markdown-gfm 11.0.4 for Node.js,ckeditor,0.9999763,ckeditor5 - markdown - gfm,0.99615157,11...0,0.8810941576957703
331,342379,Hive Netius 1.17.1,hive,0.9999764,netius,0.9999572,1...17,0.9415744543075562
332,646163,Pivotal Software Cloud Foundry UAA 14,pivotal software,0.99992996,cloud foundry uaa,0.9997971,14,0.9999011754989624
333,153432,Citeum OpenCTI 5.3.6,citeum,0.99998116,opencti,0.9999293,5.3,0.9999040961265564
334,882720,WordPlus Better Messages 1.9.8.26 for WordPress,wordplus,0.9999827,better messages,0.9999342,1...9...8,0.9958145022392273
335,200203,dFactory Responsive Lightbox 1.4.13 for WordPress,dfactory,0.9999784,responsive lightbox,0.9999125,1...4,0.9997437000274658
336,113446,Canonical Snapd 2.39.2,canonical,0.9999807,snapd,0.9999677,2...39,0.9966133832931519
337,218157,DWBooster CP Image Store with Slideshow 1.0.40 for WordPress,dwbooster,0.99998116,cp image store with slideshow,0.99986064,1...0,0.9943867325782776
338,661560,Primetek Primefaces 5.3.5,primetek,0.99998295,primefaces,0.9999608,5.3,0.9998890161514282
339,35800,Apache Software Foundation Flink 1.8.0 Release Candidate 4,apache,0.9999728,flink,0.9999695,1...8,0.8943373560905457
340,190307,David King Vino 3.1.92,david king,0.99991393,vino,0.99993265,3...1,0.9948623180389404
341,448533,Katello Project Katello 0.1.231-1 for Foreman,katello project,0.9999242,katello,0.9999392,0...1,0.9971693158149719
342,455883,Knexjs Knex 0.13.0 for Node.js,knexjs,0.99998176,knex,0.9999664,0...13,0.9369852542877197
343,441044,JSON Project JSON 1.1.2 for Ruby,json project,0.9999308,json,0.9999615,1...1,0.9971740245819092
344,39368,Apache Software Foundation NiFi 0.5.1,apache,0.99996364,nifi,0.99995244,0.5,0.9997860193252563
345,714913,Ruby-lang Rake 10.0.0 Beta 2,ruby,0.9999784,lang rake,0.8158953,10...0,0.8805102705955505
346,223364,E-Dynamics Events Made Easy 2.1.120 for WordPress,e - dynamics,0.9977552,events made easy,0.9999013,2...1,0.9993994235992432
347,917813,ZohoCorp ManageEngine OpManager 12.3 Build123323,zohocorp,0.99997914,manageengine opmanager,0.99991626,12,0.9999260902404785
348,839083,Vaadin Flow 3.0.0 Alpha 11,vaadin,0.9999788,flow,0.9999311,3...0,0.9976276159286499
349,860535,VMware Horizon View 4.4,vmware,0.99998,horizon view,0.9998634,4,0.9999638795852661
350,818814,Torproject Tor 0.1.2.5 Alpha,torproject,0.99997985,tor,0.9999453,0...1.2,0.9760120511054993
351,803577,Teluu PJSIP 2.1,teluu,0.9999689,pjsip,0.99991035,2,0.9999445676803589
352,252737,Facebook Wangle 2016.11.28.00,facebook,0.99998116,wangle,0.99994576,2016.11.28,0.9927228689193726
353,60595,Atlassian Confluence Data Center 7.11.2,atlassian,0.99998045,confluence data center,0.99987936,7.11,0.9999008178710938
354,66872,Atlassian Universal Plugin Manager 2.22.16,atlassian,0.9999809,universal plugin manager,0.99988765,2...22,0.9555837512016296
355,266618,Form Manager Project Form Manager 1.5.8 for WordPress,form manager project,0.99990636,form manager,0.9999175,1...5,0.9994496703147888
356,786045,SUSE Linux Enterprise Real Time Extension 12 Service Pack 2,suse,0.99998,linux enterprise real time extension,0.9992603,12,0.9981663823127747
357,129649,Cisco Catalyst 9800 Firmware 17.3,cisco,0.9999759,catalyst 9800 firmware,0.99976224,17,0.999929666519165
358,33958,Apache Software Foundation Camel 3.11.0,apache,0.99997103,camel,0.9999554,3.11,0.9999067187309265
359,177962,Cozmoslabs TranslatePress 1.3.9 for WordPress,cozmoslabs,0.99997985,translatepress,0.99991083,1...3,0.9981133341789246
360,264558,Flyte FlyteAdmin 0.3.33,flyte,0.999979,flyteadmin,0.9999653,0...3,0.9412911534309387
361,575793,Novel-plus Project Novel-plus 1.0.0,novel - plus project,0.99986184,novel - plus,0.9997545,1...0,0.8606380820274353
362,224781,Elastic Elasticsearch 8.3.0,elastic,0.99997747,elasticsearch,0.9999565,8.3,0.9993888139724731
363,504222,Marshmallow Project Marshmallow 2.7.3,marshmallow project,0.99993104,marshmallow,0.99996567,2...7,0.9876834154129028
364,228812,Elementor Website Builder 2.2.2 for WordPress,elementor,0.9999801,website builder,0.99993193,2...2,0.9995438456535339
365,254303,FasterXML Jackson-databind 2.8.0 Release Candidate 2,fasterxml,0.9999826,jackson - databind,0.9999086,2...8,0.9906735420227051
366,311208,GnuPG Libgpg-error 1.35,gnupg,0.99998,libgpg - error,0.9994928,1...35,0.7922156453132629
367,733952,scratchpad Project scratchpad Scratchpad 0.1.1 for Rust,scratchpad project,0.9999283,scratchpad scratchpad,0.99987423,0...1,0.9476844072341919
368,401570,Intel IPMCTL 1.00.00.3429 for Windows,intel,0.9999783,ipmctl,0.9999262,1...00...00,0.9983100891113281
369,508745,maxtom Atomymaxsite 1.50,maxtom,0.99998,atomymaxsite,0.9999094,1...50,0.9524896740913391
370,20551,Alex Kellner Powermail 1.5.3,alex kellner,0.9999276,powermail,0.9998957,1.5,0.9998551607131958
371,750920,Signal Private Messenger 1.8.4 for Android,signal,0.9999758,private messenger,0.99990726,1...8,0.9977020025253296
372,12963,Adobe Flash Player Extended Support Release 18.0.0.268,adobe,0.9999713,flash player extended support release,0.9956196,18...0.0,0.9346453547477722
373,518239,MicroPyramid Django CRM 0.9.0,micropyramid,0.999979,django crm,0.9998992,0.9,0.9996286034584045
374,404173,Intel Server Platform Services Firmware 4.0,intel,0.9999739,server platform services firmware,0.99906296,4,0.999927282333374
375,181170,Credova Financial 1.0.4 for WordPress,credova,0.9999796,financial,0.99994993,1...0,0.9995627999305725
376,535695,MongoDB C Driver 1.17.4 for MongoDB,mongodb,0.99998164,c driver,0.99991095,1...17,0.9987198114395142
377,540494,Mortbay Jetty 9.2.19,mortbay,0.9999832,jetty,0.99996233,9...2,0.9823588728904724
378,136816,Cisco IOS 12.2ZI,cisco,0.999974,ios,0.9998958,12,0.9999464750289917
379,430307,Jenkins Warnings 3.2 for Jenkins,jenkins,0.9999763,warnings,0.9999304,3..,0.9496187567710876
380,884494,WP Attachment Export Project WP Attachment Export 0.1.0 for WordPress,wp attachment export project,0.9999001,wp attachment export,0.99991465,0...1,0.9285390973091125
381,242080,exceljs Project exceljs 0.4.0 for Node.js,exceljs project,0.9999248,exceljs,0.99996114,0.4,0.9998248815536499
382,125827,Cisco Adaptive Security Appliance (ASA) 9.10,cisco,0.99997425,adaptive security appliance,0.9998102,9,0.9999470710754395
383,421292,Jenkins FindBugs 4.1 for Jenkins,jenkins,0.9999789,findbugs,0.99996567,4,0.9999657869338989
384,879906,Wire wire-webapp 2016-12-01-12-57,wire,0.99997663,wire - webapp,0.89256454,2016.12,0.9412093162536621
385,624571,PagerDuty Rundeck 3.3.7 Release Candidate 1 Community Edition,pagerduty,0.99997854,rundeck,0.9999639,3...3,0.9847056865692139
386,203427,Digium Asterisk 17.3.0,digium,0.99998045,asterisk,0.99996376,17.3,0.9986324310302734
387,493716,Lix Project Lix 15.6.0,lix project,0.9999287,lix,0.9999714,15.6,0.9998195171356201
388,580348,NVIDIA Jetson Linux 32.4.3,nvidia,0.99997854,jetson linux,0.9997438,32...4,0.8483584523200989
389,251289,Facebook HipHop Virtual Machine (HHVM) 3.15.5,facebook,0.99997985,hiphop virtual machine,0.9997557,3.15,0.9992671012878418
390,366725,Huawei TE40 Firmware V500R002C00SPC900,huawei,0.99997103,te40 firmware,0.999861,v500r002c00spc900,0.9998877048492432
391,728861,Sass-Lang LibSass 3.6.0,sass,0.9999752,libsass,0.9999666,3.6,0.9999217391014099
392,21420,Alibaba fastJSON 1.2.44,alibaba,0.99998224,fastjson,0.9999628,1...2,0.9667654037475586
393,911840,Zeen101 Leaky Paywall 3.6.0 for WordPress,zeen101,0.9999753,leaky paywall,0.9999285,3...6,0.997343897819519
394,264613,Flyte FlyteAdmin 0.6.13,flyte,0.999979,flyteadmin,0.99996805,0...6,0.9515359401702881
395,64094,Atlassian JIRA 3.2.3 Professional,atlassian,0.99998295,jira,0.9999511,3...2,0.9937916994094849
396,789115,Swtpm Project Swtpm 0.1.0,swtpm project,0.99992466,swtpm,0.9999676,0.1,0.9999087452888489
397,761794,SmarterTools SmarterMail 14.7.6081,smartertools,0.9999832,smartermail,0.9999678,14...7,0.9981199502944946
398,828917,Typelevel http4s 0.20.0 Milestone 3,typelevel,0.9999839,http4s,0.999967,0.20,0.9981949925422668
399,481592,Linaro LAVA 2014.12,linaro,0.9999763,lava,0.99994874,2014,0.9999520778656006
400,172599,Config-model Project Config-model 1.249,config - model project,0.9998012,config - model,0.9968999,1.249,0.9740420579910278
401,205739,DivX Player 6.2,divx,0.99998164,player,0.9999249,6,0.9999632835388184
402,728696,SAP Web Dispatcher 7.81,sap,0.9999747,web dispatcher,0.9998499,7,0.9999496936798096
403,797919,Tammersoft Shared Files 1.0.4 for WordPress,tammersoft,0.9999796,shared files,0.99993634,1...0,0.9959071278572083
404,713375,RSVPMaker Project RSVPMaker 8.0.7 for WordPress,rsvpmaker project,0.9999106,rsvpmaker,0.99996126,8...0,0.9936777353286743
405,686032,Rapid7 AppSpider Pro 7.2.050,rapid7,0.9999765,appspider pro,0.9985775,7.2,0.9997717142105103
406,561488,NEX-Forms - Ultimate Form Builder Project NEX-Forms - Ultimate Form Builder 5.2 for WordPress,nex - forms - ultimate form builder project,0.99986887,nex - forms - ultimate form builder,0.9998513,5,0.9999608993530273
407,570419,Nodejs Node.js 6.15.1 LTS Edition,nodejs,0.9999807,node. js,0.99982333,6...15,0.9571294188499451
408,822375,Treekill Project Treekill 1.0.0 for Node.js,treekill project,0.99992824,treekill,0.99996626,1...0,0.9533281326293945
409,481594,Linaro LAVA 2015.03,linaro,0.9999765,lava,0.9999505,2015,0.9999492168426514
410,707637,Robocode Project Robocode 1.9.1.0,robocode project,0.99992436,robocode,0.9999598,1...9.1,0.9181405305862427
411,214750,droppy project droppy 1.6.2 for Node.js,droppy project,0.9999323,droppy,0.9999573,1...6,0.9937665462493896
412,84071,BestWebSoft Social Buttons Pack 1.0.6 WordPress,bestwebsoft,0.9999808,social buttons pack,0.99986833,1...0,0.9918023347854614
413,512798,Memphis Documents Library Project Memphis Documents Library 3.2 for WordPress,memphis documents library project,0.9998846,memphis documents library,0.99988633,3..,0.9482914209365845
414,555735,Netflix Hollow 4.7.11,netflix,0.9999796,hollow,0.99993074,4...7,0.881439745426178
415,59130,Atlassian Automation For Jira 7.2.3,atlassian,0.99998164,automation for jira,0.9998638,7.2,0.9997944831848145
416,797296,tagDiv Newspaper 8.8.1 for WordPress,tagdiv,0.9999826,newspaper,0.99993634,8...8,0.9823741912841797
417,529201,MISP-Project Malware Information Sharing Platform (MISP) 2.3.39,misp - project,0.9847219,malware information sharing platform,0.99986935,2.3,0.9999009370803833
418,31658,Anuko Time Tracker 1.17.34.4033,anuko,0.99997807,time tracker,0.99993867,1...17...34,0.9576404094696045
419,248139,F5 BIG-IP Link Controller 10.2.4,f5,0.99998033,big - ip link controller,0.99983186,10.2,0.9997522830963135
420,607767,Oracle Communications Eagle Element Management System 46.6,oracle,0.9999708,communications eagle element management system,0.9992897,46,0.9999369382858276
421,443290,Juniper JUNOS 14.1X53-D25,juniper,0.9999783,junos,0.99994695,14,0.9999485015869141
422,342979,Honeywell ControlEdge PLC Firmware R130.2,honeywell,0.9999757,controledge plc firmware,0.9995671,r130..,0.9434881806373596
423,810283,Thereceptionist The Receptionist For iPad 4.2.2,thereceptionist,0.9999825,the receptionist for ipad,0.9988378,4.2,0.9996358156204224
424,768175,Sophos Web Appliance 3.9.3.2,sophos,0.9999709,web appliance,0.9995053,3...9,0.9850301146507263
425,33447,Apache Software Foundation Atlas 0.8.3 Release Candidate 0,apache,0.9999734,atlas,0.9999473,0...8,0.8830967545509338
426,301139,Gnome Evolution-data-server 3.24.0,gnome,0.9999707,evolution - data - server,0.99976623,3.24,0.9996696710586548
427,168140,CodePeople CP Contact Form with PayPal 1.2.40 for WordPress,codepeople,0.9999815,cp contact form with paypal,0.9998889,1...2,0.9993345141410828
428,149366,Cisco UCS Director 4.0.0.0,cisco,0.9999752,ucs director,0.9998884,4...0,0.9732654094696045
429,366143,Huawei S9303E Firmware V200R001,huawei,0.99997365,s9303e firmware,0.99984825,v200r001,0.9998629093170166
430,749541,Siemens Sinamics Starter Firmware 5.4 -,siemens,0.9999739,sinamics starter firmware,0.9997673,5,0.9999521970748901
431,323086,Gradle Build Cache Node 9.6,gradle,0.9999777,build cache node,0.99958897,9,0.9999428987503052
432,768408,Sos-berlin JobScheduler 1.12.0,sos berlin,0.8935628,jobscheduler,0.99996865,1.12,0.9998892545700073
433,427065,Jenkins P4 1.9.4 for Jenkins,jenkins,0.9999721,p4,0.999864,1...9,0.9970878958702087
434,249648,F5 NGINX 1.15.11,f5,0.99998116,nginx,0.9999628,1...15,0.9856963753700256
435,900717,Xtermjs Xterm.js 0.20,xtermjs,0.99997735,xterm. js,0.9991324,0.20,0.8112200498580933
436,587183,Ohler agoo 2.2.0 for Ruby,ohler,0.99997807,agoo,0.9999677,2...2,0.9970716834068298
437,23035,Altiris Auditexpress Setup Solution 6.2.124,altiris,0.99997926,auditexpress setup solution,0.99954253,6...2,0.8559588193893433
438,145599,Cisco RV160W Firmware -,cisco,0.99996924,rv160w firmware,0.9998072,-,0.999680757522583
439,795029,Syntastic Project Syntastic 2.1.0 for Vim,syntastic project,0.99993145,syntastic,0.9999628,2...1,0.9903425574302673
440,117829,CERN Root 3-05-04,cern,0.99998045,root,0.9999198,3.05.04,0.8946123719215393
441,663062,Pro Softnet IBackup 11.1.0.4 for Windows,pro softnet,0.99992037,ibackup,0.9999529,11...1.0,0.9727070331573486
442,793140,sync-exec Project sync-exec 0.3.1 for Node.js,sync - exec project,0.9998628,sync - exec,0.99991274,0...3,0.8752822875976562
443,753433,SilkyPress WP Image Zoom 1.0.6 for WordPress,silkypress,0.9999715,wp image zoom,0.9999316,1...0,0.9984560608863831
444,172737,Confluent CP-Ansible 5.1.1,confluent,0.9999809,cp - ansible,0.9998383,5.1,0.9998397827148438
445,198742,Derhansen Event Management and Registration 1.4.1 for TYPO3,derhansen,0.99997807,event management and registration,0.9999167,1...4,0.9866780638694763
446,760650,slug Project slug 0.6.0 for Node.js,slug project,0.9999263,slug,0.99995613,0...6,0.9845287799835205
447,200185,dFactory Responsive Lightbox 1.3.2 for WordPress,dfactory,0.99997866,responsive lightbox,0.9999079,1...3,0.9991327524185181
448,463764,Leap13 Premium Addons for Elementor 4.2.0 for WordPress,leap13,0.9999763,premium addons for elementor,0.99988145,4...2,0.9964019060134888
449,285554,general-file-server Project general-file-server 1.1.7 for Node.js,general - file - server project,0.99981016,general - file - server,0.9998535,1...1,0.9660147428512573
450,369104,Hyperledger Fabric 2.4.1,hyperledger,0.9999827,fabric,0.9999553,2...4,0.8650144934654236
451,23967,Amazon AWS Lambda 0.0.14,amazon,0.9999745,aws lambda,0.99990594,0...0,0.8908491730690002
452,690270,Recon-ng Project Recon-ng 4.0.2,recon - ng project,0.99988115,recon - ng,0.99986506,4.0,0.999728798866272
453,780093,Strategy11 Formidable Form Builder 2.05.02 for WordPress,strategy11,0.99997914,formidable form builder,0.99991035,2...05,0.9986802935600281
454,659833,PowerDNS Recursor 4.1.5,powerdns,0.9999827,recursor,0.99995744,4.1,0.9998470544815063
455,676587,qcacld-2.0 Project qcacld-2.0 4.0.11.165,qcacld - 2. 0 project,0.9997353,qcacld - 2 0,0.83434635,4.0.11,0.9612493515014648
456,113821,Cantemo Portal 1.4.0,cantemo,0.99998355,portal,0.9999461,1.4,0.999921441078186
457,217664,DWBooster Appointment Hour Booking 1.1.44 for WordPress,dwbooster,0.99998033,appointment hour booking,0.9998943,1...1,0.9989365935325623
458,220705,Eclipse Che 5.10.0,eclipse,0.9999815,che,0.9999554,5.10,0.9999415874481201
459,157814,Cloud Foundry Bits Service 1.3.0,cloud foundry,0.99989843,bits service,0.99982476,1.3,0.9998824596405029
460,839195,Vaadin Flow 8.0.0 Alpha 5,vaadin,0.99997854,flow,0.9999354,8...0,0.9747927188873291
461,382317,IBM WebSphere Application Server 8.5.5.6 - Liberty,ibm,0.99997973,websphere application server,0.9994543,8.5,0.9999231696128845
462,450589,KDE kio-extras 18.04.0,kde,0.9999802,kio - extras,0.99987775,18.04,0.9994668960571289
463,290835,gibbon Project gibbon 1.0.0 for Ruby,gibbon project,0.9999311,gibbon,0.9999558,1...0,0.9644823670387268
464,660409,Premio myStickymenu 2.3.3 for WordPress,premio,0.99996006,mystickymenu,0.9998254,2...3,0.9990161061286926
465,215979,Drupal RESTful 7.x-2.0 Alpha 1 for Drupal,drupal,0.99997175,restful,0.9999559,7...2,0.8541329503059387
466,376973,IBM Rational Developer for System z 8.0.3.2,ibm,0.9999764,rational developer for system z,0.99982965,8...0.3,0.932493269443512
467,383161,IBM WebSphere MQ Managed File Transfer 8.0.0.5,ibm,0.99997616,websphere mq managed file transfer,0.99968195,8...0.0,0.9181973338127136
468,312199,Gohugo Hugo 0.63.1 for Linux,gohugo,0.99998295,hugo,0.9999609,0...63,0.9804236888885498
469,913358,Zend ZendTo 4.27-6,zend,0.9999794,zendto,0.9999604,4..,0.8750364184379578
470,360790,HTMLDOC Project HTMLDOC 1.8.14,htmldoc project,0.9999001,htmldoc,0.9999622,1...8,0.9692161083221436
471,284844,gedi Project gedi 1.6.0 for Node.js,gedi project,0.99992967,gedi,0.99996257,1...6,0.9883760213851929
472,888714,wpeasycart WP EasyCart for WordPress 2.1.27,wpeasycart,0.99997973,wp easycart,0.9998938,2.1,0.9999368786811829
473,783981,Supermicro X10drh-iln4 Firmware 3.83,supermicro,0.9999794,x10drh - iln4 firmware,0.9994886,3,0.9999570846557617
474,798557,Target Compiler 0.4.0 -,target,0.999982,compiler,0.999941,0.4,0.9999043345451355
475,566143,NICE Recording eXpress 6.5.7,nice,0.9999778,recording express,0.9993465,6.5,0.9997698068618774
476,567250,NiteoThemes CMP (Coming Soon & Maintenance Plugin) 4.0.5 for WordPress,niteothemes,0.99998057,cmp,0.9999515,4.0,0.99973464012146
477,115896,cBioPortal Project cBioPortal 3.3.7,cbioportal project,0.9999159,cbioportal,0.99995494,3.3,0.9999483227729797
478,613323,Oracle Outside In Technology 8.4.0,oracle,0.99997365,outside in technology,0.9997928,8.4,0.9996726512908936
479,515131,Metagauss ProfileGrid 1.2.8 for WordPress,metagauss,0.9999809,profilegrid,0.9999696,1...2,0.9991718530654907
480,49429,Apple WebKit 254253,apple,0.99996555,webkit,0.99993396,254253,0.9998137354850769
481,118580,cformsII Project cformsII 5.51 for WordPress,cformsii project,0.99990773,cformsii,0.99995184,5..,0.9287108182907104
482,748230,Siemens SIMATIC IPC327G FIRMWARE -,siemens,0.9999596,simatic ipc327g firmware,0.9995744,-,0.9994738698005676
483,907246,Yithemes YITH WooCommerce Request a Quote 1.7.4 Premium Edition for WordPress,yithemes,0.99998224,yith woocommerce request a quote,0.9999162,1...7,0.9480129480361938
484,520267,Microsoft Internet Explorer 5.00.0518.10,microsoft,0.9999764,internet explorer,0.9998498,5...00,0.9987416863441467
485,80307,Basixonline Nex-forms 7.5.11 for WordPress,basixonline,0.9999801,nex - forms,0.9999228,7...5,0.9901988506317139
486,160509,Cloudfoundry Java Buildpack 2.6.1,cloudfoundry,0.9999825,java buildpack,0.99969685,2.6,0.9998844861984253
487,560825,Network Block Device Project Network Block Device 2.9.3,network block device project,0.9999045,network block device,0.99972576,2...9,0.9267686009407043
488,47332,Apple CUPS 1.7.4,apple,0.9999734,cups,0.9998894,1...7,0.8610084652900696
489,31466,Anuko Time Tracker 1.9.28.3521,anuko,0.9999784,time tracker,0.99993885,1...9...28,0.9628260135650635
490,890378,WPLegalPages WP Legal Pages 1.5.2 for WordPress,wplegalpages,0.9999821,wp legal pages,0.9999175,1...5,0.9957372546195984
491,63272,Atlassian editor-core 104.0.0 for Node.js,atlassian,0.9999819,editor - core,0.9998822,104...0,0.998961329460144
492,814168,Tigris TortoiseSVN 0.8,tigris,0.9999777,tortoisesvn,0.99994576,0,0.9999452829360962
493,60816,Atlassian Confluence Server 5.6.6,atlassian,0.9999795,confluence server,0.9998907,5.6,0.9999330639839172
494,431748,JetBrains Kotlin 1.4.0 Dev 2856,jetbrains,0.9999827,kotlin,0.9999634,1...4,0.9268927574157715
495,285272,Gemalto Sentinel LDK RTE 7.65,gemalto,0.99997854,sentinel ldk rte,0.99917763,7,0.9998887777328491
496,714083,ruamel.yaml Project ruamel.yaml 0.13.1,ruamel. yaml project,0.99988234,ruamel. yaml,0.99932927,0.13,0.9997331500053406
497,654504,Pngcrush Project Pngcrush 1.7.36,pngcrush project,0.9999175,pngcrush,0.99996316,1...7,0.9732259511947632
498,300340,GNOME Epiphany 3.24.1,gnome,0.9999778,epiphany,0.999964,3...24,0.9680180549621582
499,194893,Dell EMC Secure Connect Gateway 5.00.00.10 Virtual Edition,dell,0.9999778,emc secure connect gateway,0.9998722,5...00.00,0.9969837665557861
500,772759,Spirit-project Spirit 0.4.7,spirit - project,0.9997475,spirit,0.99995816,0...4,0.9047921895980835
501,815973,TinyCouch Tiny Password (com.tinycouch.android.freepassword) application 1.54 for Android,tinycouch,0.9999801,tiny password,0.99990493,1,0.9999380111694336
502,140334,Cisco IOS XE 16.3.11,cisco,0.9999759,ios xe,0.99981534,16.3,0.9998701810836792
503,625647,Paloaltonetworks Globalprotect 5.0.3 for Windows,paloaltonetworks,0.9999739,globalprotect,0.9999567,5...0,0.9524969458580017
504,674355,Python Requests 0.11.1,python,0.99997306,requests,0.9999453,0.11,0.9998780488967896
505,44733,Apereo Opencast 2.3.2,apereo,0.999984,opencast,0.99994266,2...3,0.8907116055488586
506,341971,HitMyServer HMS Testimonials 1.6.2 for WordPress,hitmyserver,0.99998033,hms testimonials,0.9999338,1...6,0.9990193247795105
507,804160,Tenda HG9 Firmware 1.0.1,tenda,0.999977,hg9 firmware,0.9998375,1.0,0.9995945692062378
508,508327,HP no Mawashimono Nikki 5.0 release candidate 7,mawashimono,0.9982382,nikki,0.99989736,5,0.9998873472213745
509,606733,OptionTree Project OptionTree 2.0.15 for WordPress,optiontree project,0.9999276,optiontree,0.9999485,2...0,0.9996365308761597
510,914001,ZeroTier ZeroTierOne 0.8.0,zerotier,0.9999801,zerotierone,0.9999616,0.8,0.9997833967208862
511,670622,Puppet PuppetDB 1.1.0 Release Candidate 5,puppet,0.9999789,puppetdb,0.9999443,1.1,0.9998762607574463
512,739714,Sequelizejs Sequelize 5.0.0 Beta13 for Node.js,sequelizejs,0.9999814,sequelize,0.99996173,5...0,0.998330295085907
513,64890,Atlassian Jira Server 7.2.7,atlassian,0.9999807,jira server,0.9997851,7.2,0.9998624324798584
514,11330,Adobe ACS AEM Commons 1.3.0,adobe,0.99997354,acs aem commons,0.9997987,1.3,0.9997719526290894
515,531091,Mitreid Connect 1.3.0 Release Candidate 2,mitreid,0.999982,connect,0.9999529,1...3,0.9528294801712036
516,870022,Web-dorado Form Maker 1.13.24 for WordPress,web - dorado,0.9938763,form maker,0.9998966,1...13,0.9987240433692932
517,463171,Lazysizes Project Lazysizes 1.3.2,lazysizes project,0.9999311,lazysizes,0.99994135,1...3,0.8495233654975891
518,515414,Metagauss Registrationmagic 3.6.1.0 for Wordpress,metagauss,0.9999808,registrationmagic,0.99996996,3...6.1,0.9987668991088867
519,717084,Rufus Project Rufus 1.1.0,rufus project,0.9999239,rufus,0.99993336,1.1,0.9999227523803711
520,421418,Jenkins Fortify CloudScan 1.3.0 for Jenkins .,jenkins,0.99996674,fortify cloudscan,0.999896,1.3,0.9998160600662231
521,41753,Apache Superset 0.17.2,apache,0.99997365,superset,0.9999335,0...17,0.8581746816635132
522,379224,IBM SPSS Collaboration and Deployment Services 6.0.0.0,ibm,0.9999769,spss collaboration and deployment services,0.99977446,6.0,0.9998068809509277
523,610374,Oracle JDK 1.7.0 Update 11,oracle,0.9999721,jdk,0.9999181,1...7,0.9027696251869202
524,654494,Pngcrush Project Pngcrush 1.7.26,pngcrush project,0.9999185,pngcrush,0.9999628,1...7,0.9489431381225586
525,330015,H3C S9500E SecBlade VPN Firewall Module 0231A0AV,h3c,0.99995375,s9500e secblade vpn firewall module,0.96768653,0231a0av,0.9998226761817932
526,614975,Oracle Utilities Framework 2.2.0.0.0,oracle,0.9999795,utilities framework,0.999845,2...2.0,0.9825828671455383
527,904396,Yelp OSXCollector 1.12,yelp,0.9999796,osxcollector,0.99994767,1,0.9999632835388184
528,168376,CodePeople Sell Downloads 1.0.43 for WordPress,codepeople,0.99998176,sell downloads,0.9999318,1...0,0.9992111921310425
529,574356,Norton Password Manager 6.0.290 iPhone OS,norton,0.99996614,password manager,0.9999304,6...0,0.9929523468017578
530,616602,ORY Fosite 0.27.4,ory,0.99997616,fosite,0.99995375,0...27,0.8900029063224792
531,635117,Phoenixcontact Pc Worx Express 1.83 Hotfix 3,phoenixcontact,0.9999808,pc worx express,0.9994893,1,0.9999567270278931
532,455316,klibc Project klibc 0.14,klibc project,0.99990696,klibc,0.99996424,0.14,0.906761109828949
533,661084,PrestaShop Faceted Search Module 3.0.1,prestashop,0.99998,faceted search module,0.99953175,3.0,0.9996620416641235
534,727420,SAP NetWeaver Process Integration 7.3,sap,0.9999771,netweaver process integration,0.99914026,7,0.9999294281005859
535,130943,Cisco Email Security Appliances (ESA) 11.0.0-274,cisco,0.9999776,email security appliances,0.99980026,11.0,0.9971554279327393
536,612891,Oracle OLAP 12.1.0.1,oracle,0.999979,olap,0.99994004,12.1,0.9997938275337219
537,84202,BestWebSoft Twitter Button 2.46 for WordPress,bestwebsoft,0.9999821,twitter button,0.9999247,2..,0.9107167720794678
538,438195,Joplin Project Joplin 1.0.108,joplin project,0.9999218,joplin,0.9999366,1...0,0.9655495285987854
539,146917,Cisco Sg220-28 Firmware 1.1.4.4,cisco,0.999977,sg220 - 28 firmware,0.9997145,1...1.4,0.986035943031311
540,58399,AsyncSSH Project AsyncSSH 1.9.0,asyncssh project,0.99991506,asyncssh,0.9999646,1.9,0.9997786283493042
541,167078,Codelibs Fess 9.4.0,codelibs,0.9999831,fess,0.999969,9...4,0.9057216048240662
542,528598,Mirantis Lens 4.0.4,mirantis,0.99998283,lens,0.99992645,4.0,0.9997148513793945
543,170609,ColossusXT ColossusCoinXT 0.8.3.3,colossusxt,0.99998176,colossuscoinxt,0.99995303,0.8.3,0.9808552861213684
544,366082,Huawei S9300 Firmware V100R006,huawei,0.9999702,s9300 firmware,0.9998393,v100r006,0.9999202489852905
545,737823,Sencha Labs Connect 2.24.1 for Node.js,sencha,0.9999825,connect,0.9999442,2...24,0.8928835391998291
546,359013,HP Version Control Agent 6.1.0.842,hp,0.99996674,version control agent,0.99980354,6...1.0,0.9951096773147583
547,803003,Telerik KendoReact 3.14.0,telerik,0.9999788,kendoreact,0.9999715,3...14,0.8709703087806702
548,834147,unADF Project unADF 1.0,unadf project,0.99988294,unadf,0.99985075,1,0.9999403953552246
549,670843,Puppet puppetlabs-mysql 3.4.0,puppet,0.99997044,puppetlabs mysql,0.9932061,3.4,0.9999158382415771
550,683295,Quotes Collection Project Quotes Collection 1.3.7 for WordPress,quotes collection project,0.99990004,quotes collection,0.9999133,1...3,0.9980629682540894
551,166331,CodecGuide Real Alternative 2.0.1,codecguide,0.9999825,real alternative,0.9998431,2.0,0.9995874166488647
552,584184,Octokit Project Octokit 2.1.1 for Ruby,octokit project,0.99992275,octokit,0.9999585,2...1,0.9969552159309387
553,686849,Rapid7 Velociraptor 0.4.5,rapid7,0.999982,velociraptor,0.999954,0.4,0.9998877048492432
554,600003,OpenStack Nova 2013.2.0 Beta 1,openstack,0.9999796,nova,0.9999536,2013.2,0.991302490234375
555,467673,Lenovo ThinkPad T495 Firmware 2020-07-10,lenovo,0.9999809,thinkpad t495 firmware,0.99982834,2020,0.9998534917831421
556,106955,BullGuard Safe Browsing 16.0.313,bullguard,0.9999827,safe browsing,0.99990696,16...0,0.9527139067649841
557,620475,oVirt Vdsm 4.19.2,ovirt,0.99998,vdsm,0.9999652,4...19,0.9461783170700073
558,71901,Automattic WooCommerce Blocks 3.0.0 for WordPress,automattic,0.99997926,woocommerce blocks,0.9999278,3...0,0.9979584813117981
559,537531,mongo-express Project mongo-express 0.42.2 for Node.js,mongo - express project,0.99987024,mongo - express,0.99988204,0...42,0.9952011704444885
560,292604,git-annex Project git-annex 5.20140402,git - annex project,0.9998816,git - annex,0.99987555,5..,0.8467745780944824
561,648419,Pivotal Software RabbitMQ 1.14.3 for Pivotal Cloud Foundry,pivotal software,0.9999314,rabbitmq,0.99995923,1...14,0.9967054128646851
562,213036,Dovecot Pigeonhole 0.1.4,dovecot,0.9999825,pigeonhole,0.9999641,0.1,0.999923586845398
563,68179,Aufs Project Aufs5 5.0 Release Candidate 6,aufs project,0.99993294,aufs5,0.9999354,5,0.9997897744178772
564,809126,Themify Framework 2.1.7,themify,0.9999808,framework,0.99995184,2...1,0.9386157989501953
565,279521,Fujifilm ApeosPrint C325 DW Firmware 202112062117,fujifilm,0.99997425,apeosprint c325 dw firmware,0.9997233,202112062117,0.999812662601471
566,904791,Yithemes YITH Color And Label Variations For WooCommerce 1.0.1 for WordPress,yithemes,0.9999821,yith color and label variations for woocommerce,0.999888,1...0,0.9344357848167419
567,611642,Oracle MySQL 4.1.14 A,oracle,0.99996924,mysql,0.9999187,4...1,0.9718473553657532
568,594056,OpenEnergyMonitor Emoncms 9.9.8,openenergymonitor,0.9999808,emoncms,0.9999646,9.9,0.9999245405197144
569,406562,Intel Xeon E5 2658,intel,0.9999331,xeon e5,0.9976285,2658,0.9992384910583496
570,223322,edX OPEN edX 2019-03-15,edx,0.9999677,open edx,0.9993104,2019.03,0.775298535823822
571,153408,Citeum OpenCTI 4.5.2,citeum,0.9999814,opencti,0.99991083,4.5,0.9998559951782227
572,735027,Seafile Seafile-client 2.1.2 for Seafile,seafile,0.9999808,seafile - client,0.99980074,2...1,0.9974855780601501
573,478349,libvips Project libvips 8.10.6 -,libvips project,0.9999252,libvips,0.9999665,8.10,0.9997854232788086
574,305375,GNOME librsvg 2.6.0,gnome,0.9999801,librsvg,0.999962,2...6,0.8659037947654724
575,559735,NetSAS Enigma Network Management Solution (NMS) 46.4.0,netsas,0.99997854,enigma network management solution,0.9998583,46.4,0.9995170831680298
576,184153,CyberArk Password Vault 10.0,cyberark,0.9999831,password vault,0.99985063,10,0.9999402761459351
577,715973,Ruby-lang Ruby 2.0.0.195,ruby,0.9999734,ruby,0.9999417,2...0.0,0.9956267476081848
578,250321,Facade Ignition 2.3.6 for Laravel,facade,0.99997926,ignition,0.9999505,2...3,0.995136559009552
579,281933,Galois 2p8 Project Galois 2p8 0.1.2,galois 2p8 project,0.99991363,galois 2p8,0.9996449,0.1,0.999862790107727
580,371755,IBM DB2 Express Edition 10.5,ibm,0.9999714,db2,0.9910069,10,0.9999327659606934
581,51796,Argo Workflows Project Argo Workflows 3.2.0 Release Candidate 2 for Kubernetes,argo workflows project,0.99991465,argo workflows,0.9998845,3.2,0.9997690916061401
582,899897,xnau Participants Database 1.7.1.2 for WordPress,xnau,0.9999813,participants database,0.9999207,1...7.1,0.9975905418395996
583,870797,Webfactoryltd WP Database Reset 1.3 for WordPress,webfactoryltd,0.99998,wp database reset,0.9999135,1,0.9999560117721558
584,116984,Centreon Widget-host-monitoring 20.04.0,centreon,0.99998105,widget - host - monitoring,0.99985534,20.04,0.9995810985565186
585,801613,Teddy Project Teddy 0.2.10 for Node.js,teddy project,0.9999232,teddy,0.99993825,0...2,0.9954267740249634
586,274171,Freedesktop Freetype Demo Programs 2.5.1,freedesktop,0.9999809,freetype demo programs,0.99981076,2.5,0.9993031024932861
587,707455,roar-pidusage Project roar-pidusage 1.1.4 for Node.js,roar - pidusage project,0.99990416,roar - pidusage,0.99991566,1...1,0.9908190369606018
588,45028,API Bearer Auth Project API Bearer Auth 2018-12-25 for WordPress,api bearer auth project,0.9998984,api bearer auth,0.99987245,2018.12,0.9614447951316833
589,546009,Musicloud Project Musicloud 1.4 for iPhone OS,musicloud project,0.99993014,musicloud,0.9999565,1..,0.8960097432136536
590,231159,Emby Emby.Releases 4.3.1.0,emby,0.99998164,emby. releases,0.9996235,4.3.1,0.9254737496376038
591,416166,iThemes Paypal Pro 1.1.39 for WordPress,ithemes,0.99998236,paypal pro,0.9999258,1...1,0.999667763710022
592,79083,Banconeon Neon 3.0.5 for iPhone OS,banconeon,0.9999783,neon,0.9999422,3...0,0.9990100860595703
593,341654,Hitachi Tiered Storage Manager 7.0.0,hitachi,0.9999789,tiered storage manager,0.99988157,7.0,0.9991388320922852
594,378095,IBM Security AppScan Enterprise 6.0.1.0 Enterprise,ibm,0.99997485,security appscan,0.99906945,6.0,0.9994170665740967
595,319977,Google Gerrit 2.15.5,google,0.999977,gerrit,0.9999591,2...15,0.9880953431129456
596,690878,Red-gate .NET Reflector 10.0.8.814,red - gate,0.8803428,. net reflector,0.90787464,10...0...8,0.951078474521637
597,251389,Facebook HipHop Virtual Machine (HHVM) 4.9.1,facebook,0.9999795,hiphop virtual machine,0.99974895,4.9,0.9990452527999878
598,523099,Microsoft Visual Studio Code 1.3.1,microsoft,0.99997616,visual studio code,0.9998531,1.3,0.9999055862426758
599,891767,WP-PDF PDF Embedder 1.0.1 for WordPress,wp -,0.84652925,pdf embedder,0.99988776,1...0,0.996461033821106
600,328709,GTranslate Translate WordPress with GTranslate 2.8.36 for WordPress,gtranslate,0.9999783,translate wordpress with gtranslate,0.99982023,2...8,0.996748685836792
601,631350,Perforce Gliffy 5.2.2 for Confluence,perforce,0.99998224,gliffy,0.9999622,5...2,0.992929220199585
602,554698,netbox Project netbox 2.1.0,netbox project,0.9999323,netbox,0.9999664,2...1,0.8751159310340881
603,310171,GNU Mailman 2.1.14-1,gnu,0.9999788,mailman,0.99993205,2...1,0.9972065687179565
604,907906,YMFE YApi 1.9.2,ymfe,0.9999826,yapi,0.9999522,1...9,0.8997707962989807
605,79759,Barrelstrengthdesign Sprout Forms 3.0.0 Beta 28,barrelstrengthdesign,0.99997866,sprout forms,0.999917,3.0,0.9987947344779968
606,609148,Oracle Fusion Middleware 12.1.2,oracle,0.9999771,fusion middleware,0.9996886,12.1,0.9989644289016724
607,601151,openSUSE libzypp 6.30.5,opensuse,0.9999819,libzypp,0.99996483,6...30,0.9095839858055115
608,758975,Slack Morphism Project Slack Morphism 0.8.1 for Rust,slack morphism project,0.99991417,slack morphism,0.9999171,0...8,0.9796803593635559
609,377044,IBM Rational DOORS 9.5.2.8,ibm,0.99997914,rational doors,0.9999103,9.5.2,0.9620605111122131
610,877697,Whoogle-search Project Whoogle-search 0.1.2,whoogle - search project,0.9998585,whoogle - search,0.9998443,0.1,0.999866247177124
611,664684,projen Project projen 0.3.126 for Node.js,projen project,0.9999264,projen,0.99996376,0...3,0.9995306134223938
612,171338,Commscope Arris Dg950a 3.0,commscope,0.9999813,arris dg950a,0.9998078,3,0.999942421913147
613,92110,BMC Remedy Action Request System 8.1.02.002,bmc,0.9999801,remedy action request system,0.99982405,8...1.02,0.9852446913719177
614,649198,Pivotal Software Spring Data Java Persistance API (JPA) 1.2.0 Release Candidate 1,pivotal software,0.99992865,spring data java persistance api,0.99986154,1.2,0.9994091987609863
615,828860,Typelevel http4s 0.17.0,typelevel,0.9999838,http4s,0.99997115,0.17,0.9997203350067139
616,172706,Config-model Project Config-model 2.092,config - model project,0.99982375,config - model,0.9980429,2..,0.7951886057853699
617,789124,Swtpm Project Swtpm 0.4.0,swtpm project,0.9999255,swtpm,0.9999682,0.4,0.9999247789382935
618,438423,Joplin Project Joplin 1.0.176,joplin project,0.99992144,joplin,0.99993944,1...0,0.9757006764411926
619,628170,Paul Mattes x3270 3.3.6,paul mattes,0.9999292,x3270,0.99988294,3.3,0.9999001026153564
620,863824,VMWare vCenter Server 6.7 d,vmware,0.9999752,vcenter server,0.9991437,6,0.9998934268951416
621,606532,Optimocha Speed Booster Pack 3.0 for WordPress,optimocha,0.99998045,speed booster pack,0.999856,3..,0.9565899968147278
622,170915,columnar Project columnar 0.0.2 for Rust,columnar project,0.9999325,columnar,0.9999559,0...0,0.9835342168807983
623,600218,OpenStack oslo.utils 3.36.0,openstack,0.9999765,oslo. utils,0.9998059,3...36,0.9070810675621033
624,534604,MODX Revolution 2.0.0 Release Candidate 1,modx,0.9999814,revolution,0.9999527,2...0,0.9723265171051025
625,903317,Yaml-rust Project Yaml-rust 0.3.7,yaml - rust project,0.9998687,yaml - rust,0.9998884,0.3,0.9999133944511414
626,642883,PingCAP TiDB 2.1.9,pingcap,0.99998367,tidb,0.99997044,2...1,0.9852913618087769
627,666743,psgo Project psgo 1.6.0 for Go,psgo project,0.9999154,psgo,0.9999541,1...6,0.9953004717826843
628,707407,rkyv Project rkyv 0.2.1 for Rust,rkyv project,0.99992657,rkyv,0.9999596,0...2,0.981577455997467
629,664518,projen Project projen 0.1.1 for Node.js,projen project,0.99992776,projen,0.999961,0...1,0.9603478908538818
630,249716,F5 NGINX Controller 3.17,f5,0.9999788,nginx controller,0.9998005,3,0.9999568462371826
631,3949,a3rev Page View Count 2.0.2 for WordPress,a3rev,0.9999715,page view count,0.9999082,2...0,0.9732378125190735
632,258532,FibraNet Monitorix 2.4.1,fibranet,0.9999821,monitorix,0.99996114,2...4,0.8732590079307556
633,26352,Amazon aws-sdk-java (AWS SDK for Java) 1.11.822,amazon,0.9999528,aws - sdk - java,0.99929917,1.11,0.9998372793197632
634,184560,Cybozu Garoon 3.0.0,cybozu,0.99997926,garoon,0.99996424,3.0,0.9995737075805664
635,818597,Torchbox Wagtail 2.11.4,torchbox,0.99998164,wagtail,0.99997115,2...11,0.9873015880584717
636,714330,RuboCop Project RuboCop 0.37.2,rubocop project,0.9999198,rubocop,0.99996483,0...37,0.8644929528236389
637,106966,BullGuard Safe Browsing 16.0.324,bullguard,0.9999825,safe browsing,0.9999073,16...0,0.9735482931137085
638,314862,Google Chrome 11.0.687.1,google,0.99998176,chrome,0.99994767,11...0,0.9857171773910522
639,703464,Reproducible Builds diffoscope 92,reproducible builds,0.99990743,diffoscope,0.9999213,92,0.9998494386672974
640,87729,Bitnami Containers 6.18.8-debian-10-r5 for Laravel,bitnami,0.9999839,containers,0.9999541,6...18,0.9990638494491577
641,156192,class-transformer Project class-transformer 0.2.2 for Node.js,class - transformer project,0.99990207,class - transformer,0.9999153,0...2,0.977239727973938
642,374260,IBM Kitura 0.5.1,ibm,0.9999795,kitura,0.99992096,0.5,0.9998992681503296
643,614583,Oracle Siebel CRM 19.8,oracle,0.9999678,siebel crm,0.9994936,19,0.9999474287033081
644,18854,Ajax Upload For Gravity Forms Project Ajax Upload For Gravity Forms 1.4.0 for WordPress,ajax upload for gravity forms project,0.9998924,ajax upload for gravity forms,0.9998581,1...4,0.9329897165298462
645,781581,Sudo Project Sudo 1.8.10,sudo project,0.9999309,sudo,0.9999498,1...8,0.9864950776100159
646,153588,Citrix Common Commands 1.3.0.0,citrix,0.9999789,common commands,0.9999221,1...3.0,0.915398120880127
647,829162,TypeScript Deep Merge Project TypeScript Deep Merge 1.0.2 for Node.js,typescript deep merge project,0.9998839,typescript deep merge,0.99983984,1.0,0.9997763633728027
648,582207,Objection Project Objection 0.8.0 Release Candidate 2 for Node.js,objection project,0.99992985,objection,0.999938,0...8,0.8522587418556213
649,264256,Fluxcd Helm-controller 0.13.0,fluxcd,0.9999832,helm - controller,0.9998741,0.13,0.9996827244758606
650,286622,Geoserver Geowebcache 1.13.1,geoserver,0.99997866,geowebcache,0.9999658,1...13,0.8433608412742615
651,859825,VMware ESXi 5.5.0 550-201501101,vmware,0.9999819,esxi,0.9999598,5...5,0.9537050724029541
652,843506,Vercel Next.js 8.0.0 Canary 16 for Node.js,vercel,0.99998295,next. js,0.9999053,8...0,0.9791557788848877
653,263409,Flowplayer Flowplayer Flash 3.2.14,flowplayer,0.99997735,flowplayer flash,0.9996898,3...2,0.9819542765617371
654,218969,Easy Appointments Project Easy Appointments 2.4.4 for WordPress,easy appointments project,0.9999213,easy appointments,0.99991876,2...4,0.9996238946914673
655,185132,Cyrus IMAP 1.3,cyrus,0.9999757,imap,0.9998324,1.3,0.7856860756874084
656,599052,OpenStack Compute 2014.2.1,openstack,0.99998057,compute,0.99995434,2014...2,0.8356771469116211
657,46899,ApPHP Hotel Site 3.6.1,apphp,0.9999796,hotel site,0.9996698,3...6,0.8909481167793274
658,47891,Apple iTunes 4.6.0,apple,0.9999788,itunes,0.99994445,4.6,0.9999244213104248
659,78803,Baidu Spark Browser 26.2.9999.1411,baidu,0.9999821,spark browser,0.99991417,26...2,0.998537540435791
660,113225,Canonical ppp 2.4.5-5.1ubuntu3.2,canonical,0.99997795,ppp,0.99990106,2...4,0.9405045509338379
661,231754,EMC NetWorker 7.6.4.2,emc,0.9999777,networker,0.99995184,7...6,0.9679224491119385
662,586748,Octopus Tentacle 6.1.732,octopus,0.9999769,tentacle,0.99995506,6...1,0.990910530090332
663,180465,CraftCMS Craft CMS 3.6.9,craftcms,0.999982,craft cms,0.99992037,3...6,0.9976342916488647
664,68230,augustine Project augustine 0.1.0 for Node.js,augustine project,0.9999301,augustine,0.9999062,0...1,0.9888225197792053
665,313292,Goodiware GoodReader 3.2.3 for iPhone OS,goodiware,0.99997854,goodreader,0.9999689,3...2,0.9980830550193787
666,113939,Cantemo Portal 3.4.8,cantemo,0.9999832,portal,0.99993145,3...4,0.9717950820922852
667,724710,Sangoma FreePBX 13.0.1 Alpha 3,sangoma,0.99998164,freepbx,0.9999691,13.0,0.9829888939857483
668,395849,InspireUI MStore API 3.1.9 WordPress,inspireui,0.99998033,mstore api,0.9998901,3...1,0.9989017844200134
669,668413,PulseSecure Pulse Secure Desktop 5.1R8.0,pulsesecure,0.9999784,pulse secure desktop,0.9994507,5,0.9999535083770752
670,580686,NVIDIA Virtual GPU Manager (vGPU) 2.2,nvidia,0.99997914,virtual gpu manager,0.9998506,2,0.9999521970748901
671,321588,Google Doc Embedder Project Google Doc Embedder 2.5.11 for WordPress,google doc embedder project,0.9998894,google doc embedder,0.99987346,2...5,0.9916119575500488
672,351726,HP Ignite-UX C.6.9.150,hp,0.99997735,ignite - ux,0.9998291,c...6...9,0.9992802739143372
673,410861,ioBroker iobroker.admin 2.0.2 for Node.js,iobroker,0.9999809,iobroker. admin,0.9998808,2...0,0.9930338859558105
674,430340,Jenkins Warnings 4.6 for Jenkins,jenkins,0.9999745,warnings,0.99992764,4...6,0.8129093050956726
675,93170,Bologer AnyComment 0.0.56 for WordPress,bologer,0.99998164,anycomment,0.9999666,0...0..,0.9849939346313477
676,286979,Getawesomesupport Awesome Support 3.2.6 for WordPress,getawesomesupport,0.99997926,awesome support,0.9999052,3...2,0.9631801247596741
677,576297,npmjs npm 1.1.23,npmjs,0.9999677,npm,0.9999659,1...1,0.9909494519233704
678,840369,Values Project Values 7.x-1.0 Release Candidate 3 for Drupal,values project,0.9999271,values,0.9999281,7.1,0.9988076686859131
679,890148,Wp-kama Democracy Poll 4.5.9 for WordPress,wp - kama,0.983713,democracy poll,0.9999044,4...5,0.9865052103996277
680,231707,EMC NetWorker 7.4.5.4,emc,0.99997795,networker,0.9999496,7...4.5,0.894253134727478
681,428072,Jenkins Promoted Builds 3.2 for Jenkins,jenkins,0.9999691,promoted builds,0.99990094,3..,0.953741729259491
682,26760,Amazon aws-sdk-java (AWS SDK for Java) 1.12.197,amazon,0.9999553,aws - sdk - java,0.9992089,1.12,0.999848484992981
683,804066,Tencent RapidJSON 1.0.0,tencent,0.99998236,rapidjson,0.9999652,1.0,0.9996199607849121
684,313063,Go-Macaron Macaron 1.1.9,go - macaron,0.99129885,macaron,0.9998598,1...1,0.8604414463043213
685,314333,Google Chrome 7.0.509.0,google,0.99998224,chrome,0.9999497,7...0,0.9982173442840576
686,264944,FNET Project FNET 3.9.1,fnet project,0.9999267,fnet,0.99995875,3...9,0.9557988047599792
687,20443,Alerta Project Alerta 7.4.5,alerta project,0.99992514,alerta,0.9999542,7.4,0.999894380569458
688,714079,ruamel.yaml Project ruamel.yaml 0.12.16,ruamel. yaml project,0.9998832,ruamel. yaml,0.9992926,0.12,0.9999289512634277
689,366925,Huawei TP3106 Firmware V100R002C00SPC100B024,huawei,0.9999652,tp3106 firmware,0.99980605,v100r002c00spc100b024,0.9998989105224609
690,738226,Senecajs Seneca 0.6.5 for Node.js,senecajs,0.9999825,seneca,0.9999362,0...6,0.9979203343391418
691,221987,Eclipse Mosquitto 0.10,eclipse,0.9999745,mosquitto,0.9999262,0,0.9999405145645142
692,769853,Spice Project SPICE 0.5.3,spice project,0.99992853,spice,0.9999572,0.5,0.9999171495437622
693,523550,Microsoft Visual Studio Live Share 0.3.1403 for Visual Studio,microsoft,0.99997544,visual studio live share,0.99986124,0...3,0.9946152567863464
694,249450,F5 NGINX 0.8.31,f5,0.9999813,nginx,0.99996173,0...8,0.9737256765365601
695,185318,Cyxtera AppGate SDP 4.3.0,cyxtera,0.9999808,appgate sdp,0.99970376,4.3,0.9998383522033691
696,835485,Unity3d Unity Editor 4.1.2,unity3d,0.99998295,unity editor,0.9998367,4...1,0.9074117541313171
697,304251,GNOME gtk 2.19.7,gnome,0.9999789,gtk,0.99996364,2...19,0.9977474808692932
698,233030,Emerson Deltav Distributed Control System Firmware 14.3.1,emerson,0.9999708,deltav distributed control system firmware,0.9997939,14.3,0.9915759563446045
699,34948,Apache CXF 3.3.0,apache,0.99997735,cxf,0.99993587,3.3,0.9999380111694336
700,33524,Apache Software Foundation Axis 1.2.1,apache,0.99997175,axis,0.99990976,1.2,0.9998812675476074
701,575890,Npmjs Arborist 0.0.0 Pre 12 for Node.js,npmjs,0.99998105,arborist,0.9999567,0.0,0.9709898829460144
702,48803,Apple Quicktime 7.2.0 for Mac OS X,apple,0.9999783,quicktime,0.99996436,7...2,0.9953717589378357
703,374915,IBM Marketing Operations 7.5.0.1,ibm,0.9999758,marketing operations,0.9999173,7.5,0.9998544454574585
704,244500,Ext2 File System Driver Project Ext2 File System Driver (ex2fsd) 0.61 for Windows,ext2 file system driver project,0.99983966,ext2 file system driver,0.9996322,0.61,0.9258555769920349
705,712332,rpm-ostree Project rpm-ostree 2015.5,rpm - ostree project,0.9998957,rpm - ostree,0.99982923,2015,0.9999451637268066
706,906817,Yithemes YITH WooCommerce Product Bundles 1.1.2 Premium Edition for WordPress,yithemes,0.9999826,yith woocommerce product bundles,0.999912,1...1,0.9807778000831604
707,666866,psutil Project psutil (process and system utilities) 0.2.1,psutil project,0.9999143,psutil,0.9999571,0.2,0.99967360496521
708,162765,ClusterLabs PCS 0.9.118,clusterlabs,0.9999831,pcs,0.99993336,0...9,0.925983726978302
709,687843,RBSoft AutoUpdater.NET 1.5.8,rbsoft,0.9999808,autoupdater. net,0.9954152,1.5,0.9998754262924194
710,163954,Cncf Cni Network Plugins 0.7.0,cncf,0.99997365,cni network plugins,0.99979943,0.7,0.9996693134307861
711,581700,nZEDb project nZEDb 0.4.0,nzedb project,0.99991757,nzedb,0.9999603,0.4,0.9999045133590698
712,581998,Obeo UML Designer 1.4.0,obeo,0.99997926,uml designer,0.9998678,1.4,0.9998760223388672
713,252903,Facebook Zstandard 1.3.4,facebook,0.9999751,zstandard,0.9999416,1...3,0.892212450504303
714,36683,Apache Software Foundation Hive 2.3.3,apache,0.9999708,hive,0.9999467,2.3,0.9999412894248962
715,444872,Jupo Mezzanine 0.5.1,jupo,0.99997973,mezzanine,0.9999566,0.5,0.9995441436767578
716,738595,SensioLabs Symfony 2.7.37,sensiolabs,0.9999832,symfony,0.99996734,2...7,0.9117103815078735
717,706797,Riot.js riot-compiler 3.5.0 for Node.js,riot. js,0.99242777,riot - compiler,0.9998469,3...5,0.9896207451820374
718,366937,Huawei TP3206 Firmware V100R002C00SPC400,huawei,0.99996626,tp3206 firmware,0.9998416,v100r002c00spc400,0.9998835325241089
719,227232,Electronjs Electron 14.2.5,electronjs,0.99998164,electron,0.9999479,14...2,0.9742088317871094
720,40482,Apache Qpid 6.0.6 for Java,apache,0.99997985,qpid,0.9999473,6...0,0.9984889030456543
721,21248,Algolplus Advanced Order Export 3.1.8 for WordPress,algolplus,0.99997854,advanced order export,0.99991685,3...1,0.9981472492218018
722,564775,NextScripts Social Networks Auto Poster 3.7.4 for WordPress,nextscripts,0.9999819,social networks auto poster,0.99990034,3...7,0.9938655495643616
723,678241,QOS Logback 1.2.5,qos,0.99997735,logback,0.9999541,1...2,0.9827917218208313
724,448393,Katello Project Katello 0.1.114-1 for Foreman,katello project,0.9999247,katello,0.99994254,0...1,0.9986713528633118
725,802802,Teleogistic Invite Anyone 0.7.1 for WordPress,teleogistic,0.99997854,invite anyone,0.9999189,0...7,0.9611136317253113
726,183968,Custom Simple Rss Project Custom Simple Rss 1.6.1 for WordPress,custom simple rss project,0.9998856,custom simple rss,0.99988097,1...6,0.9983905553817749
727,184470,CyberPower PowerPanel 3.4.0 Business Edition,cyberpower,0.999982,powerpanel,0.9999597,3...4,0.9885209202766418
728,759133,SleekXMPP Project SleekXMPP 1.1.9,sleekxmpp project,0.99991935,sleekxmpp,0.9999497,1.1,0.9999551177024841
729,914306,ZFAKA Project ZFAKA 1.0.8,zfaka project,0.99991155,zfaka,0.9999522,1...0,0.8530929684638977
730,766528,Sonatype Nexus Repository Manager 3.15.2-01,sonatype,0.99998033,nexus repository manager,0.9998023,3...15,0.8741405606269836
731,869809,Web-dorado Form Maker 1.7.25 for WordPress,web - dorado,0.99576354,form maker,0.99988884,1...7,0.9987871050834656
732,727307,SAP NetWeaver Composite Application Framework 7.40,sap,0.9999764,netweaver composite application framework,0.9986509,7.40,0.8290782570838928
733,296650,gitlab gitlab-shell 1.9.3,gitlab,0.99998105,gitlab - shell,0.99945635,1...9,0.9230964183807373
734,869383,Webcraftic Woody Ad Snippets 2.1.6 WordPress,webcraftic,0.99998164,woody ad snippets,0.9999165,2...1,0.984129011631012
735,918452,ZohoCorp ManageEngine Password Manager Pro 9.1 Build 9100 Managed Service Providers (MSP),zohocorp,0.9999783,manageengine password manager pro,0.99970174,9,0.9954800605773926
736,375687,IBM Notes 8.5.2,ibm,0.9999759,notes,0.99989164,8.5,0.9998563528060913
737,608541,Oracle Enterprise Manager Database Control 11.2.0.2,oracle,0.99997485,enterprise manager database control,0.999752,11.2,0.9998648166656494
738,875058,Weekly Schedule Project Weekly Schedule 3.4 for WordPress,weekly schedule project,0.9998665,weekly schedule,0.9997901,3..,0.9795215129852295
739,895873,X.Org X Server 1.14.5,x.,0.86725706,x server,0.99972147,1.14,0.9998476505279541
740,555847,Netflix Priam 2.2.0,netflix,0.99997795,priam,0.9999639,2...2,0.8737618923187256
741,179817,Craftcms Craft Cms 2.2.2598,craftcms,0.9999813,craft cms,0.9999259,2...2,0.9991148710250854
742,906759,Yithemes YITH WooCommerce Product Add-Ons 1.5.28 Premium Edition for WordPress,yithemes,0.99998236,yith woocommerce product add - ons,0.9998908,1...5,0.9849557876586914
743,237761,eShop Project eShop 5.9.0 for WordPress,eshop project,0.9999224,eshop,0.9999646,5...9,0.9980028867721558
744,222336,Eclipse Theia 1.1.0,eclipse,0.99998164,theia,0.9999567,1.1,0.9999489784240723
745,303877,GNOME Grilo 0.2.6,gnome,0.9999796,grilo,0.99993694,0...2,0.9089171886444092
746,513831,merge-change Project merge-change 1.6.2 for Node.js,merge - change project,0.9998881,merge - change,0.99991375,1...6,0.9981457591056824
747,774933,Squareup OkHttp 1.5.4,squareup,0.99997926,okhttp,0.99995935,1...5,0.905254602432251
748,822723,Trendmicro Internet Security 2020 16.0.1249,trendmicro,0.99998057,internet security 2020,0.9997398,16.0,0.955159068107605
749,469484,Lexmark CS748 Firmware LHS60.CM4.P731,lexmark,0.99998045,cs748 firmware,0.99982834,lhs60...cm4,0.9770676493644714
750,231539,EMC Isilon InsightIQ 4.0.0,emc,0.9999769,isilon insightiq,0.9997809,4.0,0.9991215467453003
751,293331,Github Enterprise Server 3.1.11,github,0.9999801,enterprise server,0.99918187,3...1,0.8586297631263733
752,596967,OpenPrinting CUPS 2.2.0 Beta 1,openprinting,0.99998164,cups,0.9999331,2...2,0.9344046711921692
753,506,10web Form Maker 1.12.20 for WordPress,10web,0.99998224,form maker,0.99990237,1...12,0.9993890523910522
754,431349,JetBrains Kotlin 1.4.0 Dev 132,jetbrains,0.9999826,kotlin,0.9999628,1.4,0.9996932744979858
755,842027,vault-cli Project vault-cli 0.3.8 for Python,vault - cli project,0.9998803,vault - cli,0.9999027,0...3,0.8783161640167236
756,544947,mqtt-packet Project mqtt-packet 4.1.0 for Node.js,mqtt - packet project,0.999805,mqtt - packet,0.9996338,4...1,0.9117186069488525
757,834594,UncannyOwl Uncanny Toolkit Pro For LearnDash 3.6.2,uncannyowl,0.99997735,uncanny toolkit pro for learndash,0.9998145,3.6,0.9999127388000488
758,103950,Broadcom Tcpreplay 3.4.0,broadcom,0.99998116,tcpreplay,0.9999714,3...4,0.9054884910583496
759,826463,Trusteddomain OpenDMARC 1.3.1 Beta 1,trusteddomain,0.9999813,opendmarc,0.99995863,1.3,0.9996130466461182
760,186716,Danny Morris Lazy SEO plugin for Wordpress 1.3.1,danny morris,0.99991685,lazy seo,0.9997632,1.3,0.9993650913238525
761,626128,Panasonic Network Camera View 3.0,panasonic,0.99998033,network camera view,0.9995782,3,0.999943733215332
762,322861,Gradio Project Gradio 0.2.0 for Python,gradio project,0.99991816,gradio,0.9999515,0...2,0.9726910591125488
763,588407,OMRON CX-Programmer 9.65,omron,0.99997866,cx - programmer,0.9981939,9,0.9999450445175171
764,783394,SuperAgent Project SuperAgent 0.9.0 for Node.js,superagent project,0.99993235,superagent,0.9999629,0...9,0.9361246228218079
765,789240,Sygnoos Popup Builder 2.1.0 WordPress,sygnoos,0.9999815,popup builder,0.9999189,2...1,0.9835283756256104
766,220535,Eclipse Business Intelligence and Reporting Tools (BIRT) 2.6 Milestone 3,eclipse,0.9999751,business intelligence and reporting tools,0.9998415,2,0.9999401569366455
767,82989,BestWebSoft Contact Form Multi 1.2.5 for WordPress,bestwebsoft,0.9999819,contact form multi,0.9999168,1...2,0.9958836436271667
768,377242,IBM Rational Quality Manager 5.0.0,ibm,0.9999777,rational quality manager,0.9998825,5.0,0.9995036125183105
769,844774,Veritas NetBackup Appliance 3.0,veritas,0.9999807,netbackup appliance,0.9972491,3,0.999923586845398
770,94832,BoostIO Boostnote 0.5.10,boostio,0.99997866,boostnote,0.9999707,0.5,0.9998630285263062
771,842731,Vega Project Vega 5.3.2 for Node.js,vega project,0.99991244,vega,0.9999521,5...3,0.9898285865783691
772,274533,freedesktop Poppler 0.26.3,freedesktop,0.99998045,poppler,0.9999585,0.26,0.9998338222503662
773,217689,DWBooster Appointment Hour Booking 1.1.69 for WordPress,dwbooster,0.99998045,appointment hour booking,0.9998881,1...1,0.9993005394935608
774,724970,Sangoma FreePBX 13.0.122.4,sangoma,0.9999815,freepbx,0.99997044,13...0.122,0.981329083442688
775,591241,op-browser Project op-browser 1.0.4 for Node.js,op - browser project,0.99988514,op - browser,0.9998932,1...0,0.9855909943580627
776,66253,Atlassian Sourcetree 1.0.8 for Windows,atlassian,0.9999821,sourcetree,0.9999678,1...0,0.9989368915557861
777,223298,edX edX-platform 2016-12-14,edx,0.9999771,edx - platform,0.9998791,2016,0.9998339414596558
778,923239,Zyxel ZYWALL 1100 FIRMWARE 4.20,zyxel,0.9999788,zywall 1100 firmware,0.9996619,4,0.9999499320983887
779,753393,SilkyPress Simple Custom CSS and JS 2.5 for WordPress,silkypress,0.99997926,simple custom css and js,0.9998771,2..,0.9930782318115234
780,317034,Google Chrome 33.0.1750.63,google,0.9999813,chrome,0.9999547,33...0.1750,0.9974831342697144
781,298895,Glewlwyd Project Glewlwyd 2.0.0 Release Candidate 2,glewlwyd project,0.99992,glewlwyd,0.99995255,2...0,0.9443772435188293
782,292371,Git Large File Storage Project Git Large File Storage (git-lfs) 0.2.1,git large file storage project,0.9998924,git large file storage,0.99981993,0.2,0.9998307228088379
783,753279,Sigstore Cosign 1.10.0 Release Candidate 1,sigstore,0.99998105,cosign,0.9999641,1...10,0.9242693185806274
784,221673,Eclipse JGit 4.11.0,eclipse,0.9999809,jgit,0.9999665,4...11,0.9163473844528198
785,454473,Kickbase Bundesliga Manager 3.0.8 for iPhone OS,kickbase,0.9999827,bundesliga manager,0.99993366,3...0,0.999035656452179
786,214874,droppy project droppy 2.3.20 for Node.js,droppy project,0.99993294,droppy,0.9999579,2...3,0.9994782209396362
787,688456,react-native-fast-image Project react-native-fast-image 6.1.1,react - native - fast - image project,0.99986345,react - native - fast - image,0.9996639,6.1,0.9996412992477417
788,167209,Codemiq WordPress Email Template Designer 3.0.4 for WordPress,codemiq,0.99998105,wordpress email template designer,0.99983776,3...0,0.9985408186912537
789,543099,Mozilla Netscape Portable Runtime (NSPR) 4.7.4,mozilla,0.9999784,netscape portable runtime,0.9991477,4.7,0.999491274356842
790,818851,Torproject Tor 0.2.0.23,torproject,0.9999809,tor,0.99993646,0...2.0,0.9180625677108765
791,168163,CodePeople CP Contact Form with PayPal 1.2.63 for WordPress,codepeople,0.9999814,cp contact form with paypal,0.9998927,1...2,0.9994145035743713
792,597564,OpenResty lua-nginx-module 0.3.1 Release Candidate 4,openresty,0.99998164,lua - nginx - module,0.9990385,0.3,0.9991042613983154
793,681449,Qualiteam X-Cart 5.2.21,qualiteam,0.9999826,x - cart,0.9998762,5...2,0.9387873411178589
794,685414,rand Project rand 0.7.0 Pre 2,rand project,0.9999284,rand,0.9999503,0.7,0.9995405673980713
795,20755,Alfresco Community Share 5.1.0.17,alfresco,0.9999813,community share,0.9999092,5...1.0,0.9122459888458252
796,390771,IMDB Clone Project IMDB Clone 1.0,imdb clone project,0.99989766,imdb clone,0.9997041,1,0.9999176263809204
797,222243,Eclipse Sphinx 0.7.0 Release Candidate 1,eclipse,0.9999815,sphinx,0.99994385,0...7,0.9378922581672668
798,248886,F5 Big-IP WebAccelerator 11.6.0,f5,0.9999795,big - ip webaccelerator,0.99988073,11.6,0.9994134902954102
799,56585,ASP4CMS ASPCMS 2.7.2,asp4cms,0.99997544,aspcms,0.9999547,2...7,0.9840299487113953
800,110258,Cairographics Cairo 1.12.12,cairographics,0.99997985,cairo,0.9999448,1...12,0.9796278476715088
801,301975,GNOME Glib 2.14.1,gnome,0.99998045,glib,0.9999645,2...14,0.9912371039390564
802,877730,Whoops Project Whoops 1.1.0,whoops project,0.9999284,whoops,0.9999659,1.1,0.9998593330383301
803,868583,Weban an 3.2.1 for iPhone OS,weban,0.999984,an,0.99992347,3...2,0.9898374676704407
804,419226,Jenkins Build With Parameters 1.5 for Jenkins,jenkins,0.99997246,build with parameters,0.9999001,1,0.9999668598175049
805,778760,StopBadBots Block and Stop Bad Bots 6.36 for WordPress,stopbadbots,0.9999821,block and stop bad bots,0.99991465,6..,0.838444709777832
806,621229,owlmixin Project owlmixin 2.2.0,owlmixin project,0.99992055,owlmixin,0.9999653,2...2,0.8648192286491394
807,814601,Time Project Time 0.2.21 for Rust,time project,0.99992466,time,0.9999614,0...2,0.9986268877983093
808,447845,Kaseya Virtual System Administrator 8.0.0.18,kaseya,0.9999794,virtual system administrator,0.9998898,8...0.0,0.9760679602622986
809,199006,dest-unreach socat 2.0.0-b8,dest -,0.86389893,socat,0.99990284,2...0,0.9920383095741272
810,756194,Simplenia Pages 2.0.1 for Bitbucket Server,simplenia,0.99997973,pages,0.9999193,2...0,0.9979103803634644
811,422188,Jenkins Github Authentication 0.3 for Jenkins,jenkins,0.9999702,github authentication,0.999877,0,0.9999483823776245
812,658001,PostfixAdmin Project PostfixAdmin 3.1,postfixadmin project,0.9999176,postfixadmin,0.99993944,3,0.9999457597732544
813,318806,Google Chrome 78.0.3903.0,google,0.99998164,chrome,0.99995255,78...0,0.998351514339447
814,329754,Gwolle Guestbook Project Gwolle Guestbook 1.5.5 for WordPress,gwolle guestbook project,0.9999154,gwolle guestbook,0.99989885,1...5,0.987619936466217
815,671495,Purethemes Listeo 1.2.9 for WordPress,purethemes,0.99998343,listeo,0.99996483,1...2,0.9994227290153503
816,903025,Yamaha RT80i 2.02.36,yamaha,0.9999757,rt80i,0.9998958,2...02,0.9976376295089722
817,501637,ManageWP Broken Link Checker 1.8.1 for WordPress,managewp,0.9999801,broken link checker,0.9999315,1...8,0.9987750053405762
818,12603,Adobe Flash Media Server 4.0.1,adobe,0.9999726,flash media server,0.99949163,4.0,0.9997589588165283
819,518560,Microsoft Access 2003 Service Pack 2,microsoft,0.9999672,access,0.99991035,2003,0.9993104934692383
820,441233,JsonCpp Project JsonCpp 1.8.3,jsoncpp project,0.99990773,jsoncpp,0.9999559,1...8,0.8474270105361938
821,306805,GNOME Pango 1.20.4,gnome,0.999979,pango,0.9999597,1...20,0.9926794171333313
822,631639,Perforce Software Puppet Bolt 1.22.0,perforce,0.9999807,puppet bolt,0.99988806,1.22,0.9997856616973877
823,631610,Perforce Software Puppet Bolt 0.21.8,perforce,0.99998057,puppet bolt,0.9998753,0.21,0.9997823238372803
824,3554,8x8 Jitsi Meet 5135,8x8,0.99994636,jitsi meet,0.99975914,5135,0.9997532963752747
825,360898,html-pdf Project html-pdf 0.1.0 for Node.js,html - pdf project,0.99982786,html - pdf,0.9998365,0...1,0.9452695250511169
826,337093,Hazzardweb EasyLogin Pro 1.2.4,hazzardweb,0.9999802,easylogin pro,0.9995737,1.2,0.9999033212661743
827,863267,VMware Spring Security 5.0.8,vmware,0.99997926,spring security,0.9999247,5.0,0.9997339844703674
828,666432,Prusa3D PrusaSlicer 1.38.4,prusa3d,0.9999814,prusaslicer,0.999962,1...38,0.882483720779419
829,859715,VMWare ESX 2.1.2,vmware,0.99998105,esx,0.9999628,2...1,0.9699383974075317
830,510196,McAfee Web Gateway 7.8.2.3,mcafee,0.99997973,web gateway,0.99991006,7.8,0.9998370409011841
831,226811,Electronjs Electron 3.0.0 Beta 4,electronjs,0.99998105,electron,0.9999256,3...0,0.9883477091789246
832,113748,Canonical whoopsie 0.2.41,canonical,0.99997663,whoopsie,0.99995947,0...2,0.9495100975036621
833,474067,libjxl Project libjxl 0.6.0,libjxl project,0.9999083,libjxl,0.9999621,0.6,0.9998457431793213
834,740451,serverwg Project serverwg 1.0.0 for Node.js,serverwg project,0.9999123,serverwg,0.9999448,1...0,0.907317042350769
835,221719,Eclipse JGit 5.6.0,eclipse,0.99998105,jgit,0.9999659,5.6,0.9999398589134216
836,252679,Facebook Thrift 2020.06.08.00,facebook,0.9999815,thrift,0.99996185,2020...06.08,0.9785800576210022
837,639905,PHPSUGAR PHP Melody 2.2.1,phpsugar,0.99998033,php melody,0.99986947,2...2,0.8365939855575562
838,443898,Juniper JUNOS 20.2 R1,juniper,0.9999757,junos,0.99995565,20,0.9999544620513916
839,715344,Ruby-lang Ruby 1.8.6.44,ruby,0.99997437,ruby,0.9999405,1...8.6,0.9975244998931885
840,71259,Automattic Akismet 4.0.2 for WordPress,automattic,0.9999821,akismet,0.9999665,4...0,0.9974144697189331
841,710069,Rom Walton BOINC 7.0.36,rom walton,0.9999059,boinc,0.9999281,7...0,0.8937950134277344
842,649421,Pivotal Software Spring Data Rest 3.0.10,pivotal software,0.9999331,spring data rest,0.9998839,3...0,0.9230278134346008
843,21008,Alfresco Share 5.2.0.1,alfresco,0.99998283,share,0.9999629,5...2,0.9185184836387634
844,586059,Octopus OctopusDSC 4.0.205,octopus,0.99997747,octopusdsc,0.9999534,4...0,0.9848331809043884
845,555097,Netease Pomelo 0.6.15,netease,0.9999821,pomelo,0.99995494,0...6,0.9718601107597351
846,443028,Juniper JUNOS 10.1,juniper,0.9999728,junos,0.9999331,10,0.9999570846557617
847,297664,git-scm git 1.7.6.3,git - scm,0.812516,git,0.9999583,1...7.6,0.9694118499755859
848,397829,Intel Converged Security Management Engine Firmware 14.0.33,intel,0.9999716,converged security management engine firmware,0.99973714,14...0,0.8832615613937378
849,260654,Firebase Admin Software Development Kit Project Firebase Admin Software Development Kit 4.19.1 for Php,firebase admin software development kit project,0.9998911,firebase admin software development kit,0.99981993,4...19,0.9637807011604309
850,608487,Oracle Oracle Enterprise Manager 10.1.0.6,oracle,0.9966988,enterprise manager,0.99791616,10.1.0,0.9839566946029663
851,339980,Hibernate Hibernate ORM 5.2.3,hibernate,0.9999789,hibernate orm,0.99986565,5.2,0.9999179244041443
852,717928,rust-lang Rust 1.26.0,rust - lang,0.81668824,rust,0.9999634,1...26,0.9055393934249878
853,378496,IBM Security Verify Privilege Vault Remote On-Premises 1.3.2,ibm,0.9999665,security verify privilege vault remote on - premises,0.98720896,1.3,0.9997835159301758
854,605798,Opnet Model Library 16.1.0.0,opnet,0.9999802,model library,0.99985766,16.1,0.9998266100883484
855,270335,Frappe ERPNext 3.8.2,frappe,0.9999814,erpnext,0.99996364,3...8,0.9384434223175049
856,605806,Opnet Sp Guru Network Planner 16.0.0.10215,opnet,0.99998116,sp guru network planner,0.99967974,16...0.0,0.9152796268463135
857,811214,thoughtbot clearance 1.8.0,thoughtbot,0.99998355,clearance,0.999959,1...8,0.9397352337837219
858,6638,ACINQ Eclair 0.2 Beta 5,acinq,0.999979,eclair,0.999961,0,0.9999184608459473
859,620266,oVirt Vdsm 1.1.7,ovirt,0.99997973,vdsm,0.9999634,1...1,0.9464671611785889
860,496773,Lutim Project Lutim 0.8.2,lutim project,0.99992657,lutim,0.999962,0...8,0.9003701210021973
861,342003,HitMyServer HMS Testimonials 2.2.0 for WordPress,hitmyserver,0.99997985,hms testimonials,0.99993795,2...2,0.9956644773483276
862,970,10Web Slider 1.0.41 for WordPress,10web,0.99997985,slider,0.9999622,1...0,0.9997286796569824
863,666523,Prusa3D PrusaSlicer 2.3.0 Alpha 3,prusa3d,0.9999814,prusaslicer,0.9999635,2.3,0.9997125864028931
864,143372,Cisco NX-OS 3.0,cisco,0.99997556,nx - os,0.9995878,3,0.9999489784240723
865,809839,thePHPfactory Jobs Factory 1.3.0 for Joomla!,thephpfactory,0.9999763,jobs factory,0.9999159,1.3,0.999801516532898
866,181927,Crypto Cronos 0.7.0 Release Candidate 1,crypto,0.9999788,cronos,0.9999596,0.7,0.9992271065711975
867,14031,Adobe RoboHelp 2020.1,adobe,0.9999752,robohelp,0.9999585,2020,0.9999549388885498
868,730804,SchedMD Slurm 17.11.0.1,schedmd,0.99997985,slurm,0.9999633,17.11,0.9999039769172668
869,150465,Cisco Unified Intelligence Center 8.5.4,cisco,0.9999745,unified intelligence center,0.99977475,8.5,0.9998168349266052
870,646589,Pivotal Software Cloud Foundry UAA-release 53.1,pivotal software,0.99993527,cloud foundry uaa - release,0.9432987,53,0.9999433755874634
871,87073,Bitcoincore Bitcoin Core 0.14.1,bitcoincore,0.99997735,bitcoin core,0.99977744,0.14,0.9993316531181335
872,532808,MKVToolNix mkvinfo 8.6.0,mkvtoolnix,0.9999789,mkvinfo,0.9999703,8.6,0.9995816946029663
873,550366,NASM Netwide Assembler 12.14 Release Candidate 2,nasm,0.99997556,netwide assembler,0.9998498,12,0.9999597072601318
874,252205,Facebook react-native 0.17.0,facebook,0.9999783,react - native,0.9998296,0...17,0.8992022275924683
875,115951,cBioPortal Project cBioPortal 3.7.1,cbioportal project,0.999918,cbioportal,0.99995685,3.7,0.9998383522033691
876,317193,Google Chrome 35.0.1916.10,google,0.99998033,chrome,0.99995697,35...0.1916,0.9719948172569275
877,648900,Pivotal Software Spring Advanced Message Queuing Protocol (AMQP) 2.0.7,pivotal software,0.9999291,spring advanced message queuing protocol,0.99969137,2.0,0.9995059967041016
878,860163,VMware Esxi 6.7 670-201908104,vmware,0.999982,esxi,0.9999541,6..,0.9306063652038574
879,47378,Apple GarageBand 2.0.7,apple,0.9999807,garageband,0.9999608,2...0,0.9866201877593994
880,461523,Laravel Framework 5.4.31,laravel,0.99998164,framework,0.99995303,5.4,0.9999347925186157
881,217864,DWBooster Appointment Hour Booking 1.3.57 for WordPress,dwbooster,0.99998033,appointment hour booking,0.9998972,1...3,0.9991094470024109
882,751147,Signal Private Messenger 4.13.5 for Android,signal,0.9999764,private messenger,0.9999056,4...13,0.98829185962677
883,357724,Hp Proliant Ml350e Gen8 V2 Server -,hp,0.99997115,proliant ml350e gen8 v2 server,0.99574757,-,0.9996032118797302
884,540044,Mortbay Jetty 2.3.4,mortbay,0.99998295,jetty,0.9999565,2...3,0.9487851858139038
885,662233,PrismJS Prism 1.12.1 for Node.js,prismjs,0.99998033,prism,0.9999571,1...12,0.9982353448867798
886,262008,Flask-CORS Project Flask-CORS 1.1.7,flask - cors project,0.99989057,flask - cors,0.99986297,1.1,0.9999479055404663
887,808392,Themeisle Visualizer 1.6.6 for WordPress,themeisle,0.99998116,visualizer,0.99996555,1...6,0.9992769360542297
888,9236,ADbNewsSender Project ADbNewsSender 2.4.0,adbnewssender project,0.9999246,adbnewssender,0.99994767,2.4,0.9999146461486816
889,609511,Oracle Hospitality Suite8 8.9.2.0,oracle,0.9999763,hospitality suite8,0.99973804,8.9,0.9998993277549744
890,262114,Flask-security Project Flask-security 1.6.3,flask - security project,0.9998467,flask - security,0.9998286,1...6,0.9006156921386719
891,289758,Getshortcodes Shortcodes Ultimate 5.10.1 for WordPress,getshortcodes,0.99998105,shortcodes ultimate,0.99988294,5...10,0.9853933453559875
892,828436,Twitter Twitter-server 20.3.0,twitter,0.9999753,twitter - server,0.9997196,20.3,0.9986252784729004
893,185549,Dadamailproject Dada Mail 10.5.4,dadamailproject,0.999982,dada mail,0.9998715,10.5,0.9998489618301392
894,715274,Ruby-lang Ruby 1.8.5.208,ruby,0.9999739,ruby,0.9999393,1...8.5,0.9859534502029419
895,112542,Canon EOS D Rebel T6 Firmware -,canon,0.99997115,eos d rebel t6 firmware,0.9996254,-,0.9995977282524109
896,738812,SensioLabs Symfony 4.1.3,sensiolabs,0.9999833,symfony,0.9999368,4.1,0.9998013377189636
897,239246,Ethereum Go Ethereum 0.8.4-1,ethereum,0.99997616,go ethereum,0.999519,0.8,0.9994739294052124
898,442442,JuliaLang Julia 1.0.0 Release Candidate 1,julialang,0.99997985,julia,0.99994886,1...0,0.9741541147232056
899,403488,Intel Proset Wireless 12.1.1000,intel,0.9999758,proset wireless,0.9997345,12...1,0.8993725180625916
900,410796,ioBroker iobroker.admin 0.5.2 for Node.js,iobroker,0.99998116,iobroker. admin,0.9998891,0...5,0.9256030321121216
901,603218,OpenWebif Project OpenWebif 0.1.2 for Enigma2,openwebif project,0.99990726,openwebif,0.99995744,0...1,0.9876174330711365
902,553309,Nervos Foundation CKB (The Common Knowledge Base) 0.100.0 Release Candidate 3 for Rust,nervos,0.9999709,ckb,0.99996233,0.100,0.9993109703063965
903,863509,VMware Tanzu Application Service for VMs 2.8.23,vmware,0.99997854,tanzu application service for vms,0.9996716,2...8,0.9843704104423523
904,213900,Dragonfly Project Dragonfly 0.7.4 for Ruby,dragonfly project,0.9999276,dragonfly,0.9999672,0...7,0.9940304756164551
905,23486,Amaze File Manager Project Amaze File Manager 1.4.2 for Android,amaze file manager project,0.99990225,amaze file manager,0.9999027,1...4,0.9918188452720642
906,868889,Webartisan Soundy Background Music 3.2 for WordPress,webartisan,0.9999827,soundy background music,0.99985147,3..,0.924454927444458
907,37594,The Apache Software Foundation jclouds 1.1.1,apache,0.99974257,jclouds,0.9999559,1.1,0.9997979402542114
908,429358,Jenkins Subversion 1.45 for Jenkins,jenkins,0.999979,subversion,0.99995697,1...45,0.8029550909996033
909,381077,IBM Tivoli Integrated Portal 2.2.0.13,ibm,0.99997747,tivoli integrated portal,0.9997475,2...2.0,0.9971950650215149
910,246797,F5 BIG-IP Analytics 15.1.1,f5,0.99998116,big - ip analytics,0.9998758,15.1,0.9991509914398193
911,61161,Atlassian Connect Spring Boot 1.3.5,atlassian,0.9999796,connect spring boot,0.9997739,1.3,0.9998973608016968
912,63176,Atlassian editor-core 98.5.0 for Node.js,atlassian,0.9999819,editor - core,0.9998841,98...5,0.9989312887191772
913,682749,Quick Chat Project Quick Chat 4.10 for WordPress,quick chat project,0.99991554,quick chat,0.9999182,4..,0.9629353880882263
914,534934,moinejf abcm2ps 4.10.2,moinejf,0.9999819,abcm2ps,0.99995816,4.10,0.9998711347579956
915,517305,Microfocus Data Center Automation 2019.11,microfocus,0.9999757,data center automation,0.9998161,2019,0.9999492168426514
916,196281,Dell Latitude 7220EX Rugged Extreme Tablet Firmware 1.6.0,dell,0.9999714,latitude 7220ex rugged extreme tablet firmware,0.9994468,1.6,0.9996857047080994
917,408813,Interchain Cosmos SDK 0.40.0 Release Candidate 7,interchain,0.99998176,cosmos sdk,0.9999201,0.40,0.9998714923858643
918,179338,cPrime Power Scripts 2.0.7 for Jira,cprime,0.99998,power scripts,0.99994165,2...0,0.9988537430763245
919,194564,Dell EMC iDRAC9 Firmware 3.42.42.42,dell,0.9999763,emc idrac9 firmware,0.9998295,3...42...42,0.9071870446205139
920,477470,libslirp Project libslirp 2.6.0 Release Candidate 5,libslirp project,0.99992275,libslirp,0.9999654,2...6,0.8403849005699158
921,912725,Zemanta Related Posts plugin for WordPress 1.4,zemanta,0.9999746,related posts,0.99985796,1,0.9999151229858398
922,420525,Jenkins Delphix 1.0.0 for Jenkins,jenkins,0.9999789,delphix,0.99996316,1...0,0.9959962368011475
923,865296,vsftpd Project vsftpd 1.2.2,vsftpd project,0.9999221,vsftpd,0.99993837,1...2,0.9673357605934143
924,195723,Dell Inspiron 5558 Firmware A17,dell,0.9999691,inspiron 5558 firmware,0.99950844,a17,0.9995852112770081
925,887601,WpDevArt Gallery 1.8.6 for WordPress,wpdevart,0.9999831,gallery,0.9999038,1...8,0.9995332956314087
926,482194,Link Library Project Link Library 6.8.6 for WordPress,link library project,0.99991447,link library,0.9999267,6...8,0.9994789958000183
927,168148,CodePeople CP Contact Form with PayPal 1.2.48 for WordPress,codepeople,0.99998164,cp contact form with paypal,0.9998902,1...2,0.9990027546882629
928,320617,Google Protobuf 3.0.0 Alpha3.1,google,0.99997854,protobuf,0.99996364,3...0,0.9928703308105469
929,438989,Joplin Project Joplin 10.0.50 for iPhone OS,joplin project,0.9999207,joplin,0.9999496,10...0,0.9965836405754089
930,268049,Fortinet FortiClient Enterprise Management Server (EMS) 7.0.0,fortinet,0.9999796,forticlient enterprise management server,0.99938977,7.0,0.9866005778312683
931,240736,EU Cookie Law Project EU Cookie Law 2.7.1 for WordPress,eu cookie law project,0.99989635,eu cookie law,0.9999164,2...7,0.9989004731178284
932,226916,Electronjs Electron 7.1.13,electronjs,0.99998105,electron,0.99993694,7...1,0.9664726853370667
933,779295,strace Project strace 4.23,strace project,0.9999334,strace,0.9999608,4..,0.9157217741012573
934,521007,Microsoft Office 2007 Standard,microsoft,0.99989533,office,0.9966851,2007,0.9925493001937866
935,246799,F5 BIG-IP Analytics 15.1.2.1,f5,0.99998116,big - ip analytics,0.9998836,15.1,0.9997841715812683
936,797008,Tableexport.jquery.plugin Project Tableexport.jquery.plugin 1.4.0,tableexport. jquery. plugin project,0.99982697,tableexport jquery,0.8978942,1.4,0.9998939633369446
937,332798,Hapijs Hoek 0.7.2 for Node.js,hapijs,0.9999815,hoek,0.999956,0...7,0.9401584267616272
938,814067,TieLabs Jannah 4.7.2 for WordPress,tielabs,0.9999826,jannah,0.9999683,4...7,0.996948778629303
939,756776,Simpolio Project Simpolio 1.3.2 for WordPress,simpolio project,0.99991816,simpolio,0.9999585,1...3,0.9984205961227417
940,28375,Amentotech Workreap 1.1.4 for WordPress,amentotech,0.9999769,workreap,0.9999597,1...1,0.9992135763168335
941,86191,Bit Project Bit 0.4.12,bit project,0.9999264,bit,0.99995184,0...4,0.9820911884307861
942,559705,NetSAS Enigma Network Management Solution (NMS) 28.1.0,netsas,0.9999784,enigma network management solution,0.99985117,28.1,0.999101996421814
943,367202,Huawei Vmall 1.5.3.0,huawei,0.99997973,vmall,0.9999652,1...5.3,0.901340126991272
944,594217,openfortivpn Project openfortivpn 1.10.0,openfortivpn project,0.9999085,openfortivpn,0.99995756,1.10,0.9996483325958252
945,54045,Artifex AFPL Ghostscript 8.52,artifex,0.99998283,afpl ghostscript,0.9997438,8..,0.820403516292572
946,166882,Codeermeneer Companion Sitemap Generator 3.5.0 for WordPress,codeermeneer,0.9999771,companion sitemap generator,0.9999299,3...5,0.9760510921478271
947,528200,Mini-XML Project Mini-XML 2.2.2,mini - xml project,0.99986726,mini - xml,0.9998428,2...2,0.9762217998504639
948,535725,MongoDB Database Tools 2.8.0 Release Candidate 2,mongodb,0.99998164,database tools,0.99990577,2...8,0.9172302484512329
949,421991,Jenkins Git Changelog 2.17 for Jenkins,jenkins,0.9999751,git changelog,0.9999165,2...17,0.8744843602180481
950,559537,Netreo OmniCenter 12.0.1,netreo,0.99998057,omnicenter,0.99996626,12.0,0.9761942625045776
951,142818,Cisco Network Services Orchestrator (NSO) 5.3.2,cisco,0.99997616,network services orchestrator,0.999782,5.3,0.9994784593582153
952,572198,node-postgres pg 1.1.0 for Node.js,node -,0.9415349,pg,0.999941,1...1,0.89656662940979
953,447250,Kaml Project Kaml 0.16.0,kaml project,0.9999208,kaml,0.9999608,0.16,0.9998494386672974
954,759851,SLF4J slf4j-simple 1.7.5,slf4j,0.9999534,slf4j - simple,0.9967509,1...7,0.9092640280723572
955,332782,Hapijs Hoek 0.4.4 for Node.js,hapijs,0.99998176,hoek,0.9999515,0...4,0.9785479307174683
956,580260,NVIDIA GPU Driver 418,nvidia,0.99997437,gpu driver,0.9996195,418,0.9997784495353699
957,425296,Jenkins jenkins-cloudformation-plugin 0.1 for Jenkins,jenkins,0.9999678,jenkins - cloudformation - plugin,0.999648,0,0.9999445676803589
958,601856,openSUSE munin 2.0.49-4.2,opensuse,0.9999832,munin,0.99996555,2...0,0.9970202445983887
959,300520,GNOME Evince 2.28.0,gnome,0.9999802,evince,0.9999695,2...28,0.9842182993888855
960,283285,Gatsbyjs Gatsby-source-wordpress 3.3.29 for Node.js,gatsbyjs,0.99997973,gatsby - source - wordpress,0.9959513,3...3,0.9851875901222229
961,543627,Mozilla SeaMonkey 2.0 RC1,mozilla,0.9999783,seamonkey,0.99996924,2,0.9998756647109985
962,184456,Cyberoam CyberoamOS 10.6.2 Beta 1,cyberoam,0.99998176,cyberoamos,0.9999671,10...6,0.9252575635910034
963,364272,Huawei Magic UI 3.0.0,huawei,0.9999819,magic ui,0.9999045,3...0,0.8960117697715759
964,281066,Gadget Works Online Ordering System Project Gadget Works Online Ordering System 1.0,gadget works online ordering system project,0.9998696,gadget works online ordering system,0.9992448,1,0.999946117401123
965,499328,Mail Project Mail 2.2.16 for Ruby,mail project,0.99993104,mail,0.9999646,2...2,0.9995616674423218
966,886789,WPClever WPC Smart Wishlist for WooCommerce 1.2.0 for WordPress,wpclever,0.99997973,wpc smart wishlist for woocommerce,0.9998976,1...2,0.9213421940803528
967,673448,Python Keyring 12.2.0,python,0.9999777,keyring,0.9999659,12.2,0.9997080564498901
968,404714,Intel Turbo Boost Max Technology 3.0 1.0.0.1035,intel,0.99997354,turbo boost max technology 3,0.9155914,1.0,0.9951963424682617
969,738510,SensioLabs Symfony 2.4.0,sensiolabs,0.99998343,symfony,0.99996734,2.4,0.9999004602432251
970,63106,Atlassian editor-core 95.0.3 for Node.js,atlassian,0.999982,editor - core,0.99988014,95...0,0.9995022416114807
971,748985,Siemens Simatic S7-300f Firmware -,siemens,0.99996674,simatic s7 - 300f firmware,0.9996084,-,0.9994966983795166
972,382992,IBM WebSphere MQ 6.0.2.11,ibm,0.9999783,websphere mq,0.9998392,6...0.2,0.994383692741394
973,331797,Handlebars.js Project Handlebars.js 4.7.4 for Node.js,handlebars. js project,0.99988127,handlebars. js,0.99960977,4...7,0.9746326804161072
974,25356,Amazon aws-sdk-java (AWS SDK for Java) 1.1.6,amazon,0.99994934,aws - sdk - java,0.99890554,1.1,0.9999189972877502
975,418876,Jenkins Azure VM Agents 0.6.1 for Jenkins,jenkins,0.9999764,azure vm agents,0.9999175,0...6,0.925786018371582
976,728147,SAP UI5 1.28.10,sap,0.9999801,ui5,0.99995315,1...28,0.9465984106063843
977,450531,KDE kio-extras 5.1.95,kde,0.99998116,kio - extras,0.99981266,5.1,0.999901294708252
978,880135,Wire wire-webapp 2020-07-16 Staging 0,wire,0.9999747,wire - webapp,0.85911226,2020,0.9998817443847656
979,69393,Auth0 Lock 4.0.46,auth0,0.9999821,lock,0.9999355,4...0,0.9545023441314697
980,715954,Ruby-lang Ruby 2.0.0,ruby,0.9999715,ruby,0.9999484,2.0,0.9997269511222839
981,312453,Golang Go 1.10,golang,0.9999815,go,0.9999081,1...10,0.9676129221916199
982,536,10web Form Maker 1.13.8 for WordPress,10web,0.9999821,form maker,0.9998995,1...13,0.9991812705993652
983,259140,File Roller Project File Roller 3.9.0 for GNOME,file roller project,0.9999056,file roller,0.999915,3...9,0.992496132850647
984,479627,Lightbend Play Framework 2.2.2 Release Candidate 3,lightbend,0.9999821,play framework,0.9999122,2...2,0.9848023653030396
985,455715,K-Link K-Box 0.32.3,k - link,0.9955859,k - box,0.99989015,0.32,0.9996155500411987
986,61288,Atlassian Crowd 2.5.1,atlassian,0.99998295,crowd,0.99996483,2...5,0.9535911679267883
987,58835,Ati Catalyst Control Center Utility 108.2146.2565.38893,ati,0.9999783,catalyst control center utility,0.9998659,108...2146,0.9984799027442932
988,794338,Synology Ds116 Firmware 6.2-23739-1,synology,0.9999789,ds116 firmware,0.9998487,6..,0.8787874579429626
989,718818,SaasProject Booking Package 1.0.0 for WordPress,saasproject,0.99997926,booking package,0.9999159,1...0,0.9963123798370361
990,226149,Elasticsearch Packetbeat 6.7.2,elasticsearch,0.99998283,packetbeat,0.9999716,6.7,0.999772310256958
991,318958,Google Chrome 79.0.3917.0,google,0.999982,chrome,0.99994946,79...0,0.999271810054779
992,292157,Git for Windows Project Git for Windows 1.6.4,git for windows project,0.99989426,git for windows,0.99957305,1...6,0.9913831949234009
993,899734,XMLSoft libxslt 1.0.2,xmlsoft,0.9999838,libxslt,0.9999684,1.0,0.9997304677963257
994,32104,Anuko Time Tracker 1.18.61.4885,anuko,0.99997795,time tracker,0.9999375,1...18.61,0.9985942840576172
995,332585,hapijs hapi 1.7.2 for Node.js,hapijs,0.9999815,hapi,0.99995947,1...7,0.9988230466842651
996,858105,VirusTotal YARA 4.1.0,virustotal,0.9999814,yara,0.9999491,4.1,0.9996320009231567
997,448318,Katello Project Katello 0.1.49-1 for Foreman,katello project,0.99992394,katello,0.9999397,0...1,0.9965695142745972
998,156838,CleverPlugins SEO Booster 3.6.7 for WordPress,cleverplugins,0.9999825,seo booster,0.9999341,3...6,0.9992697238922119
999,516125,Metascraper Project Metascraper 5.14.18 for Node.js,metascraper project,0.99992174,metascraper,0.9999628,5...14,0.9945352077484131
1000,419300,Jenkins Cadence vManager 2.4 for Jenkins,jenkins,0.99997115,cadence vmanager,0.99991244,2..,0.9228938221931458
1001,802942,Telerik Kendo UI for Vue 1.0.5,telerik,0.9999784,kendo ui for vue,0.9997934,1.0,0.999885082244873
1002,509356,McAfee Cloud Single Sign On 4.0.1,mcafee,0.9999801,cloud single sign on,0.9997296,4.0,0.9998000264167786
1003,286621,Geoserver Geowebcache 1.13.0,geoserver,0.99998,geowebcache,0.999969,1.13,0.999834418296814
1004,523153,Microsoft Visual Studio Code 1.22,microsoft,0.99997425,visual studio code,0.9998622,1,0.9999642372131348
1005,251014,Facebook HHVM 4.20.2,facebook,0.99997544,hhvm,0.9999609,4...20,0.9691851139068604
1006,522103,Microsoft SQL Server Management Studio (SSMS) 18.9,microsoft,0.9999733,sql server management studio,0.9995635,18,0.9999239444732666
1007,521859,Microsoft Rich Textbox Control 6.0,microsoft,0.99996567,rich textbox control,0.9998765,6,0.9999343156814575
1008,777231,Stanford webauth 3.0.0,stanford,0.9999788,webauth,0.99996364,3...0,0.8416352868080139
1009,589614,Oniguruma Project Oniguruma 6.9.3,oniguruma project,0.9999234,oniguruma,0.99995077,6.9,0.9999098181724548
1010,519236,Microsoft Bot Framework Software Development Kit 0.5.1 for .NET Framework,microsoft,0.9999764,bot framework software development kit,0.99981403,0.5,0.9992718696594238
1011,151658,Cisco Vpn Client 5.0.02.0090,cisco,0.99997485,vpn client,0.99980396,5...0.02,0.9985840320587158
1012,4980,abeel Simple PHP Agenda 2.2.8,abeel,0.9999778,simple php agenda,0.99975085,2...2,0.9121120572090149
1013,521934,Microsoft Silverlight 4.0.51204.0,microsoft,0.9999783,silverlight,0.999938,4...0,0.9986114501953125
1014,267670,Fortinet FortiAP-S 6.0.2,fortinet,0.9999821,fortiap - s,0.9996927,6.0,0.9998558759689331
1015,67292,Attachmate Verastream Host Integrator (VHI) 4.5,attachmate,0.99998164,verastream host integrator,0.9996936,4,0.9999586343765259
1016,380716,IBM Tivoli Application Dependency Discovery Manager (TADDM) 7.2.1.5,ibm,0.99997544,tivoli application dependency discovery manager,0.9995906,7.2.1,0.983528733253479
1017,37238,Apache Software Foundation Jackrabbit 2.8.2,apache,0.9999653,jackrabbit,0.9999689,2.8,0.999863862991333
1018,83585,BestWebSoft Htaccess 1.7.0 for WordPress,bestwebsoft,0.99998176,htaccess,0.9999664,1...7,0.9929443001747131
1019,328876,GuideSmiths worksmith 0.1.4 for Node.js,guidesmiths,0.9999813,worksmith,0.9999534,0...1,0.9198110103607178
1020,647046,Pivotal Software Concourse 0.65.1,pivotal software,0.99993336,concourse,0.9999411,0...65,0.9074887037277222
1021,311599,GOG Galaxy 2.0.14 for Windows,gog,0.9999788,galaxy,0.9999356,2...0,0.9995824098587036
1022,785744,Supsystic Social Share Buttons 2.1.14 for WordPress,supsystic,0.9999777,social share buttons,0.9999302,2...1,0.9993558526039124
1023,79373,Barco ClickShare CS-100 Firmware 1.6.1.2,barco,0.9999752,clickshare cs - 100 firmware,0.9997883,1...6.1,0.9417994022369385
1024,877679,whmcs WHMCompleteSolution (WHMCS) 4.4.0,whmcs,0.99997795,whmcompletesolution,0.99994767,4.4,0.9996342658996582
1025,340236,Hierarchical Select Project Hierarchical Select 5.x-3.0 Release Candidate 6 for Drupal,hierarchical select project,0.99991083,hierarchical select,0.9998624,5...3,0.8343007564544678
1026,604251,OpenZeppelin Contracts 3.4.0 Solc-0.7 for Node.js,openzeppelin,0.99998236,contracts,0.9999013,3...4,0.8799802660942078
1027,522592,Microsoft Visual Studio 2019 8.8 for Mac OS,microsoft,0.99997604,visual studio 2019,0.9998763,8,0.9995009899139404
1028,638729,PHPMailer Project PHPMailer 6.0.0 Release Candidate 4,phpmailer project,0.99990946,phpmailer,0.99995375,6.0,0.9982595443725586
1029,540467,Mortbay Jetty 9.1.4,mortbay,0.99998295,jetty,0.9999572,9...1,0.9236507415771484
1030,651915,Plainware ShiftController 2.0.0 for WordPress,plainware,0.9999795,shiftcontroller,0.9999651,2...0,0.9982345700263977
1031,611788,Oracle MySQL 5.0.93,oracle,0.9999696,mysql,0.99990976,5...0,0.9652513265609741
1032,31562,Anuko Time Tracker 1.13.10.3730,anuko,0.99997735,time tracker,0.9999404,1...13...10,0.9347869157791138
1033,786119,SUSE Linux Enterprise Server 15 Service Pack 2 Business Critical Linux (BCL) Edition,suse,0.9999796,linux enterprise server,0.99846554,15,0.9980154037475586
1034,564254,Nextcloud Talk 6.0.0,nextcloud,0.9999831,talk,0.9999585,6.0,0.9996809959411621
1035,65235,Atlassian Jira Service Desk 3.6.4 Data Center Edition,atlassian,0.9999815,jira service desk,0.99988586,3...6,0.9815734028816223
1036,797502,Tagify Project Tagify 3.19.6,tagify project,0.9999288,tagify,0.9999671,3...19,0.9923003315925598
1037,570210,Nodejs Node.js 4.6.0,nodejs,0.9999814,node. js,0.9996696,4.6,0.9999362826347351
1038,149427,Cisco UCS Director 6.5.0.1,cisco,0.9999765,ucs director,0.9998901,6.5,0.9998880624771118
1039,833608,uMatrix Project uMatrix 0.9.1.2,umatrix project,0.99991846,umatrix,0.999966,0...9.1,0.9015785455703735
1040,357787,HP Proliant XL450 Firmware 2.20,hp,0.9999707,proliant xl450 firmware,0.999742,2,0.9999587535858154
1041,433288,JetBrains PyCharm 2018.1,jetbrains,0.9999825,pycharm,0.99995315,2018,0.999916672706604
1042,158066,Cloud Foundry Bosh 265.9.0,cloud foundry,0.9999027,bosh,0.9999608,265...9,0.9869064092636108
1043,283306,Gatsbyjs Gatsby-source-wordpress 3.8.1 for Node.js,gatsbyjs,0.99997985,gatsby - source - wordpress,0.995361,3...8,0.9804369211196899
1044,370949,IBM Cognos Disclosure Management (CDM) 10.2.0,ibm,0.99997723,cognos disclosure management,0.9998322,10.2,0.9994348287582397
1045,810751,ThinkShout Mailchimp 6.x-2.0 Release Candidate 1 for Drupal,thinkshout,0.9999821,mailchimp,0.9999571,6...2,0.8866402506828308
1046,136765,Cisco IOS 12.2XL,cisco,0.99997413,ios,0.9998764,12,0.9999113082885742
1047,599319,OpenStack OpenStack Dashboard (Horizon) 2013.2.2,openstack,0.9740293,dashboard,0.9739362,2013.2,0.9986979961395264
1048,844603,Veritas CloudPoint 2.2.1,veritas,0.99998343,cloudpoint,0.99996185,2...2,0.9114716053009033
1049,319240,Google Chrome 81.0.4044.129,google,0.9999809,chrome,0.9999411,81...0.4044,0.9878464937210083
1050,913291,Zend ZendTo 3.11,zend,0.9999778,zendto,0.99996674,3..,0.8746033310890198
1051,336441,Haxx Curl 7.1,haxx,0.9999808,curl,0.99993765,7,0.9999518394470215
1052,170206,Collne Welcart 1.4.8 for Wordpress,collne,0.99998045,welcart,0.9999652,1...4,0.9996017217636108
1053,664192,Project Issue File Review Project Project Issue File Review 6.x-2.14 Beta 1 for Drupal,project issue file review project,0.9997059,project issue file review,0.92397904,6.2,0.9998639822006226
1054,368391,Hygeia Project Hygeia 1.9.0 Beta 5,hygeia project,0.9999052,hygeia,0.99995935,1.9,0.9993288516998291
1055,843876,Vercel Next.js 9.2.2 Canary 8 for Node.js,vercel,0.9999831,next. js,0.9999029,9...2,0.9806793928146362
1056,220919,Eclipse EGit 5.11.0,eclipse,0.999982,egit,0.9999671,5.11,0.9999402165412903
1057,117830,CERN Root 3-05-05,cern,0.99998033,root,0.9999192,3.05.05,0.8951283097267151
1058,773291,Spotify Luigi 1.1.1,spotify,0.9999807,luigi,0.9999238,1.1,0.9999213218688965
1059,222267,Eclipse Sphinx 0.9.0 Release Candidate 2,eclipse,0.9999814,sphinx,0.9999443,0...9,0.9635646939277649
1060,71121,AutomationDirect C0-12ARE-1-D Firmware 3.00,automationdirect,0.9999819,c0 - 12are - 1 - d firmware,0.99951005,3.00,0.7509546279907227
1061,413534,ISC BIND 9.4.0 B3,isc,0.99998164,bind,0.9999496,9...4,0.9255501627922058
1062,832838,"Ulli Horlacher Frams's Fast File EXchange (F*EX, aka fex) 20111005",ulli horlacher,0.9999015,exchange,0.5657466,20111005,0.9997242093086243
1063,292173,Git for Windows Project Git for Windows 1.6.5.6,git for windows project,0.99989355,git for windows,0.99968976,1...6.5,0.9920974373817444
1064,531087,Mitreid Connect 1.2.4,mitreid,0.99998176,connect,0.9999218,1.2,0.9999302625656128
1065,843211,Vercel Next.js 2.0.0 for Node.js,vercel,0.9999831,next. js,0.99990624,2...0,0.9862244129180908
1066,351141,HP FutureSmart 4 2408067_049143,hp,0.9999715,futuresmart 4,0.9998087,2408067._.049143,0.9045811891555786
1067,769466,Sparksuite SimpleMDE 1.5.0,sparksuite,0.99997747,simplemde,0.9999298,1.5,0.9998852014541626
1068,777877,Status Board Project Status Board 1.1.22,status board project,0.9999111,status board,0.9998535,1...1,0.9864276647567749
1069,49644,Appleple a-blog cms 2.7.25,appleple,0.99998105,a - blog cms,0.9998695,2...7,0.9926412105560303
1070,817279,tmock Project tmock 0.0.6 for Node.js,tmock project,0.99992144,tmock,0.9999659,0...0,0.9754855036735535
1071,769412,SparkLabs Viscosity 1.5.2,sparklabs,0.9999802,viscosity,0.9999635,1...5,0.9151380658149719
1072,465069,Lenovo Active Protection System 1.77.0.9,lenovo,0.9999796,active protection system,0.9999158,1...77.0,0.9712803363800049
1073,664225,Projectcalico Calico 2.4.0,projectcalico,0.9999789,calico,0.99995863,2...4,0.8914732336997986
1074,579949,Nvidia Display Control Panel 6.14.12.5896,nvidia,0.99998057,display control panel,0.9998841,6...14...12,0.9383876323699951
1075,683926,rack-cors Project rack-cors 1.0.6 for Ruby,rack - cors project,0.9998871,rack - cors,0.9999215,1...0,0.9624183773994446
1076,863424,VMware Tanzu Application Service for VMs 2.5.8,vmware,0.99997914,tanzu application service for vms,0.99967164,2...5,0.9341886639595032
1077,715463,Ruby-lang Ruby 1.8.6.175,ruby,0.9999739,ruby,0.99993753,1...8.6,0.9947198033332825
1078,902351,Yahoo Athenz 1.8.25,yahoo,0.9999815,athenz,0.9999658,1...8,0.9708973169326782
1079,133358,Cisco IOS 10.0,cisco,0.9999751,ios,0.99991,10,0.9999145269393921
1080,9190,ADbNewsSender Project ADbNewsSender 1.3.1,adbnewssender project,0.9999246,adbnewssender,0.9999291,1.3,0.9997870922088623
1081,518581,Microsoft Accessibility Insights for Web 2.1.0,microsoft,0.9999734,accessibility insights for web,0.9996322,2.1,0.9997976422309875
1082,281393,Gaku Tablacus Explorer 19.4.3,gaku,0.999979,tablacus explorer,0.9998468,19.4,0.9995021820068359
1083,261957,Flask-Caching Project Flask-Caching 0.11.1 for Flask,flask - caching project,0.9998923,flask - caching,0.99991965,0...11,0.9126667380332947
1084,70237,authentikat-jwt Project authentikat-jwt 0.3.3,authentikat - jwt project,0.9998778,authentikat - jwt,0.9995354,0.3,0.9999407529830933
1085,59758,Atlassian Bitbucket Auto Unapprove 2.1.1,atlassian,0.9999825,bitbucket auto unapprove,0.99976397,2.1,0.9998495578765869
1086,322567,gpdf Project gpdf 2.8.0,gpdf project,0.9999289,gpdf,0.9999672,2...8,0.9694952964782715
1087,724938,Sangoma FreePBX 13.0.119.11,sangoma,0.9999815,freepbx,0.9999714,13...0.119,0.9865998029708862
1088,808411,Themeisle Visualizer 2.1.9 for WordPress,themeisle,0.99998105,visualizer,0.9999645,2...1,0.9995328783988953
1089,609569,Oracle HTTP Server 1.0.2.0,oracle,0.9999596,http server,0.9996704,1.0.2,0.9984517693519592
1090,197936,Deluge-Torrent Deluge 1.3.0 -,deluge - torrent,0.99273556,deluge,0.9997098,1.3,0.9998127222061157
1091,73373,AviatorScript Project AviatorScript 3.1.1,aviatorscript project,0.99993104,aviatorscript,0.99994874,3.1,0.9998351335525513
1092,249721,F5 NGINX Ingress Controller 0.4.0,f5,0.9999778,nginx ingress controller,0.9998136,0.4,0.999737024307251
1093,28532,Amministrazione Aperta Project Amministrazione Aperta 3.7 for WordPress,amministrazione aperta project,0.999903,amministrazione aperta,0.9998616,3,0.9999676942825317
1094,911255,Zalando Skipper 0.13.83,zalando,0.9999776,skipper,0.9999485,0...13,0.9737270474433899
1095,328280,GTranslate Google Language Translator 2.5 for WordPress,gtranslate,0.9999807,google language translator,0.9999048,2..,0.898489236831665
1096,864959,Vovsoft Text Edit Plus 6.5,vovsoft,0.99997795,text edit plus,0.9997489,6,0.9999521970748901
1097,900290,XpdfReader Xpdf 0.91b,xpdfreader,0.9999654,xpdf,0.9999608,0,0.9999610185623169
1098,920048,Zoom Meetings 5.5.5 for macOS,zoom,0.9999776,meetings,0.99992096,5...5,0.9362170696258545
1099,375535,IBM MQ Appliance 8.0.0.11,ibm,0.99997437,mq appliance,0.99970865,8...0.0,0.9597580432891846
1100,3053,42GEARS SureMDM Nix Agent 13.29 for Android,42gears,0.99997437,suremdm nix agent,0.99990433,13..,0.9823471307754517
1101,421877,Jenkins Git 4.0.0 Release Candidate for Jenkins,jenkins,0.99997973,git,0.999964,4...0,0.993277907371521
1102,907859,YMFE YApi 1.3.13,ymfe,0.9999821,yapi,0.99994457,1...3,0.9868099093437195
1103,212747,dounokouno TransmitMail 1.5.17,dounokouno,0.99997795,transmitmail,0.99992836,1...5,0.9674506783485413
1104,476254,libQMI Project libQMI 1.10.0,libqmi project,0.9999035,libqmi,0.9999651,1.10,0.9998140931129456
1105,131749,Cisco Firepower Management Center (FMC) 6.3.0.5,cisco,0.99997723,firepower management center,0.9998688,6.3,0.9998548030853271
1106,553240,Nervos Foundation CKB (The Common Knowledge Base) 0.26.1 - for Rust,nervos,0.9999726,ckb,0.999964,0.26,0.9996621608734131
1107,158897,Cloudflare OctoRPKI 1.2.0,cloudflare,0.9999815,octorpki,0.9999579,1.2,0.9998831748962402
1108,715044,Ruby-lang Rexml 3.1.8 for Ruby,ruby -,0.81629026,rexml,0.9999529,3...1,0.9974968433380127
1109,709342,Rocomotion P Board RI with GBO 1.09,rocomotion,0.99998116,p board ri,0.9984291,1,0.9998829364776611
1110,37045,Apache Software Foundation Ignite 1.5.0 Beta 1,apache,0.99996746,ignite,0.9999622,1.5,0.9993914365768433
1111,592598,OpenBSD OpenSSH 2.5.2 p2,openbsd,0.9999796,openssh,0.9999386,2...5,0.9934722185134888
1112,665276,Prometheus Client Golang 1.12.1 for Go,prometheus,0.99997985,client golang,0.99982727,1...12,0.9749431610107422
1113,414326,ISC BIND 9.10.8,isc,0.9999821,bind,0.99995553,9.10,0.9999085068702698
1114,183312,Cure53 DOMPurify 1.0.8,cure53,0.99998033,dompurify,0.99996066,1...0,0.8444728255271912
1115,814012,Tidio-gallery Project tidio-gallery 1.1 for WordPress,tidio - gallery project,0.9998848,tidio - gallery,0.99990207,1,0.9999594688415527
1116,874558,Webyog SQLyog 7.01,webyog,0.9999827,sqlyog,0.99995446,7,0.9999551773071289
1117,426284,Jenkins Mattermost 1.5.0 for Jenkins,jenkins,0.9999801,mattermost,0.99996793,1...5,0.9918349981307983
1118,553645,NetApp Cloud Manager 3.8.2,netapp,0.9999813,cloud manager,0.9999194,3...8,0.9050598740577698
1119,915881,ZohoCorp ManageEngine ADManager Plus 7.0 7056,zohocorp,0.9999796,manageengine admanager plus,0.99977213,7,0.9991664886474609
1120,775673,SrbTransLatin Project SrbTransLatin 1.48 for WordPress,srbtranslatin project,0.9999074,srbtranslatin,0.9999317,1..,0.925949215888977
1121,732235,Schneider-Electric Modicom Quantum Firmware -,schneider - electric,0.9337389,modicom quantum firmware,0.9996956,-,0.9997218251228333
1122,419897,Jenkins Configuration Slicing 1.28.1 for Jenkins,jenkins,0.99997556,configuration slicing,0.9999314,1...28,0.9977410435676575
1123,43937,Apache Software Foundation Zeppelin 0.8.0,apache,0.99996495,zeppelin,0.999946,0.8,0.999754786491394
1124,301115,Gnome Evolution Data Server 3.9.1,gnome,0.9999757,evolution data server,0.99964434,3.9,0.9999072551727295
1125,885016,WP Photo Album Plus Project WP Photo Album Plus 7.1.00 for WordPress,wp photo album plus project,0.99988425,wp photo album plus,0.9998384,7...1,0.9373438358306885
1126,584134,Octokit Project Octokit 0.6.3 for Ruby,octokit project,0.99992025,octokit,0.9999591,0...6,0.9976703524589539
1127,844201,Vercel Next.js 10.1.4 Canary 15 for Node.js,vercel,0.99998295,next. js,0.9998889,10...1,0.9908068776130676
1128,165502,CodeCabin WP Google Maps 5.44 Pro Edition WordPress,codecabin,0.99998176,wp google maps,0.9999086,5..,0.8969119787216187
1129,670698,Puppet PuppetDB 5.1.4,puppet,0.99997675,puppetdb,0.9999156,5.1,0.9998427629470825
1130,374574,IBM Lotus Domino Server 4.6.1,ibm,0.99997556,lotus domino server,0.9988015,4.6,0.9999066591262817
1131,436263,joedolson My Calendar plugin (my-calendar) 1.9.0,joedolson,0.99998295,my calendar plugin,0.9994395,1.9,0.9991307854652405
1132,377791,IBM Security Access Manager 9.0.0.13,ibm,0.9999746,security access manager,0.99978215,9...0.0,0.9076871871948242
1133,437900,Joplin Project Joplin 0.10.26,joplin project,0.99992263,joplin,0.9999522,0...10,0.9633704423904419
1134,582583,obm Open Business Management (OBM) 2.2.20,obm,0.9999764,open business management,0.9998805,2.2,0.9999538064002991
1135,241217,Eventum Project Eventum 3.7.0,eventum project,0.9999298,eventum,0.999948,3...7,0.8783072829246521
1136,63960,Atlassian HipChat 0.1.9 for Jenkins,atlassian,0.99998295,hipchat,0.99996674,0...1,0.9933136701583862
1137,376315,IBM QRadar Incident Forensics 7.2.8 Patch 3,ibm,0.99997747,qradar incident forensics,0.99983865,7...2,0.8762480020523071
1138,508113,Matthew Booth virt-v2v 0.7.1,matthew booth,0.9999217,virt - v2v,0.9997683,0.7,0.9996693134307861
1139,797055,Tableexport.jquery.plugin Project Tableexport.jquery.plugin 1.10.10,tableexport. jquery. plugin project,0.99982816,tableexport jquery,0.89716494,1.10,0.9999043941497803
1140,450626,KDE KMail 4.4.0,kde,0.999982,kmail,0.9999676,4.4,0.9999406933784485
1141,244132,express-restify-mongoose Project express-restify-mongoose 0.5.4 for Node.js,express - restify - mongoose project,0.999872,express - restify - mongoose,0.9998676,0...5,0.8819620013237
1142,358796,HP Toolbox 82.0.173.0,hp,0.9999795,toolbox,0.9999666,82...0.173,0.8803336024284363
1143,878340,WIKINDX Project WIKINDX 0.9.3,wikindx project,0.9999168,wikindx,0.99996555,0.9,0.9999240040779114
1144,809105,Themify Framework 1.9.6,themify,0.99998033,framework,0.999951,1...9,0.8893445730209351
1145,506809,matrix-react-sdk Project matrix-react-sdk 0.12.3 Release Candidate 1 for Node.js,matrix - react - sdk project,0.9998804,matrix - react - sdk,0.9999057,0.12,0.9996657371520996
1146,843772,Vercel Next.js 9.1.5 Canary 1 for Node.js,vercel,0.9999831,next. js,0.9998863,9...1,0.9850434064865112
1147,575971,Npmjs Arborist 2.2.7 for Node.js,npmjs,0.99997985,arborist,0.9999616,2...2,0.9989448189735413
1148,377663,IBM SAN Volume Controller Firmware 8.1.3.6,ibm,0.99997485,san volume controller firmware,0.9997729,8...1.3,0.962982177734375
1149,866668,Walmart Concord 1.27.0,walmart,0.9999831,concord,0.99996114,1.27,0.9998550415039062
1150,917126,ZohoCorp ManageEngine Netflow Analyzer 12.3 Build 5610,zohocorp,0.9999795,manageengine netflow analyzer,0.99985987,12,0.9998250603675842
1151,772047,Spinnaker Orca 6.35.2,spinnaker,0.99998295,orca,0.99996734,6...35,0.946421205997467
1152,587400,OISF (The Open Information Security Foundation) Suricata 4.1.8,oisf,0.9999721,suricata,0.999925,4.1,0.9998559951782227
1153,348534,HP ArcSight Logger Appliance Firmware 5.2.0.6288.0,hp,0.99997294,arcsight logger appliance firmware,0.9997931,5...2.0,0.998559832572937
1154,212018,Doorkeeper Project Doorkeeper 4.1.0 for Ruby,doorkeeper project,0.99993324,doorkeeper,0.9999522,4...1,0.9882352352142334
1155,721367,SaltStack Salt 2014.7.8,saltstack,0.99997914,salt,0.9999485,2014.7,0.9997619390487671
1156,214554,droppy Project droppy 0.6.5 for Node.js,droppy project,0.9999317,droppy,0.9999603,0...6,0.9854896664619446
1157,189450,Datagrid Project Datagrid 0.1.1 for Ruby,datagrid project,0.9999242,datagrid,0.99996686,0...1,0.9857174754142761
1158,431707,JetBrains Kotlin 1.4.0 Dev 2705,jetbrains,0.9999827,kotlin,0.9999641,1...4,0.8854817152023315
1159,908301,Yokogawa CENTUM CS 3000 Entry Class R3.09.50,yokogawa,0.9999813,centum cs 3000 entry,0.91038257,r3...09,0.9919057488441467
1160,870797,Webfactoryltd WP Database Reset 1.3 for WordPress,webfactoryltd,0.99998,wp database reset,0.9999135,1,0.9999560117721558
1161,90447,Blubrry PowerPress Podcasting 5.0.7 for WordPress,blubrry,0.99998033,powerpress podcasting,0.99989736,5...0,0.9990577697753906
1162,408657,Interchain Cosmos SDK 0.6.0,interchain,0.99998236,cosmos sdk,0.99990296,0.6,0.9998733997344971
1163,233855,Enalean Tuleap 11.2,enalean,0.99998176,tuleap,0.99996185,11,0.999946117401123
1164,919986,Zoom Meetings 4.6.8 for Mac OS,zoom,0.9999763,meetings,0.99992085,4...6,0.9910460710525513
1165,428598,Jenkins Script Security 1.36 for Jenkins,jenkins,0.9999764,script security,0.9999224,1..,0.9684982299804688
1166,337095,Hazzardweb EasyLogin Pro 1.2.6,hazzardweb,0.99998,easylogin pro,0.99959755,1.2,0.9999091625213623
1167,307292,GNOME Vala 0.31.1,gnome,0.99998,vala,0.99995637,0.31,0.9998852014541626
1168,667481,Publify Project Publify 9.0.1,publify project,0.99993175,publify,0.9999646,9.0,0.9992645978927612
1169,726788,SAP Hybris 5.3.0.11,sap,0.99997747,hybris,0.999966,5.3.0,0.8980266451835632
1170,46774,AppGyver steroids 2.7.13 for Node.js,appgyver,0.999979,steroids,0.9999629,2...7,0.9993457198143005
1171,545952,MunkiReport Project MunkiReport 3.2.4,munkireport project,0.99992204,munkireport,0.99994254,3.2,0.9999428391456604
1172,223360,E-Dynamics Events Made Easy 2.1.116 for WordPress,e - dynamics,0.99784917,events made easy,0.9999018,2...1,0.999336302280426
1173,822023,transmissionbt Transmission 1.73,transmissionbt,0.9999784,transmission,0.9999378,1..,0.8781261444091797
1174,712471,RSA ACE Server 3.3.1,rsa,0.99997604,ace server,0.9991269,3.3,0.9999175667762756
1175,139859,Cisco IOS XE Software 3.5S.0,cisco,0.99997354,ios xe,0.9996891,3,0.9999047517776489
1176,425372,Jenkins JIRA 3.0.1 for Jenkins,jenkins,0.999977,jira,0.9999633,3...0,0.9980854392051697
1177,38436,Apache Software Foundation Kylin 2.6.4,apache,0.99997437,kylin,0.99996006,2...6,0.8764214515686035
1178,685942,Rapid7 AppSpider 3.8.189 Enterprise Edition for Chrome,rapid7,0.9999757,appspider,0.9999467,3...8,0.9994471669197083
1179,88498,Bitnami Containers 8.5.9-debian-10-r10 for Laravel,bitnami,0.99998367,containers,0.9999497,8...5,0.9966910481452942
1180,123298,Cherrytree Project Cherrytree 0.99.16,cherrytree project,0.9999321,cherrytree,0.9999614,0...99,0.9538107514381409
1181,819648,Totaljs total4 0.0.42-13 for Node.js,totaljs,0.9999814,total4,0.9999435,0...0,0.9543549418449402
1182,202843,Digium Asterisk 1.8.14.1,digium,0.99998057,asterisk,0.99995553,1...8,0.9979913234710693
1183,367332,Huawei Watch 2 Firmware OWDD.180707.001.E1,huawei,0.9999777,watch 2 firmware,0.9998126,owdd...180707.001,0.9982521533966064
1184,339864,Hibernate Hibernate ORM 4.0.0 CR2,hibernate,0.99997985,hibernate orm,0.99989986,4...0,0.9157973527908325
1185,277632,Frogman Office Inc CS-Cart 4.3.10 Japanese Edition,frogman office inc,0.99975944,cs - cart,0.9998656,4...3,0.9169300198554993
1186,251244,Facebook HipHop Virtual Machine (HHVM) 3.8.1,facebook,0.9999796,hiphop virtual machine,0.9997602,3.8,0.9982486367225647
1187,792744,Synametrics SynaMan 3.2 Build1398,synametrics,0.99998343,synaman,0.9999639,3,0.999930739402771
1188,203614,Digium Certified Asterisk 1.4.16.2,digium,0.99998057,certified asterisk,0.99987304,1...4.16,0.9582603573799133
1189,339795,Hibara Attachecase 3.2.2.2,hibara,0.9999826,attachecase,0.9999528,3...2.2,0.9860501885414124
1190,437644,JoomSky JS Jobs 1.1.9 Free Edition for Joomla!,joomsky,0.99998176,js jobs,0.9999065,1...1,0.9960578680038452
1191,255946,faye-websocket Project faye-websocket 0.5.4,faye - websocket project,0.9998991,faye - websocket,0.99986404,0.5,0.9998905658721924
1192,457920,Kromit Titra 0.16.2,kromit,0.99997807,titra,0.9999609,0.16,0.9998329877853394
1193,749565,Siemens SINEC NMS 1.0 Service Pack 2,siemens,0.99997234,sinec nms,0.9998675,1,0.9998970031738281
1194,286558,Geoserver Geowebcache 1.0 Release Candidate 0,geoserver,0.99997914,geowebcache,0.9999684,1,0.9997463822364807
1195,270591,Frappe ERPNext 6.27.10,frappe,0.9999814,erpnext,0.9999646,6...27,0.8710057735443115
1196,303617,GNOME gnome-shell 3.7.2,gnome,0.99997497,gnome - shell,0.99957913,3...7,0.9573107361793518
1197,342231,Hive Netius 1.11.14,hive,0.99997604,netius,0.9999614,1...11,0.9760758876800537
1198,380918,IBM Tivoli Directory Server 6.2.0.53,ibm,0.9999745,tivoli directory server,0.99926585,6.2.0,0.9992676973342896
1199,428995,Jenkins Sonar Quality Gates 1.1.1 for Jenkins,jenkins,0.99997103,sonar quality gates,0.9998855,1...1,0.9499698281288147
1200,312545,Golang Go 1.15.1,golang,0.9999825,go,0.99992776,1...15,0.9974219799041748
1201,805809,Testimonial Rotator Project Testimonial Rotator 3.0.1 for WordPress,testimonial rotator project,0.9998968,testimonial rotator,0.999915,3...0,0.8876027464866638
1202,404760,Intel VTune Profiler 2017 Update 2 for Windows,intel,0.99997485,vtune profiler,0.99986935,2017,0.9987953901290894
1203,341721,Hitachi uCosminexus Application Server 07-00-06 Standard,hitachi,0.99997866,ucosminexus application server,0.99965,07.00,0.7982594966888428
1204,378535,IBM Smart Analytics System 7700 2.0.0,ibm,0.9999751,smart analytics system 7700,0.9997626,2.0,0.9993559122085571
1205,786490,Suse Rancher 2.5.9 Release Candidate 6,suse,0.9999788,rancher,0.9999635,2...5,0.9921213388442993
1206,315859,Google Chrome 19.0.1084.8,google,0.99998176,chrome,0.99994934,19...0,0.9963199496269226
1207,729615,ScandiPWA magento-scripts 1.0.7 for Node.js,scandipwa,0.9999795,magento - scripts,0.9998867,1...0,0.9670631885528564
1208,164096,Cnvs Canvas 1.0.2,cnvs,0.9999813,canvas,0.99995255,1...0,0.9403871893882751
1209,383359,IBM WebSphere Virtual Enterprise 6.1.1,ibm,0.99997747,websphere virtual enterprise,0.99478894,6.1,0.9993351697921753
1210,336596,Haxx Curl 7.71.0,haxx,0.99998,curl,0.99995744,7...71,0.8676965832710266
1211,478431,libxl project libxl 0.0.5 for Node.js,libxl project,0.99991006,libxl,0.99996626,0...0,0.9286100268363953
1212,762956,Snapcreek Duplicator 1.3.30 Lite Edition for WordPress,snapcreek,0.99998367,duplicator,0.9999647,1...3,0.9994670748710632
1213,702422,reduce-css-calc Project reduce-css-calc 2.0.5 for Node.js,reduce - css - calc project,0.9998502,reduce - css - calc,0.9999005,2...0,0.9892023801803589
1214,419170,Jenkins Build Failure Analyzer 1.13.5 for Jenkins,jenkins,0.99997246,build failure analyzer,0.99990934,1...13,0.9930633306503296
1215,792026,Symfony Twig 1.15.0,symfony,0.99998224,twig,0.9999614,1.15,0.9998480081558228
1216,403652,Intel Server Board R1304wf0ys Firmware -,intel,0.99995685,r1304wf0ys firmware,0.9991329,-,0.9996618032455444
1217,181912,Crypto Cronos 0.5.3,crypto,0.9999794,cronos,0.99996006,0.5,0.9998263716697693
1218,226824,Electronjs Electron 3.0.8,electronjs,0.99998164,electron,0.99993694,3...0,0.9931141138076782
1219,306468,GNOME Orca 2.23.3,gnome,0.9999776,orca,0.9999335,2...23,0.9902284741401672
1220,536202,MongoDB Java Driver 2.7.3 Release Candidate 1 for MongoDB,mongodb,0.9999807,java driver,0.9998871,2...7,0.9932697415351868
1221,898924,Xiph Icecast 1.3.12,xiph,0.9999814,icecast,0.99994385,1...3,0.9614794850349426
1222,819337,Tortoise ORM Project Tortoise ORM 0.15.9,tortoise orm project,0.99990743,tortoise orm,0.99989897,0.15,0.9998569488525391
1223,458037,Kryo iodine 0.3.3,kryo,0.99997747,iodine,0.9995371,0.3,0.9998922348022461
1224,230022,Elv Elvish 0.16.1,elv,0.99996865,elvish,0.9999548,0.16,0.9998385906219482
1225,242696,ExifTool Project ExifTool 8.11,exiftool project,0.9999144,exiftool,0.99994564,8,0.9999521970748901
1226,40718,Apache Roller 5.2.0,apache,0.99997497,roller,0.9999385,5.2,0.9999361634254456
1227,84364,Better Errors Project Better Errors 1.1.0 for Ruby,better errors project,0.99991655,better errors,0.999927,1...1,0.9729897379875183
1228,921760,ZTE R5300 G4 Firmware 03.04.0020,zte,0.99997854,r5300 g4 firmware,0.9998171,03...04,0.9217703938484192
1229,861345,VMware Spring Advanced Message Queuing Protocol (AMQP) 1.5.0,vmware,0.99997807,spring advanced message queuing protocol,0.9997424,1.5,0.9996130466461182
1230,74997,Axis Communications M5014-V Firmware 5.51.5,axis,0.9999739,m5014 - v firmware,0.9996377,5...51,0.8793258666992188
1231,441001,Json Pattern Validator Project Json Pattern Validator 1.3.4 for Node.js,json pattern validator project,0.9999079,json pattern validator,0.9998705,1...3,0.9816407561302185
1232,61105,Atlassian Connect Express 1.0.10 for Node.js,atlassian,0.9999783,connect express,0.999912,1...0,0.9696716666221619
1233,709525,Rocomotion P Up Board I with G 1.14,rocomotion,0.9999819,p up board i,0.9997092,1,0.9998409748077393
1234,13128,Adobe Flash Player 29.0.0.171 for Edge,adobe,0.9999751,flash player,0.99992657,29...0...0,0.9795272946357727
1235,710133,Rom Walton BOINC 7.2.5,rom walton,0.9999093,boinc,0.9998889,7.2,0.9997912049293518
1236,448386,Katello Project Katello 0.1.109-2 for Foreman,katello project,0.9999247,katello,0.9999422,0...1,0.9981476068496704
1237,810542,thingsSDK wifiscanner 0.0.10 for Node.js,thingssdk,0.9999814,wifiscanner,0.99996924,0.0,0.9998692274093628
1238,316374,Google Chrome 25.0.1364.99,google,0.99998164,chrome,0.9999486,25...0,0.9990641474723816
1239,402644,Intel NUC Kit NUC6i3SYH Firmware SYSKLi35.86A.0072,intel,0.999969,nuc kit nuc6i3syh firmware,0.99979067,syskli35...86a..,0.8730725049972534
1240,799775,Tcpdf Project Tcpdf 5.9.164,tcpdf project,0.9999084,tcpdf,0.99996173,5...9,0.9967409372329712
1241,408531,Intelliants Subrion CMS 3.3.1,intelliants,0.99998224,subrion cms,0.9998213,3.3,0.9999121427536011
1242,561668,NextAuth.js next-auth 2.0.0 Beta 68 for Node.js,nextauth js,0.83247405,next - auth,0.9998228,2...0,0.9900835752487183
1243,125046,CipherCoin WP Limit Login Attempts 2.4 for WordPress,ciphercoin,0.99998045,wp limit login attempts,0.99991614,2,0.9999630451202393
1244,358557,HP Synergy Firmware 5.00.50,hp,0.9999777,synergy firmware,0.99986196,5...00,0.9891941547393799
1245,96154,bottlepy Bottle 0.4.13,bottlepy,0.9999752,bottle,0.99993575,0...4,0.9883742928504944
1246,648204,Pivotal Software Pivotal Container Service (PKS) 1.1.0,pivotal software,0.9999216,pivotal container service,0.99974185,1.1,0.9998469352722168
1247,824413,trim-newlines Project trim-newlines 4.0.1 for Node.js,trim - newlines project,0.9998868,trim - newlines,0.99989796,4...0,0.9506432414054871
1248,319245,Google Chrome 83.0.4103.97,google,0.9999813,chrome,0.99994576,83...0,0.9985284805297852
1249,321695,Google Forms Project Google Forms 0.94 for WordPress,google forms project,0.9999053,google forms,0.9998978,0...94,0.7597215175628662
1250,814589,Time Project Time 0.2.9 for Rust,time project,0.99992335,time,0.99996233,0...2,0.9973922967910767
1251,523745,Microsoft Vscode-pull-request-github 0.25.0,microsoft,0.9999758,vscode - pull - request - github,0.9995476,0.25,0.9993535876274109
1252,157101,CLI Project CLI 4.4.2 for Node.js,cli project,0.99993134,cli,0.99993443,4...4,0.9905182719230652
1253,52399,Arista EOS 4.25.1F,arista,0.9999815,eos,0.9999683,4...25,0.9944944381713867
1254,279937,Fujitsu Interstage Business Application Manager 2.0.1 Standard Edition for .NET,fujitsu,0.9999794,interstage business application manager,0.9998688,2...0,0.9564834237098694
1255,712804,rspamd Project rspamd 1.7.5,rspamd project,0.9999053,rspamd,0.9999682,1...7,0.9488415122032166
1256,132004,Cisco Firepower System Software 6.0.1.3,cisco,0.9999745,firepower system software,0.99942666,6.0.1,0.9919517040252686
1257,409868,Invisible-Island XTERM 225,invisible - island,0.99238247,xterm,0.99995565,225,0.9998918771743774
1258,25877,Amazon aws-sdk-java (AWS SDK for Java) 1.11.347,amazon,0.9999546,aws - sdk - java,0.9993755,1.11,0.9998195767402649
1259,866022,w3m Project w3m 0.5.3-32,w3m project,0.9999241,w3m,0.9999682,0...5,0.9681925177574158
1260,845943,VideoLAN VLC Media Player 0.2.73,videolan,0.99997926,vlc media player,0.99977416,0...2,0.9190599322319031
1261,753467,SilkyPress WP Image Zoom 1.17 for WordPress,silkypress,0.9999701,wp image zoom,0.99992913,1..,0.9312524199485779
1262,724772,Sangoma FreePBX 13.0.5,sangoma,0.99998164,freepbx,0.999969,13.0,0.999375581741333
1263,782695,Sun JDK 1.6.0 Update 21,sun,0.9999808,jdk,0.99996185,1...6,0.8913896083831787
1264,319167,Google Chrome 80.0.3961.0,google,0.9999814,chrome,0.99993885,80...0,0.9996414184570312
1265,42013,Apache Software Foundation Tapestry 1.0.8,apache,0.999972,tapestry,0.999954,1.0,0.9998495578765869
1266,524178,Microsoft Windows Host Compute Service Shim 0.5.6,microsoft,0.99995995,windows host compute service shim,0.99974966,0.5,0.9999076128005981
1267,411957,Ipswitch MOVEit Transfer 10.2.4,ipswitch,0.9999821,moveit transfer,0.9998882,10.2,0.9998170137405396
1268,182951,CubeCoders AMP (Application Management Panel) 1.9.8.2,cubecoders,0.9999802,amp,0.99993384,1.9.8,0.9161902070045471
1269,443176,Juniper Junos OS 12.3X48 D75,juniper,0.9999746,junos,0.9999354,12,0.999936580657959
1270,901386,XWP Stream 2.0.0 for WordPress,xwp,0.9999819,stream,0.99991953,2...0,0.9993616938591003
1271,791884,Symbiote SilverStripe Queued Jobs 2.9.1,symbiote,0.9999815,silverstripe queued jobs,0.9998293,2.9,0.9995492696762085
1272,894877,WSO2 Transport-HTTP 6.3.2,wso2,0.99998176,transport - http,0.9987405,6.3,0.9995860457420349
1273,495325,Logitech Sync 2.4.322 for Windows,logitech,0.9999815,sync,0.99995816,2...4,0.9996281862258911
1274,809743,thePHPfactory Auction Factory 3.2.0 for Joomla!,thephpfactory,0.99997234,auction factory,0.99990696,3...2,0.9206855893135071
1275,580186,NVIDIA GPU Driver 310.00 for SunOS (Solaris),nvidia,0.9999808,gpu driver,0.9998876,310.00,0.9240846633911133
1276,242812,ExifTool Project ExifTool 9.32,exiftool project,0.9999149,exiftool,0.99994206,9,0.999954342842102
1277,304627,Gnome GIMP Toolkit (GTK) 4.1.0,gnome,0.9999757,gimp toolkit,0.9998896,4.1,0.9997379183769226
1278,609762,Oracle Industry Applications 10.4.2,oracle,0.99997354,industry applications,0.99969494,10.4,0.9998166561126709
1279,286824,gerbv Project gerbv 2.7.0,gerbv project,0.99992454,gerbv,0.9999639,2...7,0.9027441143989563
1280,63590,Atlassian editor-core 112.34.1 for Node.js,atlassian,0.99998236,editor - core,0.9998825,112...34,0.9995318651199341
1281,61751,Atlassian editor-core 10.4.5 for Node.js,atlassian,0.99998224,editor - core,0.9998369,10...4,0.9985101222991943
1282,646464,Pivotal Software Cloud Foundry uaa-release 24.10 for BOSH,pivotal software,0.99993473,cloud foundry uaa - release,0.99857646,24..,0.8762744069099426
1283,37160,Apache Software Foundation Incubator Superset 0.18.4,apache,0.99996865,incubator superset,0.9997517,0.18,0.99952232837677
1284,307146,GNOME Shotwell 0.23.6,gnome,0.99997795,shotwell,0.99994993,0...23,0.8768871426582336
1285,539965,Morgan Project Morgan 1.5.2 for Node.js,morgan project,0.99992573,morgan,0.99995065,1...5,0.9942321181297302
1286,72059,Automattic WP Super Cache 1.6.5 for WordPress,automattic,0.99998045,wp super cache,0.9999307,1...6,0.9992609024047852
1287,89072,BitTorrent uTorrent 1.1.4,bittorrent,0.9999815,utorrent,0.9999565,1...1,0.8330838084220886
1288,184714,Cybozu Remote Service Manager 3.1.1,cybozu,0.99997675,remote service manager,0.9998122,3.1,0.999444842338562
1289,771393,Spinnaker Orca 1.316.0,spinnaker,0.9999832,orca,0.99996495,1...316,0.9758081436157227
1290,351650,HP Icc Profiles 2.0.0,hp,0.99997735,icc profiles,0.9999185,2...0,0.9371718764305115
1291,773937,Sprockets Project Sprockets 3.5.2,sprockets project,0.99992913,sprockets,0.9999578,3.5,0.9999054670333862
1292,753260,Sigstore Cosign 1.0.0,sigstore,0.9999808,cosign,0.9999628,1.0,0.9996170997619629
1293,463012,Layer5 Meshery 0.0.1,layer5,0.99997663,meshery,0.99996376,0.0,0.9995633363723755
1294,37854,Apache JSPWiki 1.5.5 Beta,apache,0.99997735,jspwiki,0.999918,1...5,0.9505391120910645
1295,570910,Nodejs Node.js 17.0.1,nodejs,0.9999815,node. js,0.9995634,17.0,0.9989466071128845
1296,760181,SlickRemix Feed Them Social 1.8.6 for WordPress,slickremix,0.9999827,feed them social,0.99992067,1...8,0.9993849992752075
1297,321143,Google TensorFlow 2.1.3,google,0.999977,tensorflow,0.99994516,2.1,0.999915599822998
1298,318719,Google Chrome 78.0.3877.1,google,0.999982,chrome,0.9999416,78...0,0.998616099357605
1299,246426,F5 BIG-IP Advanced Firewall Manager (AFM) 13.0.0,f5,0.9999794,big - ip advanced firewall manager,0.99983555,13.0,0.9839549660682678
1300,785026,Supsystic Data Tables Generator 1.4.1 for WordPress,supsystic,0.99997973,data tables generator,0.9999223,1...4,0.9799801707267761
1301,426665,Jenkins Ontrack 2.4.2 for Jenkins,jenkins,0.99997914,ontrack,0.9999651,2...4,0.9976683259010315
1302,762644,SmokeSignal Project SmokeSignal 1.2.2 for WordPress,smokesignal project,0.9999179,smokesignal,0.999941,1...2,0.9948007464408875
1303,859573,VMware Airwatch Console 9.1.0.0,vmware,0.99997985,airwatch console,0.99906945,9...1.0,0.7996246814727783
1304,618138,Otfcc Project Otfcc 0.10.2 Alpha,otfcc project,0.99989915,otfcc,0.99996233,0...10,0.8689692616462708
1305,41913,Apache Software Foundation Synapse 1.1.1,apache,0.9999671,synapse,0.99996376,1.1,0.9998058676719666
1306,147901,Cisco Sourcefire Defense Center 7.1.0,cisco,0.99997866,sourcefire defense center,0.9996462,7.1,0.9994623064994812
1307,661448,Primetek Primefaces 3.5.12,primetek,0.9999831,primefaces,0.9999621,3...5,0.9950613379478455
1308,575579,Novell Netware Client 4.91 SP2,novell,0.9999739,netware client,0.9998007,4..,0.833999752998352
1309,168108,CodePeople CP Contact Form with PayPal 1.1.98 for WordPress,codepeople,0.99998164,cp contact form with paypal,0.9998886,1...1,0.9990794062614441
1310,887947,WPDeveloper Essential Addons for Elementor 3.9.4 for WordPress,wpdeveloper,0.9999819,essential addons for elementor,0.99989486,3...9,0.9954367280006409
1311,877776,Whoopsie Project Whoopsie 0.2.42,whoopsie project,0.9999216,whoopsie,0.99996626,0...2,0.9839665293693542
1312,392761,Incsub Hustle 6.0.3 for WordPress,incsub,0.9999831,hustle,0.9999689,6...0,0.9967053532600403
1313,320127,Google Go-tpm 0.0.1,google,0.99997544,go - tpm,0.9998346,0.0,0.9987266063690186
1314,432180,JetBrains Kotlin 1.4.0 Dev 4442,jetbrains,0.9999827,kotlin,0.99996495,1...4,0.9626483917236328
1315,20965,Alfresco Share 5.1.0.9,alfresco,0.99998283,share,0.9999609,5...1.0,0.8555536270141602
1316,85430,BinaryNights ForkLift 3.0.9 for macOS,binarynights,0.9999814,forklift,0.9999628,3...0,0.9988154172897339
1317,642852,PingCAP TiDB 2.0.0 Release Candidate 3,pingcap,0.99998295,tidb,0.9999707,2...0,0.9955711960792542
1318,369125,Hyperledger Iroha 1.2.0 Release Candidate 2,hyperledger,0.9999819,iroha,0.999966,1...2,0.9280852675437927
1319,832805,"Ulli Horlacher Frams's Fast File EXchange (F*EX, aka fex) 20110615",ulli horlacher,0.9998997,exchange,0.59478474,20110615,0.9998143315315247
1320,403331,Intel Pentium Silver J5005 Firmware 26.20.100.6859 for Windows,intel,0.9999758,pentium silver j5005 firmware,0.99981236,26...20.100,0.9951643943786621
1321,843371,Vercel Next.js 6.0.0 Canary 4 for Node.js,vercel,0.99998283,next. js,0.99990344,6...0,0.972999632358551
1322,772152,Spinnaker Orca 6.77.0,spinnaker,0.9999832,orca,0.9999695,6...77,0.9166144728660583
1323,414653,ISC DHCP 4.1-ESV Release 7,isc,0.9999814,dhcp,0.9999598,4,0.999943733215332
1324,370788,IBM Cloud Pak For Automation 21.0.2 Interim Fix003,ibm,0.9999795,cloud pak for automation,0.99989957,21...0,0.9828294515609741
1325,596074,OpenNMS Meridian 2016.1.8-1,opennms,0.9999831,meridian,0.99994886,2016.1,0.9996781349182129
1326,535839,MongoDB Database Tools 3.4.10,mongodb,0.99998236,database tools,0.99986124,3...4,0.8892740607261658
1327,551081,nbdkit Project nbdkit 1.16.6,nbdkit project,0.9999174,nbdkit,0.99996555,1...16,0.8980323672294617
1328,374153,Ibm Java SDK 7.1.3.10 Technology Edition,ibm,0.9999715,java sdk,0.9997945,7...1.3,0.9026283025741577
1329,581787,nZEDb project nZEDb 0.7.1.0,nzedb project,0.9999191,nzedb,0.99995995,0...7.1,0.8849787712097168
1330,914339,ZFAKA Project ZFAKA 1.4.2,zfaka project,0.9999149,zfaka,0.99994206,1...4,0.9413700103759766
1331,250349,Facade Ignition 2.9.0 for Laravel,facade,0.99997914,ignition,0.9999522,2...9,0.9978323578834534
1332,776731,Stackideas EasyDiscuss 3.2.9289 for Joomla!,stackideas,0.99997866,easydiscuss,0.9999534,3...2,0.9992812275886536
1333,472375,libdxfrw project libdxfrw 0.3.0,libdxfrw project,0.9999026,libdxfrw,0.9999639,0.3,0.9997540712356567
1334,236346,Epson Ew-m660ft Firmware 2018-04-19,epson,0.99997866,ew - m660ft firmware,0.99983436,2018.04,0.8466438055038452
1335,154282,Citrix StoreFront Server 3.0 Long Term Service Release (LTSR) Edition,citrix,0.9999757,storefront server,0.9995298,3,0.9997592568397522
1336,303612,GNOME gnome-shell 3.6.1,gnome,0.9999746,gnome - shell,0.99962264,3...6,0.9279755353927612
1337,719124,SaasProject Booking Package 1.4.99 for WordPress,saasproject,0.9999796,booking package,0.99991465,1...4,0.9992288947105408
1338,738505,SensioLabs Symfony 2.3.38,sensiolabs,0.9999832,symfony,0.999964,2.3,0.9999573230743408
1339,817645,Togatech Tenvoy 7.0.1 for Node.js,togatech,0.9999815,tenvoy,0.9999685,7...0,0.8857592940330505
1340,40338,Apache Software Foundation Portable Runtime Utility 1.3.11,apache,0.9999603,portable runtime utility,0.99964255,1.3,0.9998869895935059
1341,791876,Symbiote SilverStripe Queued Jobs 2.8.0,symbiote,0.99998105,silverstripe queued jobs,0.99986506,2.8,0.9989485144615173
1342,614312,Oracle Retail Store Inventory Management 13.1.1.1,oracle,0.99997675,retail store inventory management,0.9998237,13.1,0.9986352324485779
1343,391900,in2code Powermail 0.3.0 Alpha for TYPO3,in2code,0.99998176,powermail,0.9999622,0...3,0.9643690586090088
1344,669184,Puppet Continuous Delivery 2.18.0 for Puppet Enterprise,puppet,0.9999732,continuous delivery,0.99991685,2...18,0.9908670783042908
1345,155270,CKEditor ckeditor5-list 1.0.0 Beta 4 for Node.js,ckeditor,0.99997663,ckeditor5 - list,0.99985343,1...0,0.9183058142662048
1346,703767,Request Project Request 2.46.0 for Node.js,request project,0.9999267,request,0.99993396,2...46,0.9973915219306946
1347,444713,Juniper Space Security Director 17.1R1,juniper,0.99996746,space security director,0.9998457,17,0.9998972415924072
1348,866571,Walmart Concord 0.63.0,walmart,0.99998295,concord,0.99995303,0.63,0.9996578693389893
1349,267664,Fortinet FortiAP-S 5.6.1,fortinet,0.9999821,fortiap - s,0.9995346,5.6,0.9999339580535889
1350,433107,Jetbrains Ktor 1.6.2,jetbrains,0.9999831,ktor,0.9999515,1.6,0.9999138116836548
1351,204197,Digium Certified Asterisk 13.15.0,digium,0.99998057,certified asterisk,0.9999113,13.15,0.9996899962425232
1352,834574,UncannyOwl Uncanny Toolkit Pro For LearnDash 3.3,uncannyowl,0.9999763,uncanny toolkit pro for learndash,0.9997325,3,0.9999570846557617
1353,454268,Khoros Lithium Forum 2017 Q1,khoros,0.9999622,lithium forum,0.9997555,2017,0.9913541674613953
1354,179670,Craftcms Craft Cms 1.3.0 Alpha.2405,craftcms,0.99998176,craft cms,0.9999298,1.3,0.9998242855072021
1355,725585,Sangoma Superfecta 13.0.3.9,sangoma,0.9999813,superfecta,0.999961,13.0.3,0.9907585382461548
1356,608083,Oracle Content Manager 12.2.6,oracle,0.99997747,content manager,0.9998691,12.2,0.9997153282165527
1357,75433,AyeCode GeoDirectory 1.3.3 for WordPress,ayecode,0.99998105,geodirectory,0.99996805,1...3,0.9957184195518494
1358,560805,NetWin SurgeFTP 23f2,netwin,0.99997437,surgeftp,0.99990094,23f2,0.9998705387115479
1359,772087,Spinnaker Orca 6.51.0,spinnaker,0.9999831,orca,0.9999691,6...51,0.8859560489654541
1360,612812,Oracle MySQL Server 5.7.0,oracle,0.9999651,mysql server,0.999503,5.7,0.999852180480957
1361,432367,JetBrains Kotlin 1.4.0 Dev 5152,jetbrains,0.9999826,kotlin,0.99996424,1...4,0.8993947505950928
1362,664052,Progress Software Corp OpenEdge 10.1A,progress,0.999956,openedge,0.99953485,10,0.9999477863311768
1363,194575,Dell EMC iDRAC9 Firmware 4.40.20.00,dell,0.9999759,emc idrac9 firmware,0.99981755,4...40.20,0.9896478652954102
1364,277748,Fronius Symo 7.0-3-M Firmware 3.14.1,fronius,0.9999831,symo 7. 0 - 3 - m firmware,0.9985229,3.14,0.9849369525909424
1365,175386,Contest-Gallery Contest Gallery 17.0.6 for WordPress,contest - gallery,0.99957967,contest gallery,0.99993736,17...0,0.9992052316665649
1366,798007,Tammersoft Shared Files 1.6.58 for WordPress,tammersoft,0.9999795,shared files,0.9999389,1...6,0.9994709491729736
1367,48066,Apple iTunes 12.1.3,apple,0.99997807,itunes,0.9999428,12.1,0.9994193315505981
1368,755382,Simple JWT Login Project Simple JWT Login 1.2.3 for WordPress,simple jwt login project,0.9998921,simple jwt login,0.99987584,1...2,0.9861676096916199
1369,267512,Fortinet FortiADC Manager 6.0.0,fortinet,0.99998105,fortiadc manager,0.9999025,6.0,0.9994480609893799
1370,348687,HP Bpd Scan Ent 3.0.0,hp,0.9999759,bpd scan ent,0.9998557,3...0,0.9759041666984558
1371,77352,B3log Solo 1.3.0,b3log,0.99998045,solo,0.9999535,1.3,0.9999012351036072
1372,252060,Facebook react-dev-utils 0.7.0,facebook,0.99997795,react - dev - utils,0.9998643,0.7,0.9994340538978577
1373,469516,Lexmark CS923 FIRMWARE CSTMH.076.294,lexmark,0.9999783,cs923 firmware,0.9997854,cstmh...076..,0.9530799388885498
1374,51221,Archivy Project Archivy 0.3.0,archivy project,0.9999354,archivy,0.9999647,0.3,0.999636173248291
1375,860392,VMware Horizon 4.0.0 for MacOS,vmware,0.9999808,horizon,0.9999361,4...0,0.9929301738739014
1376,501578,ManageWP Broken Link Checker 0.5.8 for WordPress,managewp,0.9999801,broken link checker,0.9999337,0...5,0.9965099692344666
1377,468651,Lenovo YANGTIAN Mf H81 PCI Desktop Firmware FCKT97A,lenovo,0.99997103,yangtian mf h81 pci desktop firmware,0.9990549,fckt97a,0.9998853206634521
1378,581903,Oauth2-server Project Oauth2-server 3.1.0 for Node.js,oauth2 - server project,0.9998374,oauth2 - server,0.9992135,3...1,0.8736440539360046
1379,438105,Joplin Project Joplin 1.0.82,joplin project,0.9999209,joplin,0.99994016,1...0,0.9543688893318176
1380,216227,DSub for Subsonic Project DSub for Subsonic 4.0.1 for Android,dsub for subsonic project,0.999889,dsub for subsonic,0.9996271,4...0,0.9490146040916443
1381,236474,epub2txt Project epub2txt 0.1.1,epub2txt project,0.9999147,epub2txt,0.9999424,0.1,0.9999077320098877
1382,366328,Huawei Secospace USG6500 Firmware V500R001C30SPC200PWE,huawei,0.9999659,secospace usg6500 firmware,0.9996944,v500r001c30spc200pwe,0.9998900890350342
1383,607805,Oracle Communications IP Service Activator 7.3.4,oracle,0.99997544,communications ip service activator,0.9967231,7.3,0.9991952180862427
1384,44365,Apereo Bedework 4.0.1,apereo,0.9999821,bedework,0.9999635,4.0,0.9984025955200195
1385,360430,Ht2labs Learning Locker 2.4.0,ht2labs,0.9999776,learning locker,0.9998908,2.4,0.9998871088027954
1386,564258,Nextcloud Talk 6.0.0 Beta 3 for Android,nextcloud,0.99998236,talk,0.99995446,6...0,0.9941925406455994
1387,166568,Codection Import And Export Users And Customers 1.17.5.3 for WordPress,codection,0.9999802,import and export users and customers,0.9998912,1...17.5,0.9987695217132568
1388,34086,Apache Software Foundation Cassandra 2.1.19,apache,0.9999722,cassandra,0.99995434,2...1,0.9764835834503174
1389,64887,Atlassian Jira Server 7.2.4,atlassian,0.9999809,jira server,0.9997481,7.2,0.9998140931129456
1390,699952,Redhat Undertow 1.3.0 Beta9,redhat,0.9999808,undertow,0.9999672,1...3,0.9856278300285339
1391,449166,KDE Ark 4.9.1,kde,0.99998176,ark,0.999956,4...9,0.9452561140060425
1392,673698,Python Pillow 9.0.1,python,0.99997866,pillow,0.99995303,9.0,0.9996799230575562
1393,260097,find-my-way Project find-my-way 1.11.1,find - my - way project,0.9998717,find - my - way,0.9998037,1.11,0.999459445476532
1394,167173,Codemiq WordPress Email Template Designer 2.2.1 for WordPress,codemiq,0.9999809,wordpress email template designer,0.999828,2...2,0.997239887714386
1395,419901,Jenkins Configuration Slicing 1.32 for Jenkins,jenkins,0.99997234,configuration slicing,0.99992585,1..,0.9426335096359253
1396,622818,Oxilab Image Hover Effects Ultimate 9.5.1 for WordPress,oxilab,0.99998,image hover effects ultimate,0.9998665,9...5,0.9845195412635803
1397,180755,Crawlability vBSEO 3.6.0,crawlability,0.9999801,vbseo,0.9999615,3.6,0.9999132752418518
1398,497364,Macchina Poco 1.7.4 for Node.js,macchina,0.9999815,poco,0.99995613,1...7,0.9992446303367615
1399,887335,WpDevArt Booking Calendar 2.2.9 for WordPress,wpdevart,0.9999833,booking calendar,0.9999241,2...2,0.9992842078208923
1400,431274,JetBrains Kotlin 1.4.0 Dev 1032,jetbrains,0.9999825,kotlin,0.99996316,1...4,0.9245419502258301
1401,814796,Timescale Timescaledb 2.0.0 Beta 3,timescale,0.99998033,timescaledb,0.99996805,2...0,0.9683123826980591
1402,596103,OpenNMS Meridian 2017.1.5,opennms,0.99998176,meridian,0.9999449,2017.1,0.999472975730896
1403,128588,Cisco AsyncOS 8.0.1 Hot Patch 2,cisco,0.9999789,asyncos,0.99995136,8...0,0.9265663027763367
1404,341726,Hitachi uCosminexus Application Server 07-03-02 Enterprise,hitachi,0.99998057,ucosminexus application server,0.9996299,07.03,0.8590537905693054
1405,677938,QNAP Video Station 5.3.1,qnap,0.9999825,video station,0.99983203,5.3,0.999578595161438
1406,630321,Pennyworth Project Pennyworth 1.0.1 for Node.js,pennyworth project,0.9999271,pennyworth,0.9999591,1...0,0.9658065438270569
1407,265907,Forcepoint Next Generation Firewall (NGFW) 6.8.5,forcepoint,0.99998105,next generation firewall,0.99982977,6.8,0.9997800588607788
1408,771422,Spinnaker Orca 1.344.0,spinnaker,0.9999832,orca,0.9999664,1...344,0.9505944848060608
1409,404599,Intel Standard Manageability (ISM) 11.22,intel,0.9999727,standard manageability,0.9997646,11,0.9999575614929199
1410,461858,Laravel Framework 7.19.1,laravel,0.9999815,framework,0.9999585,7.19,0.9995644092559814
1411,805080,Teradici Cloud Access Connector 23,teradici,0.99997187,cloud access connector,0.9995866,23,0.9998223185539246
1412,449687,KDE KConfig 5.13.0,kde,0.99997866,kconfig,0.99996877,5.13,0.9998607635498047
1413,282311,Ganga Project Ganga 7.1.11,ganga project,0.99990696,ganga,0.9999218,7.1,0.9999245405197144
1414,836756,URL.js Project URL.js 1.4.3,url. js project,0.9998846,url. js,0.99965507,1...4,0.9348137378692627
1415,414429,ISC BIND 9.12.0,isc,0.99998176,bind,0.9999566,9.12,0.9999284148216248
1416,79490,barebones Yojimbo 1.4,barebones,0.9999814,yojimbo,0.9999558,1,0.999956488609314
1417,568599,Node Packaged Modules Project Node Packaged Modules (NPM) 1.1.0 Beta 10 for Node.js,node packaged modules project,0.9999034,node packaged modules,0.999872,1.1,0.9998593330383301
1418,597266,OpenRC Project OpenRC 0.17,openrc project,0.9998789,openrc,0.99996245,0,0.9999604225158691
1419,646866,Pivotal Software Concourse 0.3.0 Release Candidate 28,pivotal software,0.9999341,concourse,0.9999497,0.3,0.999822199344635
1420,550908,Nazgul Nostromo nhttpd 1.8.1,nazgul,0.99997616,nostromo nhttpd,0.9997384,1...8,0.8477556109428406
1421,418317,Jenkins Active Directory 1.46 for Jenkins,jenkins,0.999977,active directory,0.9999254,1...46,0.8833038806915283
1422,521281,Microsoft Orca 4.0.6001,microsoft,0.99997663,orca,0.9999161,4...0,0.9983088970184326
1423,776216,SSH2 Project SSH2 0.4.3 for Node.js,ssh2 project,0.9998969,ssh2,0.99995637,0...4,0.98023921251297
1424,271129,Frappe ERPNext 12.4.3,frappe,0.9999813,erpnext,0.99996483,12.4,0.9996297359466553
1425,863575,Vmware Tools 8.3.12.8191,vmware,0.9999796,tools,0.99986196,8...3.12,0.9937943816184998
1426,358883,HP UCMDB Configuration Manager 10.33 CUP1,hp,0.99996877,ucmdb configuration manager,0.99984455,10,0.9998916387557983
1427,317705,Google Chrome 69.0.3497.68,google,0.99998176,chrome,0.9999386,69...0,0.9993295073509216
1428,394935,Inist EzMaster 3.8.0,inist,0.999982,ezmaster,0.99997365,3...8,0.9212154746055603
1429,268577,Fortinet FortiOS 5.2.3,fortinet,0.99998176,fortios,0.99996686,5.2,0.9999058246612549
1430,31135,Anuko Time Tracker 1.3.78.1223,anuko,0.99997807,time tracker,0.9999375,1...3...78,0.9594595432281494
1431,391384,impleCode eCommerce Product Catalog 3.0.38,implecode,0.9999814,ecommerce product catalog,0.9998155,3.0,0.9999290108680725
1432,535897,MongoDB Database Tools 3.6.3 Release Candidate 1,mongodb,0.9999819,database tools,0.9998953,3...6,0.8862085342407227
1433,566195,NiceHash Miner 1.7.4.0,nicehash,0.999982,miner,0.9999491,1...7.4,0.9507397413253784
1434,454240,kgb-bot Project kgb-bot 1.21-1,kgb - bot project,0.99987406,kgb - bot,0.99980265,1..,0.958503007888794
1435,884706,WP Extra File Types Project WP Extra File Types 0.4.2 for WordPress,wp extra file types project,0.9998773,wp extra file types,0.9998964,0...4,0.9633508324623108
1436,44622,Apereo Central Authentication Service (CAS) 6.3.7,apereo,0.9999825,central authentication service,0.9998055,6.3,0.9998028874397278
1437,254672,FastHTTP Project FastHTTP 1.26.0,fasthttp project,0.99992037,fasthttp,0.9999697,1...26,0.9448305368423462
1438,818410,topgames Top Games Script 1.2,topgames,0.9999664,top games script,0.9997828,1,0.9999281167984009
1439,859671,VMware Cloud Foundation 3.0.1.1,vmware,0.99997973,cloud foundation,0.9996871,3...0.1,0.9133262038230896
1440,820097,TP-LINK NC210 Firmware 1.0.10,tp -,0.9523492,nc210 firmware,0.9998609,1.0,0.9998012185096741
1441,334146,HashiCorp Consul 0.7.4,hashicorp,0.9999819,consul,0.99993443,0.7,0.9998564720153809
1442,361776,httpsync Project httpsync 0.0.3 for Node.js,httpsync project,0.9999203,httpsync,0.9999578,0...0,0.977543294429779
1443,426025,Jenkins Liquibase Runner 1.4.8 for Jenkins,jenkins,0.99997616,liquibase runner,0.99988127,1...4,0.9972448945045471
1444,729621,ScandiPWA magento-scripts 1.1.3 for Node.js,scandipwa,0.99997985,magento - scripts,0.99987274,1...1,0.9876896739006042
1445,619869,Ovirt Ovirt-engine 4.0.6.1,ovirt,0.9999808,ovirt - engine,0.9997218,4...0.6,0.9941607713699341
1446,589993,ONLYOFFICE Google Translate 5.6.5.6 for Document Server,onlyoffice,0.9999808,google translate,0.9999158,5...6.5,0.9792330265045166
1447,557252,NETGEAR R6260 Firmware 1.1.0.78,netgear,0.99997914,r6260 firmware,0.9998442,1...1.0,0.9504340291023254
1448,822200,Travis Shirk eyeD3 0.2.0,travis shirk,0.9999189,eyed3,0.99995327,0.2,0.9983730316162109
1449,911937,Zeen101 Leaky Paywall 4.16.10 for WordPress,zeen101,0.9999757,leaky paywall,0.9999198,4...16,0.9966784715652466
1450,520505,Microsoft Microsoft.aspnetcore.mvc.apiexplorer 1.0.0 For ASP.NET,microsoft,0.999701,microsoft . aspnetcore. mvc. apiexplorer,0.92387456,1.0,0.9997367858886719
1451,824233,Trilium Project Trilium (Trilium Notes) 0.34.2,trilium project,0.999932,trilium,0.9999273,0.34,0.9982995390892029
1452,806930,Theforeman Foreman-tasks 0.15.6,theforeman,0.99997437,foreman - tasks,0.99989516,0.15,0.9996155500411987
1453,70018,authconfig Project authconfig 5.3.0,authconfig project,0.9999243,authconfig,0.9999578,5.3,0.9995524287223816
1454,910471,Zalando Skipper 0.9.30,zalando,0.99997807,skipper,0.99994147,0...9,0.9387453198432922
1455,220036,Eaton Power Xpert Meter 4000 Firmware 13.3.1.11,eaton,0.9999634,power xpert meter 4000 firmware,0.9996954,13...3.1,0.9592382907867432
1456,63069,Atlassian editor-core 91.1.4 for Node.js,atlassian,0.99998224,editor - core,0.99986213,91...1,0.9993530511856079
1457,859491,vmd Project vmd 1.21.1 for Node.js,vmd project,0.9999251,vmd,0.99996305,1...21,0.9962319135665894
1458,753460,SilkyPress WP Image Zoom 1.10 for WordPress,silkypress,0.99997044,wp image zoom,0.99992913,1..,0.8651476502418518
1459,156329,Claxon Project Claxon 0.3.1,claxon project,0.99992025,claxon,0.999966,0.3,0.9997739791870117
1460,42830,Apache Software Foundation Tomcat 9.0.18,apache,0.9999702,tomcat,0.99996424,9...0,0.8569815158843994
1461,153368,Citeum OpenCTI 2.1.2,citeum,0.9999813,opencti,0.9999274,2...1,0.8413800001144409
1462,651364,Pixar Tractor 2.1 Build 1496411,pixar,0.9999832,tractor,0.9999138,2,0.9997007846832275
1463,59356,Atlassian Bitbucket 1.1.1,atlassian,0.9999826,bitbucket,0.9999616,1.1,0.9998461008071899
1464,781386,Subscribe2 Project Subscribe2 10.18.5 for WordPress,subscribe2 project,0.9999271,subscribe2,0.99996126,10...18,0.9985769987106323
1465,184604,Cybozu Garoon 4.6.1,cybozu,0.9999789,garoon,0.99995005,4...6,0.8419731855392456
1466,236331,Epson EPS TSE Server 8 Firmware 21.0.11,epson,0.99997497,eps tse server 8 firmware,0.9995467,21.0,0.9954901933670044
1467,37386,Apache Software Foundation Jackrabbit Oak 1.4.12,apache,0.9999604,jackrabbit oak,0.9994992,1.4,0.9999231696128845
1468,644119,Pivotal Cloud Foundry Networking Release 0.4.0,pivotal,0.99997807,cloud foundry networking release,0.9997974,0.4,0.9996412396430969
1469,220671,Eclipse Che 4.7.0,eclipse,0.999982,che,0.99993765,4.7,0.9999066591262817
1470,30345,animalcenter Light for Pets (aka com.helenwoodward.light4pets) for android 1.0,animalcenter,0.9999833,light for pets,0.99923944,1,0.9999504089355469
1471,453156,Kernel Ethtool 2.6.39,kernel,0.9999769,ethtool,0.99995506,2...6,0.9985913038253784
1472,482429,Linksys EtherFast BEFSR81 Router 2.44,linksys,0.9999728,befsr81,0.99908555,2,0.999962568283081
1473,685067,raml-module-builder Project raml-module-builder 19.2.0,raml - module - builder project,0.9998527,raml - module - builder,0.9998373,19.2,0.9992352724075317
1474,54142,Artifex GPL Ghostscript 3.34,artifex,0.9999819,gpl ghostscript,0.99979854,3..,0.7500314116477966
1475,404734,Intel Unite 4.1.6111 for Windows,intel,0.99997723,unite,0.9999386,4...1,0.9988901615142822
1476,867309,Wayland Weston 1.4.0,wayland,0.9999821,weston,0.9999554,1.4,0.9999462962150574
1477,110100,Caddyserver Caddy 0.5.0,caddyserver,0.9999813,caddy,0.999972,0.5,0.9998534917831421
1478,157623,Clogica SEO Redirection 3.8 for WordPress,clogica,0.9999809,seo redirection,0.9999347,3..,0.9949221611022949
1479,236686,ERA404 StaffList 0.9 2.2.3 for WordPress,era404,0.9999722,stafflist,0.99992037,2.2,0.9988559484481812
1480,67652,Aufs Project Aufs2 2.6.20 Release Candidate 6,aufs project,0.99993366,aufs2,0.9999422,2...6,0.9928379654884338
1481,167508,Codepeople Appointment Booking Calendar 1.2.31 for WordPress,codepeople,0.99998236,appointment booking calendar,0.9999178,1...2,0.9993932843208313
1482,418439,Jenkins Amazon EC2 1.42.2 for Jenkins,jenkins,0.9999682,amazon ec2,0.9998874,1...42,0.9896349906921387
1483,620852,OWASP Zed Attack Proxy (ZAP) 2.4.3,owasp,0.9999782,zed attack proxy,0.99986535,2.4,0.9999364614486694
1484,425549,Jenkins Job Configuration History 2.31-rc1118.fdcd7d8898ff for Jenkins,jenkins,0.99996984,job configuration history,0.99991053,2,0.9998403787612915
1485,711565,Routers2 Project Routers2 2.15 Beta 4,routers2 project,0.99991345,routers2,0.9998579,2,0.9999488592147827
1486,434130,JFrog Artifactory 6.2.0,jfrog,0.99998164,artifactory,0.9999713,6.2,0.9996824264526367
1487,555679,Netflix Hollow 2.13.0,netflix,0.9999807,hollow,0.99995625,2...13,0.8842039704322815
1488,699942,Redhat Undertow 1.3.0 Beta11,redhat,0.99998105,undertow,0.9999685,1...3,0.9910612106323242
1489,61982,Atlassian editor-core 45.18.4 for Node.js,atlassian,0.9999826,editor - core,0.99988383,45...18,0.9995566606521606
1490,840557,Vanderbilt REDCap 9.0,vanderbilt,0.99997747,redcap,0.99996126,9,0.9999501705169678
1491,173142,Connections-Pro Connections Business Directory 8.6.8 for WordPress,connections - pro,0.99726385,connections business directory,0.99987644,8...6,0.99716717004776
1492,390900,IMGTech Zoneplayer 2018.02,imgtech,0.99997985,zoneplayer,0.9999589,2018,0.9999202489852905
1493,494389,Loco Translate Project Loco Translate 2.3.1 for WordPress,loco translate project,0.9999115,loco translate,0.99990773,2...3,0.9975987076759338
1494,727777,SAP OpenUI5 1.56.9,sap,0.9999771,openui5,0.99986184,1...56,0.9763249158859253
1495,820809,Tpm2-tools Project Tpm2-tools 4.2.1 Release Candidate 1,tpm2 - tools project,0.99987626,tpm2 - tools,0.9998779,4.2,0.9985682964324951
1496,27288,Amazon Sockeye 1.18.92 for Python,amazon,0.999979,sockeye,0.9999628,1...18,0.9992469549179077
1497,622696,oxid-esales eSHOP 5.1.0 Enterprise Edition,oxid,0.99997735,eshop,0.9999306,5.1,0.999474287033081
1498,913319,Zend ZendTo 3.93,zend,0.99997735,zendto,0.99996567,3...93,0.8454135656356812
1499,6940,Acquia Mautic 3.3.2,acquia,0.99998105,mautic,0.9999492,3.3,0.999924898147583
1500,831853,Uglifyjs Project Uglifyjs 3.3.21 for Node.js,uglifyjs project,0.99991375,uglifyjs,0.99996257,3...3,0.9966039657592773
1501,428917,Jenkins Slack Upload 1.5 for Jenkins,jenkins,0.99997115,slack upload,0.9999324,1,0.9999700784683228
1502,418951,Jenkins Bitbucket Branch Source 2.0.2 for Jenkins,jenkins,0.99997437,bitbucket branch source,0.9998744,2...0,0.9953505992889404
1503,414150,Isc Bind 9.9.3 S1,isc,0.9999814,bind,0.9999337,9...9,0.9675803184509277
1504,63262,Atlassian editor-core 103.1.2 for Node.js,atlassian,0.9999821,editor - core,0.99988097,103...1,0.999371349811554
1505,265989,forestarea Forest Area FCU Mobile (aka com.metova.cuae.fafcu) for android 1.0.29,forestarea,0.99997294,forest area fcu mobile,0.99953496,1.0,0.9998369216918945
1506,64813,Atlassian Jira Data Center 8.13.1,atlassian,0.9999814,jira data center,0.9998657,8.13,0.9998364448547363
1507,521570,Microsoft PowerShell 7.2 Preview 8,microsoft,0.999979,powershell,0.99989355,7,0.9999399185180664
1508,583151,ocProducts Composr 10.0 Release Candidate 31,ocproducts,0.9999807,composr,0.9999447,10,0.9997331500053406
1509,395477,Inpsyde BackWPup 3.7.0 for WordPress,inpsyde,0.9999801,backwpup,0.99997115,3...7,0.9992617964744568
1510,40556,Apache Software Foundation Qpid Proton-J 0.10 Release Candidate 2,apache,0.9999666,qpid proton - j,0.99971664,0,0.9999334812164307
1511,286986,Getawesomesupport Awesome Support 3.3.2 for WordPress,getawesomesupport,0.9999794,awesome support,0.9998999,3...3,0.892728865146637
1512,912555,Zemana AntiMalware 2.19.1.904 Beta,zemana,0.9999782,antimalware,0.9999716,2...19.1,0.9960517883300781
1513,245771,f2e-server Project f2e-server 1.1.1 for Node.js,f2e - server project,0.99983454,f2e - server,0.9996235,1...1,0.9740592241287231
1514,561940,Nextcloud Calendar 2.3.0 Alpha 2,nextcloud,0.99998295,calendar,0.99995244,2...3,0.9608846306800842
1515,88555,Bitovi Launchpad 0.4.5 for Node.js,bitovi,0.99998045,launchpad,0.9999583,0...4,0.9752671122550964
1516,552167,needrestart Project needrestart 1.2,needrestart project,0.99992305,needrestart,0.999941,1,0.9999586343765259
1517,92473,Bobronix JEditor 2.2.11,bobronix,0.99998164,jeditor,0.999967,2...2,0.9808615446090698
1518,62622,Atlassian editor-core 73.7.11 for Node.js,atlassian,0.9999825,editor - core,0.99989015,73...7,0.9997076988220215
1519,633845,Philips EPIQ 7 Firmware 5.0,philips,0.9999778,epiq 7 firmware,0.9994084,5,0.999859094619751
1520,877633,WhatsApp WhatsApp Business 2.20.35 for Android,whatsapp,0.99998164,whatsapp business,0.9999021,2...20,0.9997479319572449
1521,447714,Kaseya Unitrends Backup 10.3.8,kaseya,0.9999802,unitrends backup,0.9996838,10.3,0.9998353719711304
1522,335452,HashiCorp Vault 1.7.1 Enterprise Edition,hashicorp,0.9999813,vault,0.99994075,1...7,0.9209920763969421
1523,449299,KDE Ark 18.12.3,kde,0.99998033,ark,0.99995613,18.12,0.999936044216156
1524,431106,JetBrains IntelliJ IDEA 11.0,jetbrains,0.99998045,intellij idea,0.99973595,11,0.9999197721481323
1525,48621,Apple mDNSResponder 320.5,apple,0.99997234,mdnsresponder,0.999954,320..,0.8220361471176147
1526,725324,Sangoma FreePBX 15.0.9.24,sangoma,0.9999814,freepbx,0.99996746,15...0.9,0.9240109920501709
1527,822181,Travel Management Project Travel Management 1.7 for WordPress,travel management project,0.9999053,travel management,0.9999309,1..,0.9844160079956055
1528,336123,Hawt Hawtio 1.4.23,hawt,0.9999809,hawtio,0.9999609,1...4,0.9955605268478394
1529,798494,tar-fs Project tar-fs 0.1.5,tar - fs project,0.99988484,tar - fs,0.99984235,0.1,0.9999510645866394
1530,835087,Unit4 Enterprise Resource Planning (Unit4 ERP) 7.9,unit4,0.99997187,enterprise resource planning,0.99980146,7,0.999950647354126
1531,642932,PingCAP TiDB 4.0.0 Beta 2,pingcap,0.9999832,tidb,0.99997103,4...0,0.9870887398719788
1532,421068,Jenkins Email Extension Template 1.0 for Jenkins,jenkins,0.999967,email extension template,0.99988294,1,0.999941349029541
1533,534964,moinejf abcm2ps 4.12.20,moinejf,0.99998164,abcm2ps,0.9999602,4...12,0.887983500957489
1534,197752,Dell XPS 7390 Firmware 1.0.6,dell,0.9999738,xps 7390 firmware,0.99967355,1.0,0.9998327493667603
1535,812043,Thunderdome Planning Poker 1.0.0 Release Candidate 34,thunderdome,0.9999815,planning poker,0.9999296,1...0,0.9763843417167664
1536,874510,Webyog SQLyog 6.05 Community Edition,webyog,0.9999821,sqlyog,0.99996233,6,0.9999409914016724
1537,783023,Sun ONE Directory Server 4.16,sun,0.99997246,one directory server,0.99879605,4,0.9999644756317139
1538,169121,CODESYS Control Rte Sl 3.5.14.0,codesys,0.9999821,control rte sl,0.99991083,3...5,0.9951937198638916
1539,299764,Gluster GlusterFS 3.8.7,gluster,0.99998116,glusterfs,0.99996793,3...8,0.8686863780021667
1540,707138,Ripple Rippled 0.30.0,ripple,0.99997795,rippled,0.9999232,0...30,0.8833535313606262
1541,132646,Cisco Identity Services Engine 1.1,cisco,0.99997485,identity services engine,0.99982136,1,0.9999423027038574
1542,498291,Magazine3 AMP for WP 0.9.65.2 for WordPress,magazine3,0.99997866,amp for wp,0.9998761,0...9...65,0.9981523156166077
1543,163224,CMS Tree Page View Project CMS Tree Page View for WordPress 1.2.3,cms tree page view project,0.9998969,cms tree page view,0.99978435,1.2,0.9998115301132202
1544,803096,Telerik UI for ASP.NET Core 2012.3.1114,telerik,0.9999753,ui for asp. net core,0.99974537,2012...3,0.9872098565101624
1545,419658,Jenkins Code Coverage API 1.0.0 Alpha 1 for Jenkins,jenkins,0.9999716,code coverage api,0.9998781,1...0,0.9978088736534119
1546,337962,"Heateor Super Socializer (Social Share, Social Login and Social Comments Plugin) 7.9 for WordPress",heateor,0.99998057,super socializer,0.9998937,7,0.9999446868896484
1547,894960,WTFUtil WTF 0.16.1,wtfutil,0.9999789,wtf,0.99995077,0...16,0.859551191329956
1548,632517,Perl-Archive-Zip Project Perl-Archive-Zip 1.07,perl - archive - zip project,0.99986213,perl - archive - zip,0.9995905,1,0.9999582767486572
1549,563989,Nextcloud Richdocuments 1.12.39,nextcloud,0.99998164,richdocuments,0.99997115,1...12,0.9898425936698914
1550,299496,GLPI-project GLPI 9.2 Release Candidate 2,glpi - project,0.9996658,glpi,0.9999453,9,0.9999209642410278
1551,286733,Geovap Reliance-SCADA 4.0.14 Update 1,geovap,0.9999819,reliance - scada,0.9998457,4...0,0.9504249691963196
1552,866912,wasdk Project wasdk 1.0.36 for Node.js,wasdk project,0.9999161,wasdk,0.99995935,1...0,0.997215747833252
1553,707061,Ripgrep Project Ripgrep 0.1.6,ripgrep project,0.9999276,ripgrep,0.99996734,0.1,0.9999319911003113
1554,177444,"Courier-MTA (Double Precision, INC) Courier Mail Server 1.1.1",courier,0.99997056,courier mail server,0.99949545,1.1,0.9998692274093628
1555,667599,pugixml Project pugixml 0.9,pugixml project,0.9999126,pugixml,0.9999579,0.9,0.7810035347938538
1556,299493,GLPI-project GLPI 9.1.7.1,glpi - project,0.99974185,glpi,0.9999527,9...1.7,0.9105508923530579
1557,471585,LFTP Project LFTP 4.7.7,lftp project,0.9999219,lftp,0.99995613,4...7,0.943444013595581
1558,545338,mTouch Quiz Project mTouch Quiz 2.0.4 for WordPress,mtouch quiz project,0.99990493,mtouch quiz,0.99988633,2...0,0.9979813098907471
1559,165075,Codeastrology Woo Product Table 2.8.5 for WordPress,codeastrology,0.9999815,woo product table,0.99992085,2...8,0.9989118576049805
1560,366143,Huawei S9303E Firmware V200R001,huawei,0.99997365,s9303e firmware,0.99984825,v200r001,0.9998629093170166
1561,65960,Atlassian OAuth 2.0.2,atlassian,0.9999826,oauth,0.99996626,2...0,0.9513014554977417
1562,806764,theforeman Foreman 1.24.2,theforeman,0.9999764,foreman,0.99995136,1.24,0.9998558759689331
1563,154447,Citrix Xenapp Management 6.0.0.0,citrix,0.99997795,xenapp management,0.99991775,6.0,0.9998323917388916
1564,280482,fullPage Project fullPage 2.5.2 for Node.js,fullpage project,0.99993485,fullpage,0.99995863,2...5,0.9963813424110413
1565,93953,Bonitasoft Bonita BPM Portal 6.4,bonitasoft,0.9999809,bonita bpm portal,0.9998004,6,0.999961256980896
1566,876352,Wesnoth The Battle for Wesnoth 0.7.11,wesnoth,0.99998033,the battle for wesnoth,0.99958295,0.7,0.9998999238014221
1567,273577,FreeBSD Name Server Daemon 1.0.3,freebsd,0.999979,name server daemon,0.9998246,1.0,0.9998064041137695
1568,740308,ServersCheck Monitoring Software 8.0.2,serverscheck,0.9999789,monitoring software,0.9998766,8.0,0.9994618892669678
1569,395818,Inspire IRCd InspIRCd 2.0.22,inspire ircd,0.99990547,inspircd,0.9999393,2...0,0.9848893284797668
1570,113017,Canonical apt-xapian-index 0.21ubuntu2,canonical,0.999977,apt - xapian - index,0.99974746,0,0.9999561309814453
1571,153653,Citrix iOS Receiver 6.1.5,citrix,0.99997735,ios receiver,0.99981683,6.1,0.9998867511749268
1572,753410,SilkyPress Simple Custom CSS and JS 3.11 for WordPress,silkypress,0.999979,simple custom css and js,0.9998705,3...11,0.8578345775604248
1573,376883,IBM Rational ClearQuest 8.0.0.11,ibm,0.9999789,rational clearquest,0.9998492,8...0,0.9964834451675415
1574,913388,Zend ZendTo 5.16-4 Beta,zend,0.99997985,zendto,0.99997044,5..,0.7744218111038208
1575,382512,IBM WebSphere Commerce 8.0.0.5 Professional Edition,ibm,0.99997663,websphere commerce,0.9999017,8...0,0.9969266057014465
1576,360265,HPE Universal API Framework 2.5.2 for VMware ESXi,hpe,0.999974,universal api framework,0.9999051,2...5,0.9964240193367004
1577,307003,GNOME Seahorse 2.27.92,gnome,0.9999789,seahorse,0.99996257,2...27,0.9986793994903564
1578,118472,Cesnet Perun 3.5.2,cesnet,0.9999801,perun,0.9999685,3...5,0.911243736743927
1579,403594,Intel Quartus Prime 15.0 Pro Edition,intel,0.9999796,quartus prime,0.99985266,15,0.9998648166656494
1580,449362,KDE Discover 5.8.3,kde,0.99998236,discover,0.99995863,5.8,0.9999279975891113
1581,570675,Nodejs Node.js 11.2.0,nodejs,0.99998105,node. js,0.99966246,11.2,0.999745786190033
1582,662187,Prismjs Previewers 1.5.0 for Prismjs,prismjs,0.99998164,previewers,0.9999529,1...5,0.9957137107849121
1583,418557,Jenkins Application Detector 1.0.8 for Jenkins,jenkins,0.99997616,application detector,0.99993545,1...0,0.9986929297447205
1584,877,10web Photo Gallery 1.5.40 for WordPress,10web,0.99998176,photo gallery,0.9999265,1...5,0.9995090961456299
1585,236716,ERA404 StaffList 0.9 2.7.1 for WordPress,era404,0.9999727,stafflist,0.99992347,2.7,0.9932626485824585
1586,498863,magnolia-cms Magnolia CMS 5.6.5,magnolia -,0.79370856,magnolia cms,0.99988794,5...6,0.9004014730453491
1587,474010,libinfinity Project libinfinity 0.6.4,libinfinity project,0.99993,libinfinity,0.9999614,0...6,0.9418681263923645
1588,828789,Typelevel http4s 0.7.0,typelevel,0.9999838,http4s,0.99997187,0.7,0.9998034238815308
1589,609250,Oracle GoldenGate 19.1.0.0.2,oracle,0.9999751,goldengate,0.9999347,19.1.0,0.883802592754364
1590,310050,GNU Libtasn1 3.3,gnu,0.9999695,libtasn1,0.99856025,3,0.9999555349349976
1591,242479,ExifTool Project ExifTool 5.81,exiftool project,0.9999154,exiftool,0.9999472,5,0.9999425411224365
1592,429427,Jenkins Support Core 1.3 for Jenkins,jenkins,0.99997914,support core,0.9999145,1..,0.9030246734619141
1593,119107,Chamber Dashboard Business Directory Project Chamber Dashboard Business Directory 2.3.1 for WordPress,chamber dashboard business directory project,0.9998878,chamber dashboard business directory,0.9998783,2...3,0.9253036379814148
1594,264251,Fluxcd Helm-controller 0.11.1,fluxcd,0.9999832,helm - controller,0.99986476,0.11,0.9997622966766357
1595,106071,Bueltge Adminimize 1.7.2,bueltge,0.99997985,adminimize,0.9999666,1...7,0.9719384908676147
1596,402390,Intel Nuc 11 Pro Kit Nuc11tnki3 -,intel,0.9999713,nuc 11 pro kit nuc11tnki3,0.99929684,-,0.9994810223579407
1597,743816,shout Project shout 0.51.2 for Node.js,shout project,0.9999323,shout,0.9999504,0...51,0.9989249110221863
1598,116270,Cdotech Cdo Dal Components 1.6.1,cdotech,0.99997854,cdo dal components,0.9992506,1.6,0.9998519420623779
1599,482857,Linux ACRN 2019w03.1-150000p,linux,0.9999769,acrn,0.9999155,2019w03,0.9999232292175293
1600,131193,Cisco Expressway X8.10.2,cisco,0.99997807,expressway,0.9998258,x8...10,0.9989166855812073
1601,479944,LightDM Project LightDM 1.8.4,lightdm project,0.9999177,lightdm,0.999966,1...8,0.986140251159668
1602,474568,LibOFX Project LibOFX 0.9.8,libofx project,0.9999141,libofx,0.99996865,0.9,0.9999251365661621
1603,77439,B3log (Yunnan Liandi Technology) Vditor 2.2.19,b3log,0.99997675,vditor,0.99993944,2.2,0.999948263168335
1604,887557,WpDevArt Gallery 1.4.2 for WordPress,wpdevart,0.9999833,gallery,0.9998802,1...4,0.9988117814064026
1605,503980,MarketingHeroes SiteSuperCharger 5.1.9 for Wordpress,marketingheroes,0.99997663,sitesupercharger,0.9999471,5...1,0.9896451234817505
1606,377939,IBM Security Access Manager for Web 7.0.0.30,ibm,0.9999757,security access manager for web,0.9994872,7...0.0,0.9163846969604492
1607,357306,HP Procurve Switch Software H.10.50,hp,0.99997556,procurve switch software,0.9997061,h...10,0.9793286323547363
1608,125321,Cisco 1921 -,cisco,0.9987502,1921,0.912282,-,0.9980379939079285
1609,33787,Apache Software Foundation Camel 1.5.0 Release Candidate 1,apache,0.9999714,camel,0.99995446,1.5,0.99979567527771
1610,657225,POSIMYTH Innovations The Plus Addons For Elementor 4.1.2 Pro Edition for WordPress,posimyth,0.99998033,the plus addons for elementor,0.9998412,4...1,0.9377235174179077
1611,803851,Tenable Nessus Agent 7.3.2,tenable,0.9999769,nessus agent,0.99981064,7.3,0.9994595050811768
1612,29571,android-gif-drawable Project android-gif-drawable 1.2.16,android - gif - drawable project,0.9998489,android - gif - drawable,0.9996443,1...2,0.8506943583488464
1613,640578,PHPUnit Project PHPUnit 4.3.4,phpunit project,0.9999172,phpunit,0.99993455,4.3,0.9999018907546997
1614,594169,OpenFabrics Alliance Enterprise Distribution (OFED) 1.3.2,openfabrics,0.999969,enterprise distribution,0.9998367,1.3,0.9998666048049927
1615,514291,Mersive Solstice Pod Firmware 2.7.3,mersive,0.99998164,solstice pod firmware,0.99980253,2...7,0.9018712043762207
1616,190214,David King Vino 2.7.91,david king,0.99991685,vino,0.9999411,2...7,0.9980807304382324
1617,464620,Lenovo 20an Firmware -,lenovo,0.99998045,20an firmware,0.9998542,-,0.9997606873512268
1618,788696,Swisscom Internet-Box Light Firmware 08.06.06,swisscom,0.9999814,internet - box light firmware,0.99981415,08...06,0.9830279350280762
1619,457732,Kotti Project Kotti 2.0.1,kotti project,0.99993134,kotti,0.9999505,2.0,0.999599039554596
1620,506848,matrix-react-sdk Project matrix-react-sdk 0.14.2 Release Candidate 1 for Node.js,matrix - react - sdk project,0.99987984,matrix - react - sdk,0.9999056,0.14,0.9992713332176208
1621,692413,Redhat Automatic Bug Reporting Tool (ABRT) 2.0.15,redhat,0.99997604,automatic bug reporting tool,0.9998616,2.0,0.9997833967208862
1622,477553,libsndfile Project libsndfile 1.0.11,libsndfile project,0.9999231,libsndfile,0.99995553,1.0,0.9998955726623535
1623,612927,Oracle OpenGrok 0.13 Release Candidate 7,oracle,0.999977,opengrok,0.9999521,0,0.9999206066131592
1624,372991,IBM Forms Experience Builder 8.0.0.1,ibm,0.9999759,forms experience builder,0.9998303,8...0,0.9705288410186768
1625,673485,Python NetworkX 0.35.1,python,0.999979,networkx,0.9999573,0.35,0.9999246001243591
1626,736556,Segue Project Segue 2.0 Beta 15.1,segue project,0.99993336,segue,0.99996805,2,0.999822199344635
1627,333656,Harfbuzz Project Harfbuzz 1.1.3,harfbuzz project,0.9999241,harfbuzz,0.99996066,1.1,0.9999262094497681
1628,297632,git-scm git 1.7.3.3,git - scm,0.81145126,git,0.9999559,1...7,0.9982169270515442
1629,749853,Siemens SM-2556 Firmware DNPI00,siemens,0.99996376,sm - 2556 firmware,0.999664,dnpi00,0.9998639822006226
1630,607479,Oracle Clinical 5.2,oracle,0.99997926,clinical,0.9997004,5,0.9999417066574097
1631,872976,Webroot SecureAnywhere 9.0.10.17,webroot,0.9999827,secureanywhere,0.9999528,9.0.10,0.9997379779815674
1632,326774,Grocy Project Grocy 1.0.1,grocy project,0.9999236,grocy,0.9999652,1.0,0.9995917677879333
1633,40429,Apache Software Foundation Pulsar 2.8.1 Candidate 2,apache,0.99997115,pulsar,0.99996793,2...8,0.9222020506858826
1634,325174,Graphql Playground 1.6.0 for Node.js,graphql,0.9999827,playground,0.9999584,1...6,0.9612915515899658
1635,524301,Microsoft Windows NT 3.5.1 SP5 alpha,microsoft,0.99997365,windows nt,0.99986064,3...5,0.9817156791687012
1636,202943,Digium Asterisk 10.1.0-digiumphones-rc2,digium,0.9999815,asterisk,0.99992585,10.1,0.9995970726013184
1637,873095,Websense Websense Web Filter 7.1,websense,0.9995364,websense web filter,0.9869247,7,0.9999302625656128
1638,792453,symphony-cms Symphony CMS 2.7.3,symphony - cms,0.9624441,symphony cms,0.9998766,2...7,0.9937886595726013
1639,397469,Intel Compute Stick STK2m364CC Firmware CCSKLm30.86A.0062,intel,0.9999734,compute stick stk2m364cc firmware,0.9995629,ccsklm30...86a...0062,0.9516273736953735
1640,833633,uMatrix Project uMatrix 1.3.8,umatrix project,0.99991953,umatrix,0.9999635,1...3,0.9155632257461548
1641,61698,Atlassian editor-core 1.17.1 for Node.js,atlassian,0.99998236,editor - core,0.99984676,1...17,0.9993162155151367
1642,805764,Testimonial Rotator Project Testimonial Rotator 1.0 for WordPress,testimonial rotator project,0.9998965,testimonial rotator,0.99991435,1,0.9999414682388306
1643,915767,Zohocorp ManageEngine AD360 4.2 4207,zohocorp,0.9999796,manageengine ad360,0.9998549,4,0.9998971223831177
1644,528102,MiniUPnP Project MiniUPnPd 1.6 2011-07-30,miniupnp project,0.99993217,miniupnpd,0.9999473,1,0.9998190999031067
1645,347517,Hotbar HBtools 4.8.2,hotbar,0.99998116,hbtools,0.99996734,4.8,0.9997204542160034
1646,90262,Blubrry PowerPress 1.0.2 for WordPress,blubrry,0.9999813,powerpress,0.99994946,1...0,0.9985861778259277
1647,758530,SKYARC System MultiFileuploader 0.44,skyarc,0.99998105,system multifileuploader,0.9945335,0.44,0.9221681356430054
1648,462918,Laurent Destailleur Awstats 6.3,laurent destailleur,0.9999071,awstats,0.9999486,6,0.9999563694000244
1649,364256,Huawei LYO-L21 Firmware Lyo-l21c577b126,huawei,0.9999783,lyo - l21 firmware,0.9996996,lyo.-.l21c577b126,0.9974957704544067
1650,777981,Status301 CoolClock 2.9.5 for WordPress,status301,0.99998033,coolclock,0.9999678,2...9,0.9996836185455322
1651,907266,Yithemes YITH WooCommerce Request a Quote 2.0.8 Premium Edition for WordPress,yithemes,0.9999821,yith woocommerce request a quote,0.99991703,2...0,0.9463515281677246
1652,553315,Nervos Foundation CKB (The Common Knowledge Base) 0.101.2 for Rust,nervos,0.9999709,ckb,0.99996245,0.101,0.999848484992981
1653,352329,HP J9584A 3800-24SFP-2SFP+ Switch,hp,0.9999527,j9584a 3800,0.9711404,,0.0
1654,349669,HP D3Q17D Firmware 001.1829A,hp,0.99995935,d3q17d firmware,0.9998524,001..,0.7768272161483765
1655,314051,Google Chrome 5.0.375.57,google,0.99998164,chrome,0.99994266,5...0.375,0.9965289831161499
1656,6863,Acquia Mautic 2.7.0,acquia,0.9999815,mautic,0.9999672,2...7,0.8807878494262695
1657,801393,Tecnick TCExam 11.1.003,tecnick,0.99997616,tcexam,0.99996734,11...1,0.8440027236938477
1658,540496,Mortbay Jetty 9.2.21,mortbay,0.99998295,jetty,0.99996173,9...2,0.9880767464637756
1659,510414,Mdadm Project Mdadm 2.5.2,mdadm project,0.9999195,mdadm,0.99996305,2...5,0.9534674286842346
1660,397949,Intel Core 2 Quad Q9400s,intel,0.99996984,core 2 quad,0.99966055,q9400s,0.9996622800827026
1661,785679,Supsystic Social Share Buttons 1.5.7 for WordPress,supsystic,0.9999777,social share buttons,0.99993163,1...5,0.9985312223434448
1662,844829,Veritas System Recovery (VSR) 18.0.2,veritas,0.9999809,system recovery,0.99988705,18.0,0.9728645086288452
1663,285607,generic-array Project generic-array 0.7.2 for Rust,generic - array project,0.99986666,generic - array,0.99991196,0...7,0.992129385471344
1664,722601,Samsung Galaxy J3 Pop Firmware -,samsung,0.99997175,galaxy j3 pop firmware,0.9968268,-,0.9996641874313354
1665,411600,iperf3 Project iperf3 3.0.2,iperf3 project,0.9999224,iperf3,0.9999598,3.0,0.9994400143623352
1666,298053,git-scm git 2.24.0,git scm,0.87212163,git,0.9999602,2...24,0.9882147312164307
1667,283734,GCHQ CyberChef 8.23.2,gchq,0.9999757,cyberchef,0.9999703,8...23,0.8802528381347656
1668,809640,thePHPfactory Article Factory Manager 1.7.8 for Joomla!,thephpfactory,0.9999727,article factory manager,0.9999211,1...7,0.9954321980476379
1669,528672,Mirantis Lens 5.3.0 Alpha 11,mirantis,0.999982,lens,0.9999492,5...3,0.9412228465080261
1670,918173,ZohoCorp ManageEngine OpManager 12.5 Build125649,zohocorp,0.9999796,manageengine opmanager,0.9999166,12,0.9999247789382935
1671,317337,Google Chrome 37.0.2062.76,google,0.99998164,chrome,0.9999505,37...0.2062,0.9785525798797607
1672,791584,Symantec Sms-smtp-tomcat 5.5.13,symantec,0.999982,sms - smtp - tomcat,0.99984246,5.5,0.9999542832374573
1673,163203,CMS Tree Page View Project CMS Tree Page View for WordPress 0.8.2,cms tree page view project,0.99989545,cms tree page view,0.9997937,0.8,0.9995718002319336
1674,112155,Callnowbutton Call Now Button 1.1.8 for WordPress,callnowbutton,0.99997973,call now button,0.9999133,1...1,0.9942813515663147
1675,482531,Linksys WAP11 1.4,linksys,0.99997866,wap11,0.999905,1,0.9999620914459229
1676,895770,X.Org X Server 1.7.6.902,x.,0.9582751,x server,0.9998013,1...7.6,0.9838718175888062
1677,776883,StageShow Project StageShow 0.9 for WordPress,stageshow project,0.9999315,stageshow,0.99995553,0,0.9999569654464722
1678,667436,Publify Project Publify 5.1.3,publify project,0.99993324,publify,0.9999615,5.1,0.9998514652252197
1679,649937,Pivotal Software Spring Security OAuth 1.0.0 Release Candidate 2,pivotal software,0.9999335,spring security oauth,0.99991673,1.0,0.9988622069358826
1680,36257,Apache Software Foundation Hadoop 0.13.0,apache,0.9999653,hadoop,0.99996305,0.13,0.9995917081832886
1681,525392,Microvirt MEmu 3.6.2,microvirt,0.9999826,memu,0.99995196,3...6,0.8875866532325745
1682,837808,User-Meta User Meta User Profile Builder And User Management 2.0.2 for WordPress,user - meta,0.99703,user meta user profile builder and user management,0.9998915,2...0,0.9693017601966858
1683,356173,HP Operations Manager i 9.2,hp,0.99997866,operations manager i,0.99953794,9,0.9998795986175537
1684,41,0xacab mat2 0.7.0,0xacab,0.9999732,mat2,0.999948,0.7,0.9987194538116455
1685,837300,USBGuard Project USBGuard 0.6.0,usbguard project,0.99992067,usbguard,0.9999654,0.6,0.9998798370361328
1686,477177,libsdl SDL Image 1.2.12,libsdl,0.9999763,sdl image,0.9997616,1...2,0.9687164425849915
1687,630011,Pelco Digital Sentry Server 7.0.70,pelco,0.9999802,digital sentry server,0.9993994,7.0,0.9998378753662109
1688,212483,DotNetZip.Semverd Project DotNetZip.Semverd 1.9.7,dotnetzip. semverd project,0.9998682,dotnetzip. semverd,0.9744285,1.9,0.9999274015426636
1689,663987,Progress mixlib-archive 0.4.14,progress,0.9999809,mixlib - archive,0.99960226,0.4,0.9999274611473083
1690,516495,Mi Mint Browser 1.4.1,mi,0.9999802,mint browser,0.999433,1.4,0.9999215602874756
1691,398570,Intel Core I5 4310M,intel,0.99997044,core i5,0.99973565,4310m,0.9993032217025757
1692,63302,Atlassian editor-core 106.3.3 for Node.js,atlassian,0.999982,editor - core,0.9998843,106...3,0.9995908737182617
1693,31288,Anuko Time Tracker 1.5.106.2669,anuko,0.9999783,time tracker,0.9999374,1...5.106,0.9972986578941345
1694,257007,Feedify Web Push Notifications 2.1.8 for WordPress,feedify,0.9999752,web push notifications,0.99989676,2...1,0.9980476498603821
1695,300375,GNOME Epiphany 3.29.2,gnome,0.9999782,epiphany,0.9999634,3...29,0.9916315674781799
1696,279468,Fujifilm Apeosport-vii 5022 Firmware -,fujifilm,0.99997926,apeosport - vii 5022 firmware,0.9989219,-,0.9996293783187866
1697,620457,oVirt Vdsm 4.18.15,ovirt,0.99997973,vdsm,0.99996686,4...18,0.9898941516876221
1698,43354,Apache Software Foundation UIMA-AS 2.4.0,apache,0.9999715,uima - as,0.9984186,2.4,0.9999527931213379
1699,12576,Adobe Fireworks CS4 10.0.3,adobe,0.99997294,fireworks cs4,0.99983287,10.0,0.999308705329895
1700,269069,Fortinet Fortiweb 5.2.4,fortinet,0.99998105,fortiweb,0.999969,5.2,0.9999187588691711
1701,396389,Intel Active Management Technology (AMT) 12.0.70,intel,0.9999764,active management technology,0.99989194,12.0,0.9994457960128784
1702,646164,Pivotal Software Cloud Foundry UAA 15,pivotal software,0.9999301,cloud foundry uaa,0.9998109,15,0.9999104738235474
1703,421338,Jenkins FindBugs 4.47 for Jenkins,jenkins,0.9999788,findbugs,0.9999677,4..,0.9201385974884033
1704,334058,HashiCorp Consul 0.4.1 Enterprise Edition,hashicorp,0.99998176,consul,0.99994767,0.4,0.999771237373352
1705,907402,Yithemes YITH WooCommerce Stripe 2.0.10 Premium Edition for WordPress,yithemes,0.9999825,yith woocommerce stripe,0.99992967,2...0,0.9947370886802673
1706,12729,Adobe Flash Player 10.3.183.23,adobe,0.99997616,flash player,0.999909,10...3.183,0.9779903292655945
1707,1134,10Web Social Feed For Instagram 1.1.9 Premium Edition for WordPress,10web,0.9999801,social feed for instagram,0.9998754,1...1,0.9966652393341064
1708,142411,Cisco NAC Appliance 4.5,cisco,0.99997544,nac appliance,0.99971026,4,0.9999639987945557
1709,195840,Dell Inspiron 7415 Firmware 1.7.1,dell,0.99997663,inspiron 7415 firmware,0.99956846,1.7,0.9987539052963257
1710,671751,PWNTools Project PWNTools 3.7.0 -,pwntools project,0.99991906,pwntools,0.9999566,3.7,0.9988677501678467
1711,770029,Spiceworks Desktop 7.5.00077,spiceworks,0.9999825,desktop,0.99994504,7...5,0.9927829504013062
1712,288486,get-ip-range Project get-ip-range 2.1.1 for Node.js,get - ip - range project,0.9998605,get - ip - range,0.99990714,2...1,0.9890223145484924
1713,558973,Netikus Eventsentry 2.81.0.36,netikus,0.9999807,eventsentry,0.9999685,2...81.0,0.9749789237976074
1714,331746,Handlebars.js Project Handlebars.js 4.0.7 for Node.js,handlebars. js project,0.99987805,handlebars. js,0.99954796,4...0,0.9723571538925171
1715,242386,ExifTool Project ExifTool 4.63,exiftool project,0.9999215,exiftool,0.99992955,4,0.9999617338180542
1716,200200,dFactory Responsive Lightbox 1.4.10 for WordPress,dfactory,0.99997807,responsive lightbox,0.9999134,1...4,0.9995422959327698
1717,505704,Matrix Element 1.7.17 Web Edition,matrix,0.9999771,element,0.9999304,1...7,0.9986317157745361
1718,768501,sourcefabric Newscoop 3.5.3,sourcefabric,0.99998283,newscoop,0.99994147,3...5,0.863444447517395
1719,290655,Ghost Sqlite3 2.1.18 for Node.js,ghost,0.99998,sqlite3,0.9999366,2...1,0.9946813583374023
1720,305927,GNOME Nautilus 2.9.92,gnome,0.9999789,nautilus,0.999962,2...9,0.9970375895500183
1721,702374,Rednao Smart Forms 2.6.48 for WordPress,rednao,0.99998176,smart forms,0.9999367,2...6,0.9997190237045288
1722,197806,Delta Project Delta 0.0.9,delta project,0.9999186,delta,0.9999614,0...0,0.8509898781776428
1723,507119,Matroska mkvalidator 0.2.2,matroska,0.9999795,mkvalidator,0.9999651,0.2,0.999855637550354
1724,600037,OpenStack Nova 2014.2.0 Release Candidate 2,openstack,0.9999802,nova,0.9999577,2014...2,0.8940325975418091
1725,246637,F5 Big-IP Analytics 11.5.4,f5,0.9999815,big - ip analytics,0.99987763,11.5,0.9995325803756714
1726,243894,Express-gateway Express-gateway Docker Image 1.7.1,express - gateway,0.998542,express - gateway docker image,0.9995359,1.7,0.9997013807296753
1727,669744,Puppet Mcollective-puppet-agent 1.9.0 for Puppet,puppet,0.99996364,mcollective - puppet - agent,0.98557025,1...9,0.9910488724708557
1728,60340,Atlassian Confluence Data Center 4.2.2,atlassian,0.99998033,confluence data center,0.99986786,4.2,0.9998688697814941
1729,905403,Yithemes YITH WooCommerce Advanced Reviews 1.2.1 Free Edition for WrodPress,yithemes,0.9999826,yith woocommerce advanced reviews,0.99990296,1...2,0.9430781006813049
1730,194721,Dell EMC NetWorker 9.2.0.5,dell,0.9999789,emc networker,0.9998847,9...2.0,0.9487793445587158
1731,819371,Toshiba ConfigFree 8.0.38,toshiba,0.9999821,configfree,0.99996734,8...0,0.8850892186164856
1732,265204,FolioVision FV Flowplayer Video Player 6.0.4.3 for WordPress,foliovision,0.9999815,fv flowplayer video player,0.99989015,6...0.4,0.9927637577056885
1733,775554,Squiz Matrix 5.4.5.2,squiz,0.9999821,matrix,0.9999186,5.4,0.9999209046363831
1734,707441,rng-tools Project rng-tools 6.5,rng - tools project,0.99986506,rng - tools,0.99986845,6,0.9999594688415527
1735,883068,WordPlus Better Messages 1.9.10.47 for WordPress,wordplus,0.9999827,better messages,0.9999334,1...9...10,0.9973262548446655
1736,177886,Cozmoslabs Profile Builder 3.1.5 for WordPress,cozmoslabs,0.9999795,profile builder,0.99991965,3...1,0.9973236322402954
1737,834278,UncannyOwl Tin Canny Reporting for LearnDash 1.1.4,uncannyowl,0.999979,tin canny reporting for learndash,0.99978435,1.1,0.999925434589386
1738,288381,Getgrav Grav-plugin-admin 1.10.13,getgrav,0.9999826,grav - plugin - admin,0.99968576,1...10,0.8747237324714661
1739,248013,F5 Big-ip Global Traffic Manager 14.1.2.0.18.37,f5,0.99998033,big - ip global traffic manager,0.9998851,14.1.2,0.999654233455658
1740,374031,IBM Java 6.0.2.0 Service Refresh 2,ibm,0.99997663,java,0.9998449,6...0.2,0.9213426113128662
1741,521494,Microsoft PowerShell 6.0 Release Candidate 2,microsoft,0.9999784,powershell,0.99993515,6,0.999944806098938
1742,283893,Gchq Stroom 5.3.4,gchq,0.9999783,stroom,0.9999547,5.3,0.999845027923584
1743,28530,Amministrazione Aperta Project Amministrazione Aperta 3.5 for WordPress,amministrazione aperta project,0.99990225,amministrazione aperta,0.9998646,3,0.999967098236084
1744,566054,NIC Knot Resolver 1.0.0 Beta 3,nic,0.99997354,knot resolver,0.9998969,1...0,0.9848501682281494
1745,223815,E-goi Smart Marketing SMS And Newsletters Forms 2.7.1 for WordPress,e -,0.9705534,smart marketing sms and newsletters forms,0.99988985,2...7,0.952153205871582
1746,62647,Atlassian editor-core 73.9.0 for Node.js,atlassian,0.999982,editor - core,0.9998893,73...9,0.9990056157112122
1747,299536,GLPI-Project GLPI 10.0.1,glpi - project,0.9996813,glpi,0.99995816,10.0,0.9992608428001404
1748,675007,Python Bugzilla Project python-bugzilla 0.6.1,python bugzilla project,0.9998897,python - bugzilla,0.9992857,0.6,0.999890923500061
1749,197757,Dell XPS 7590 Firmware 1.7.0,dell,0.9999734,xps 7590 firmware,0.9997279,1.7,0.9995678663253784
1750,447822,Kaseya Virtual System Administrator 7.0.0.31,kaseya,0.9999794,virtual system administrator,0.99988574,7...0.0,0.9498946666717529
1751,313718,Google Chrome 4.0.249.23,google,0.99998176,chrome,0.9999409,4...0.249,0.9941725134849548
1752,696539,RedHat Libreport 2.0.10,redhat,0.99997926,libreport,0.9999715,2...0,0.9004642367362976
1753,797394,Tagify Project Tagify 2.25.0,tagify project,0.99992675,tagify,0.9999684,2...25,0.9398593306541443
1754,833580,uMatrix Project uMatrix 0.8.0.0,umatrix project,0.9999094,umatrix,0.9999678,0...8,0.9572674632072449
1755,351268,HP H3C Ethernet Switch Model S5600-50C-PWR,hp,0.9999558,h3c ethernet switch,0.99967176,s5600.50c,0.9866204261779785
1756,520938,Microsoft NuGetGallery 2017.03.27,microsoft,0.99997723,nugetgallery,0.999964,2017.03,0.9974191188812256
1757,463353,Leaflet Map Project Leaflet Map 2.7.1 for WordPress,leaflet map project,0.9999121,leaflet map,0.99992466,2...7,0.9995163083076477
1758,501617,ManageWP Broken Link Checker 0.9.7.1 for WordPress,managewp,0.99998,broken link checker,0.99993247,0...9...7,0.9284754991531372
1759,861811,VMware Spring Boot 2.7.0 Milestone 3,vmware,0.9999808,spring boot,0.9999284,2...7,0.9563379883766174
1760,542555,Mozilla Firefox 43.0.3,mozilla,0.9999789,firefox,0.99996793,43.0,0.999478816986084
1761,808706,ThemeREX Hobo Digital Nomad Blog 1.0.3 for WordPress,themerex,0.99998295,hobo digital nomad blog,0.99987507,1...0,0.9370265603065491
1762,582560,ObjectPlanet Opinio 7.14,objectplanet,0.99998283,opinio,0.99995434,7,0.9999693632125854
1763,348763,HP Care Pack Core 10.0.0.1,hp,0.99997795,care pack core,0.99984646,10...0,0.9710243344306946
1764,56955,Asterisk Open Source 15.2.1,asterisk,0.9999753,open source,0.99979925,15.2,0.9996546506881714
1765,795657,systemd Project systemd 184,systemd project,0.99990994,systemd,0.99984455,184,0.999870777130127
1766,718530,S3QL project S3QL 1.17,s3ql project,0.99986804,s3ql,0.99991465,1...17,0.8511773943901062
1767,606721,OptionTree Project OptionTree 2.0.3 for WordPress,optiontree project,0.9999277,optiontree,0.999948,2...0,0.9990584850311279
1768,501759,man-db Project man-db 2.8.7,man - db project,0.99962986,man - db,0.99988407,2...8,0.9979571104049683
1769,719734,safetydance Project safetydance 0.0.16 for Node.js,safetydance project,0.99993145,safetydance,0.9999579,0...0,0.9842113852500916
1770,35132,Apache Software Foundation Drill 1.18.0,apache,0.99996996,drill,0.9999455,1.18,0.999753475189209
1771,308884,GNU GnuTLS 3.5.0,gnu,0.99995315,gnutls,0.99986255,3.5,0.9999369382858276
1772,533044,Mobatek MobaXterm 4.4 Home Edition,mobatek,0.9999827,mobaxterm,0.99996626,4,0.9999657869338989
1773,242126,exceljs Project exceljs 1.4.6 for Node.js,exceljs project,0.99992716,exceljs,0.99996114,1...4,0.998405396938324
1774,600542,OpenStack TripleO Heat Templates 5.3.13,openstack,0.99997723,tripleo heat templates,0.99985546,5.3,0.9999023079872131
1775,180978,Creative Pebble V2 Firmware 2021-08-09,creative,0.9999815,pebble v2 firmware,0.99986225,2021.08,0.842266857624054
1776,638702,PHPMailer Project PHPMailer 5.2.6,phpmailer project,0.99990016,phpmailer,0.9999491,5.2,0.9999390244483948
1777,573531,NO-MARGIN-FOR-ERROR prettyPhoto 2.4.3 for WordPress,no - margin - for - error,0.9900001,prettyphoto,0.9998927,2...4,0.995546281337738
1778,409296,Intranda Goobi Viewer Core 4.5.1,intranda,0.99998045,goobi viewer core,0.99978465,4.5,0.9996051788330078
1779,414688,ISC DHCP 4.2.0-P1,isc,0.9999819,dhcp,0.9999677,4...2,0.9930844306945801
1780,142437,Cisco NC55-RP-E -,cisco,0.9999716,nc55 - rp - e,0.9902226,-,0.9996421337127686
1781,394373,Infolific Ultimate Category Excluder 0.21 Beta for WordPress,infolific,0.9999809,ultimate category excluder,0.9999027,0,0.9999649524688721
1782,373053,IBM General Parallel File System Storage Server 2.0.6,ibm,0.9999652,general parallel file system storage server,0.99934274,2.0,0.9999200701713562
1783,270208,Fraction Oasis 2.13.0,fraction,0.999972,oasis,0.99993634,2.13,0.9999427795410156
1784,589614,Oniguruma Project Oniguruma 6.9.3,oniguruma project,0.9999234,oniguruma,0.99995077,6.9,0.9999098181724548
1785,468923,Lepton-CMS LeptonCMS 1.3.1,lepton,0.9999796,leptoncms,0.9999603,1.3,0.9997701644897461
1786,139721,Cisco IOS XE 3.3.1XO,cisco,0.9999759,ios xe,0.99973357,3...3,0.866685152053833
1787,219091,Easy Table Project Easy Table 1.1 for WordPress,easy table project,0.9999202,easy table,0.99991834,1..,0.9269586801528931
1788,14545,Adtribes Product Feed PRO for WooCommerce 7.5.3 for WordPress,adtribes,0.99997556,product feed pro for woocommerce,0.99988335,7...5,0.9544271230697632
1789,524260,Microsoft Windows Media Player 12,microsoft,0.9999306,windows media player,0.99950767,12,0.9998492002487183
1790,895782,X.Org X Server 1.8.2,x.,0.89641595,x server,0.9996414,1.8,0.9998137354850769
1791,542649,Mozilla Firefox 60.2.2,mozilla,0.99997926,firefox,0.9999666,60...2,0.9961017370223999
1792,872282,Webmin Usermin 1.590,webmin,0.9999782,usermin,0.99993134,1...590,0.8666208982467651
1793,284022,Gchq Stroom 6.0.1,gchq,0.9999795,stroom,0.9999603,6.0,0.9984204173088074
1794,217011,Dungeon Crawl Stone Soup Project Dungeon Crawl Stone Soup 0.1 Beta 1,dungeon crawl stone soup project,0.9998833,dungeon crawl stone soup,0.9996765,0,0.9998052716255188
1795,445870,K-9 Mail Project K-9 Mail 3.110 for Android,k - 9 mail project,0.9998411,k - 9 mail,0.99985373,3...110,0.9868470430374146
1796,213747,Dracut Project Dracut 046,dracut project,0.99983716,dracut,0.99993753,046,0.9998584985733032
1797,881584,Woocommerce Persian Woocommerce SMS 3.5.5 for WordPress,woocommerce,0.99998045,persian woocommerce sms,0.99984336,3...5,0.9957104325294495
1798,654449,Pngcrush Project Pngcrush 1.6.1,pngcrush project,0.9999208,pngcrush,0.9999614,1.6,0.9998654127120972
1799,132469,Cisco FX-OS 2.4.1.101,cisco,0.9999765,fx - os,0.99954456,2...4.1,0.9956135153770447
1800,585023,Octopus Octopus Deploy 2019.9.0 LTS Edition,octopus,0.99996996,octopus deploy,0.99990994,2019.9,0.9991703033447266
1801,517858,Microfocus Operation Bridge Manager 10.62,microfocus,0.99997866,operation bridge manager,0.9997568,10,0.9999111890792847
1802,192886,Debian postgresql-common 20,debian,0.9999776,postgresql - common,0.99607867,20,0.9998655319213867
1803,607635,Oracle Communications Calendar Server 8.0,oracle,0.9999733,communications calendar server,0.9987382,8,0.9999370574951172
1804,620837,OWASP Zed Attack Proxy (ZAP) 1.3.2,owasp,0.9999783,zed attack proxy,0.99985176,1.3,0.9998800754547119
1805,66175,Atlassian Sourcetree 0.5.2.0 for Windows,atlassian,0.9999819,sourcetree,0.99996686,0...5.2,0.9937951564788818
1806,810150,Thephpleague Flysystem 0.4.5,thephpleague,0.9999659,flysystem,0.9999573,0.4,0.9999386072158813
1807,643678,Pivotal Cloud Foundry Command Line Interface 6.11.0,pivotal,0.9999801,cloud foundry command line interface,0.99980754,6.11,0.9997970461845398
1808,302277,GNOME Glib 2.61.0,gnome,0.99997973,glib,0.9999629,2...61,0.9944691061973572
1809,820767,Tpm2-tools Project Tpm2-tools 3.0.5,tpm2 - tools project,0.99986464,tpm2 - tools,0.99982303,3.0,0.9998557567596436
1810,81106,bdwgc Project bdwgc 7.2 Alpha 5,bdwgc project,0.99991536,bdwgc,0.9999615,7,0.9999080896377563
1811,254974,fastify-http-proxy Project fastify-http-proxy 0.6.0 for Node.js,fastify - http - proxy project,0.9998431,fastify - http - proxy,0.99982107,0...6,0.9274898767471313
1812,278648,F-Secure Client Security 15.00 Premium Edition,f,0.99996674,client security,0.9998666,15,0.9999146461486816
1813,393999,Influxdata InfluxDB 0.0.1,influxdata,0.9999769,influxdb,0.9999685,0.0,0.9991680979728699
1814,111898,Calibre-Web Project Calibre-Web 0.6.14,calibre - web project,0.999871,calibre - web,0.99979347,0.6,0.9999552965164185
1815,42692,Apache Software Foundation Tomcat 8.5.17,apache,0.99997175,tomcat,0.9999616,8...5,0.8368576169013977
1816,547516,MySQL MaxDB 7.5.00.15,mysql,0.99997604,maxdb,0.9999509,7...5.00,0.9926168322563171
1817,326374,GREENTREELABS Gallery Photoblocks 1.1.12 for WordPress,greentreelabs,0.999982,gallery photoblocks,0.9999241,1...1,0.9969885349273682
1818,142724,Cisco Network Services Orchestrator (NSO) 4.3.1.2,cisco,0.9999759,network services orchestrator,0.9997802,4.3.1,0.9978530406951904
1819,492626,Liulishuo FileDownloader 1.7.1,liulishuo,0.99998045,filedownloader,0.99996495,1...7,0.8670138716697693
1820,372785,IBM Financial Transaction Manager 3.0.0.6 CPS Services,ibm,0.9999778,financial transaction manager,0.99990255,3...0.0,0.9804280996322632
1821,394787,Ini Project Ini 1.23.1,ini project,0.9998981,ini,0.99983466,1...23,0.9437282085418701
1822,728040,SAP Solution Manager System 2008_1_710,sap,0.9999697,solution manager system,0.99980515,2008.1.710,0.9481722116470337
1823,738259,Senecajs Seneca 3.8.0 Release Candidate 2 for Node.js,senecajs,0.99998283,seneca,0.999938,3...8,0.9959647059440613
1824,491981,Litespeed.js Project Litespeed.js 0.3.1 for Node.js,litespeed. js project,0.9998782,litespeed. js,0.9996764,0...3,0.9274193048477173
1825,905454,Yithemes YITH WooCommerce Advanced Reviews 1.4.5 Premium Edition for WrodPress,yithemes,0.9999826,yith woocommerce advanced reviews,0.99990803,1...4,0.9546658396720886
1826,26993,Amazon FreeRTOS 3.2.2,amazon,0.9999782,freertos,0.9999422,3...2,0.9474599361419678
1827,168131,CodePeople CP Contact Form with PayPal 1.2.31 for WordPress,codepeople,0.9999815,cp contact form with paypal,0.99989194,1...2,0.9990755915641785
1828,620857,OWASP Zed Attack Proxy (ZAP) W2015-07-21,owasp,0.9999795,zed attack proxy,0.99985474,w2015.07,0.8957716226577759
1829,329384,Guzzlephp Guzzle 6.4.1,guzzlephp,0.9999821,guzzle,0.9999666,6.4,0.999789834022522
1830,248462,F5 BIG-IP Local Traffic Manager 14.1.0,f5,0.99998033,big - ip local traffic manager,0.9998743,14.1,0.9992811679840088
1831,162565,ClusterLabs Pacemaker Command Line Interface (PCS) 0.9.74,clusterlabs,0.9999825,pacemaker command line interface,0.9998544,0.9,0.9999240636825562
1832,175909,Conversejs Converse.js 0.8.4,conversejs,0.9999819,converse. js,0.99969405,0...8,0.899536669254303
1833,12494,Adobe Experience Manager 6.2.0.0 Service Pack 1-Cumulative Fix Pack 20,adobe,0.99997926,experience manager,0.99993414,6...2,0.9919003844261169
1834,840249,Validator Project Validator 12.2.0 for Node.js,validator project,0.99992895,validator,0.99996006,12...2,0.9641224145889282
1835,32471,Anynines Elasticsearch 0.9.1 for Pivotal Cloud Foundry,anynines,0.9999789,elasticsearch,0.9999614,0.9,0.9997085332870483
1836,642051,PickPlugins Team Showcase 1.16 for WordPress,pickplugins,0.99998224,team showcase,0.9999019,1,0.9999707937240601
1837,447036,Kaltura Webcasting 2.2.33,kaltura,0.99998105,webcasting,0.9999671,2...2,0.9985261559486389
1838,14067,Adobe Shockwave Player 8.5.1.100,adobe,0.9999778,shockwave player,0.99983656,8...5.1,0.9007633924484253
1839,600496,OpenStack TripleO Heat Templates 0.6.4,openstack,0.9999771,tripleo heat templates,0.9998421,0.6,0.9998844861984253
1840,383675,Icedtea-web Project Icedtea-web 2.0.0 Alpha 19,icedtea - web project,0.99986666,icedtea - web,0.99984646,2...0,0.9133546948432922
1841,68244,Auieo Candidats 2.1.0,auieo,0.9999784,candidats,0.9999691,2.1,0.9998564720153809
1842,595786,OpenMPT libopenmpt 0.2.9227 Beta28,openmpt,0.99998105,libopenmpt,0.99996245,0...2,0.9885983467102051
1843,385986,iframe project iframe 3.0 for WordPress,iframe project,0.9999212,iframe,0.99995005,3..,0.96197909116745
1844,412162,Iptanus WordPress File Upload 4.6.0 for WordPress,iptanus,0.99998033,wordpress file upload,0.99990416,4...6,0.9943138360977173
1845,300546,GNOME Evince 2.91.1,gnome,0.999979,evince,0.9999652,2...91,0.9926891922950745
1846,524215,Microsoft Windows Host Compute Service Shim 0.6.14,microsoft,0.99996245,windows host compute service shim,0.99975204,0.6,0.999947726726532
1847,191555,Debian Advanced Package Tool (APT) 1.5 Alpha 3,debian,0.999974,advanced package tool,0.9998204,1,0.9998188614845276
1848,239226,Ethereum Go Ethereum 0.3.1,ethereum,0.9999738,go ethereum,0.9992986,0.3,0.9996998310089111
1849,342526,HMS-Networks Ecatcher 3.0.0,hms,0.99998105,ecatcher,0.9999645,3.0,0.9993886351585388
1850,241858,ExceedOne Exment 0.1.3,exceedone,0.9999826,exment,0.9999453,0.1,0.999921441078186
1851,42205,Apache Software Foundation Tapestry 5.5.0 Alpha 4,apache,0.99997234,tapestry,0.999961,5.5,0.9993113875389099
1852,761251,SmartBear Swagger UI 3.0.4,smartbear,0.99998283,swagger ui,0.9998659,3.0,0.9997190237045288
1853,14683,Adtribes Product Feed PRO for WooCommerce 8.9.3 for WordPress,adtribes,0.99997556,product feed pro for woocommerce,0.9998884,8...9,0.9924880266189575
1854,875724,Wekan Project Wekan 3.83,wekan project,0.9999178,wekan,0.9999504,3..,0.9150522947311401
1855,912734,Zemanta Related Posts plugin for WordPress 2.6,zemanta,0.99997437,related posts,0.99985325,2,0.9998977184295654
1856,842000,VastHTML Forum Server (aka ForumPress) plugin 1.6.4,vasthtml,0.99997747,forum server,0.9753068,1.6,0.9998934268951416
1857,49596,Appleple a-blog cms 2.1.0.1,appleple,0.9999808,a - blog cms,0.9998698,2...1,0.9481379985809326
1858,248221,F5 BIG-IP Link Controller 13.1.0.8,f5,0.99998057,big - ip link controller,0.9998558,13...1.0,0.8068234920501709
1859,246887,F5 BIG-IP Application Acceleration Manager 13.1.0.0,f5,0.9999789,big - ip application acceleration manager,0.99984616,13.1,0.9998435974121094
1860,177437,"Courier-MTA (Double Precision, INC) Courier Mail Server 1.0.12",courier,0.9999722,courier mail server,0.9996646,1.0,0.9998116493225098
1861,199163,Dev4press Gd Bbpress Attachments 4.3 for WordPress,dev4press,0.99997663,gd bbpress attachments,0.9998756,4,0.9999668598175049
1862,885791,WPBakery Page Builder 3.4.9 for WordPress,wpbakery,0.99998164,page builder,0.9999201,3...4,0.9987168312072754
1863,726463,SAP EA-FINSERV 6.04,sap,0.9999722,ea - finserv,0.9998633,6,0.9999547004699707
1864,515821,Metascrape Project Metascrape 5.5.4 for Node.js,metascrape project,0.9999184,metascrape,0.99996006,5...5,0.9451718926429749
1865,917197,ZohoCorp ManageEngine NetFlow Analyzer 12.5 Build125490,zohocorp,0.9999788,manageengine netflow analyzer,0.9998415,12,0.9999173879623413
1866,872603,Webnus Modern Events Calendar Lite 4.9.5 for WordPress,webnus,0.9999814,modern events calendar lite,0.9998655,4...9,0.9967630505561829
1867,519863,Microsoft Exchange Server 2013 Cumulative Update 9,microsoft,0.9999665,exchange server,0.99957645,2013,0.9942392110824585
1868,621002,OWASP Zed Attack Proxy (ZAP) W2018-10-08,owasp,0.9999795,zed attack proxy,0.9998562,w2018.10,0.8736106753349304
1869,550479,NATS JWT LIBRARY 1.1.0,nats,0.99997985,jwt library,0.9997002,1.1,0.9998726844787598
1870,544384,MP3-jPlayer Project MP3-jPlayer 2.3.2 for WordPress,mp3 - jplayer project,0.9998601,mp3 - jplayer,0.99990416,2...3,0.9954572916030884
1871,619133,OutSystems LifeTime Management Console 11.6.1,outsystems,0.99998164,lifetime management console,0.9998835,11.6,0.9997049570083618
1872,678486,Qrencode Project Qrencode 4.1.1,qrencode project,0.9999313,qrencode,0.99995947,4...1,0.8514508605003357
1873,419804,Jenkins Config File Provider 2.15.3 for Jenkins,jenkins,0.99996924,config file provider,0.9998972,2...15,0.9971352815628052
1874,434050,JFrog Artifactory 4.12.0.1,jfrog,0.9999813,artifactory,0.999969,4...12,0.9371658563613892
1875,324443,Grandstream GXV3275 Firmware 1.0.3.75,grandstream,0.99997795,gxv3275 firmware,0.99981683,1...0.3,0.910656213760376
1876,644159,Pivotal Cloud Foundry Networking Release 1.6.1,pivotal,0.99997985,cloud foundry networking release,0.9993716,1.6,0.9997923970222473
1877,339811,Hibara Attachecase 3.6.0.0,hibara,0.9999821,attachecase,0.9999629,3...6,0.991338312625885
1878,539702,Moonjit Project Moonjit 2.1 20151205,moonjit project,0.9999297,moonjit,0.9999658,2,0.9993218183517456
1879,217720,DWBooster Appointment Hour Booking 1.2.05 for WordPress,dwbooster,0.9999802,appointment hour booking,0.9998911,1...2,0.9975631833076477
1880,461810,Laravel Framework 7.0.0,laravel,0.99998176,framework,0.9999621,7.0,0.9993723630905151
1881,6264,Accfly 720P Firmware 3.10.73,accfly,0.9999751,720p firmware,0.9998698,3...10,0.9978640675544739
1882,715545,Ruby-lang Ruby 1.8.6.258,ruby,0.9999739,ruby,0.99994004,1...8.6,0.9936355352401733
1883,329801,Gwolle Guestbook Project Gwolle Guestbook 2.5.2 for WordPress,gwolle guestbook project,0.9999154,gwolle guestbook,0.99989295,2...5,0.9904747605323792
1884,213563,DPDK Data Plane Development Kit 22.07 Release Candidate 3,dpdk,0.9999809,data plane development kit,0.99985963,22,0.9999089241027832
1885,866056,WAGO 750-352 Firmware FW10,wago,0.9999783,750 - 352 firmware,0.9998419,fw10,0.9998006224632263
1886,608177,Oracle Database 18c,oracle,0.9999629,database,0.9994666,18c,0.9996974468231201
1887,703727,Request Project Request 2.26.0 for Node.js,request project,0.9999266,request,0.9999311,2...26,0.9982290863990784
1888,746033,Siemens Automation License Manager (ALM) 5.1,siemens,0.99997437,automation license manager,0.9997175,5,0.9999421834945679
1889,557807,NETGEAR RAIDiator firmware for ReadyNAS network storage products 4.2.23,netgear,0.9999796,raidiator firmware for readynas network storage products,0.998899,4.2,0.9998375177383423
1890,203944,Digium Certified Asterisk 10.8.0,digium,0.9999801,certified asterisk,0.9998997,10.8,0.9995313882827759
1891,806815,Theforeman Foreman 3.1.0 Release Candidate 2,theforeman,0.99997413,foreman,0.9999571,3...1,0.9011125564575195
1892,392630,Incsub Buddypress-activity-plus 1.6.3 for WordPress,incsub,0.9999827,buddypress - activity - plus,0.9998905,1...6,0.9984477758407593
1893,62730,Atlassian editor-core 76.2.2 for Node.js,atlassian,0.99998224,editor - core,0.9998846,76...2,0.9994442462921143
1894,118095,CERN Root 6-10-08,cern,0.9999801,root,0.99993217,6.10,0.9983450174331665
1895,574047,normalize-url Project normalize-url 1.3.0 for Node.js,normalize - url project,0.99985915,normalize - url,0.99986964,1...3,0.8405287265777588
1896,540331,Mortbay Jetty 7.0.0 pre0,mortbay,0.99998283,jetty,0.9999666,7...0,0.8786696791648865
1897,379233,IBM SPSS Modeler 14.1.0.0,ibm,0.999977,spss modeler,0.99965054,14...1,0.9331974387168884
1898,666049,Provisio SiteKiosk 9.6.4572,provisio,0.99998164,sitekiosk,0.9999702,9...6,0.9982060790061951
1899,450174,KDE Kdelibs 4.3.1,kde,0.9999815,kdelibs,0.9999664,4.3,0.9996009469032288
1900,442769,Juniper AppFormix 2.19.11,juniper,0.99997365,appformix,0.9999347,2...19,0.9431921243667603
1901,196538,Dell Openmanage Server Administrator 6.5.0,dell,0.999977,openmanage server administrator,0.9997954,6.5,0.999754786491394
1902,29039,Anaconda Inc Dask 2.17.0 for Python,anaconda,0.9999747,dask,0.9999658,2...17,0.997485876083374
1903,214785,droppy project droppy 1.9.10 for Node.js,droppy project,0.9999317,droppy,0.99995923,1...9,0.9954195022583008
1904,556082,Netflix Security Monkey 1.1.0,netflix,0.9999764,security monkey,0.99986494,1.1,0.9999051094055176
1905,725186,Sangoma FreePBX 14.0.18.27,sangoma,0.9999819,freepbx,0.99996877,14...0.18,0.9876587390899658
1906,613978,Oracle Retail Back Office 14.0.2,oracle,0.99997866,retail back office,0.9996948,14.0,0.9988163113594055
1907,657335,Post Pay Counter Project Post Pay Counter 2.518 for WordPress,post pay counter project,0.99990416,post pay counter,0.9999175,2..,0.9961085319519043
1908,753855,SilverStripe Assets 1.10.0,silverstripe,0.99998045,assets,0.9999466,1.10,0.9998382329940796
1909,152202,Cisco Webex Meetings Online 40.9.0,cisco,0.99997914,webex meetings online,0.9997916,40.9,0.9995907545089722
1910,90419,Blubrry PowerPress Podcasting 1.0.10 for WordPress,blubrry,0.9999802,powerpress podcasting,0.99988234,1...0,0.9981070160865784
1911,416497,Ivorysearch Ivory Search 4.8.1 for WordPress,ivorysearch,0.9999815,ivory search,0.9999165,4...8,0.9958576560020447
1912,435988,jn jj server Project jn jj server 0.0.2 for Node.js,jn jj server project,0.9998477,jn jj server,0.9995344,0.0,0.9994804859161377
1913,551782,NEC Aterm W300P Firmware 1.0.3,nec,0.99997866,aterm w300p firmware,0.9997754,1.0,0.9997003078460693
1914,590460,ONLYOFFICE Google Translate 6.3.0.65 for Document Server,onlyoffice,0.99998045,google translate,0.9999188,6...3...0,0.9629607796669006
1915,450023,KDE kde-cli-tools 5.19.90,kde,0.9999808,kde - cli - tools,0.9997919,5.19,0.9995658993721008
1916,628074,Patrick Przybilla AddToAny 6.x-2.4,patrick przybilla,0.99993014,addtoany,0.9998919,6.2,0.9620788097381592
1917,809635,thePHPfactory Article Factory Manager 1.7.2 for Joomla!,thephpfactory,0.99997294,article factory manager,0.9999183,1...7,0.9931480884552002
1918,878837,WineHQ Wine 1.3.36,winehq,0.9999752,wine,0.9999558,1...3,0.9960781335830688
1919,327153,Group-office Group Office 6.4.223,group - office,0.99971837,group office,0.99977803,6...4,0.9684211611747742
1920,845654,Videojs Video.js 5.0.0-23 for Node.js,videojs,0.99998116,video. js,0.99980885,5...0,0.997722327709198
1921,179663,Craftcms Craft Cms 1.3.0 Alpha.2378,craftcms,0.9999815,craft cms,0.99992996,1.3,0.999869704246521
1922,728237,SAP UI5 1.38.13,sap,0.9999801,ui5,0.9999473,1...38,0.9789218902587891
1923,611956,Oracle MySQL 5.5.47,oracle,0.99997056,mysql,0.99989736,5...5,0.9379476308822632
1924,702340,Rednao Smart Forms 2.3.13 WordPress,rednao,0.9999815,smart forms,0.9999325,2...3,0.9995797276496887
1925,182178,cryptography Project cryptography 1.5.2 for Python,cryptography project,0.9999184,cryptography,0.999956,1...5,0.9298944473266602
1926,498148,Madshi madCodeHook 3.1.2,madshi,0.99997663,madcodehook,0.99996054,3.1,0.9998526573181152
1927,668080,PulseSecure Pulse Connect Secure (PCS) 8.1 R4.1,pulsesecure,0.9999764,pulse connect secure,0.99977094,8,0.9998959302902222
1928,866592,Walmart Concord 0.76.0,walmart,0.9999831,concord,0.99995387,0.76,0.9998838901519775
1929,315002,Google Chrome 12.0.742.8,google,0.9999819,chrome,0.99994814,12...0,0.989021897315979
1930,914494,Zhyd OneBlog 2.0.1 Beta,zhyd,0.99997735,oneblog,0.9999701,2...0,0.952804446220398
1931,358672,HP Systems Insight Manager 6.0,hp,0.9999763,systems insight manager,0.9996712,6,0.9999192953109741
1932,304003,GNOME gThumb 3.10.2,gnome,0.9999807,gthumb,0.99996066,3...10,0.9812032580375671
1933,503661,markdown-it-highlightjs Project markdown-it-highlightjs 3.2.0 for Node.js,markdown - it - highlightjs project,0.999883,markdown - it - highlightjs,0.99982464,3...2,0.8464649319648743
1934,89230,Bitwarden Server 1.26.0,bitwarden,0.9999826,server,0.9999324,1.26,0.9998975992202759
1935,320636,Google Protobuf 3.2.0 Release Candidate 1,google,0.99998057,protobuf,0.99996495,3...2,0.9292014837265015
1936,307053,GNOME Seahorse 3.8.0,gnome,0.9999801,seahorse,0.9999653,3...8,0.890120267868042
1937,739877,Serde-yaml Project Serde-yaml 0.8.4,serde - yaml project,0.99989223,serde - yaml,0.9998591,0.8,0.9998587369918823
1938,840047,Vaaip Freelancy 2.0.0,vaaip,0.9999788,freelancy,0.99996805,2.0,0.9994892477989197
1939,372572,IBM Emptoris Strategic Supply Management Platform 10.1.0.28,ibm,0.99997807,emptoris strategic supply management platform,0.99970865,10...1.0,0.8627287149429321
1940,509218,McAfee Agent 5.5.1,mcafee,0.9999819,agent,0.99994445,5.5,0.9999284744262695
1941,361100,HtmlSanitizer Project HtmlSanitizer 5.0.328,htmlsanitizer project,0.99987054,htmlsanitizer,0.999946,5...0,0.8397997617721558
1942,652399,Plathome Openblocks Iot Vx2 Firmware 1.3,plathome,0.9999788,openblocks iot vx2 firmware,0.9989409,1,0.9999402761459351
1943,226862,Electronjs Electron 4.0.1,electronjs,0.99998164,electron,0.999931,4...0,0.87203449010849
1944,761758,SmarterTools SmarterMail 11.7.5157,smartertools,0.9999827,smartermail,0.9999666,11...7,0.9907729625701904
1945,14367,Adrotate Project Adrotate 3.15.5 for WordPress,adrotate project,0.9999216,adrotate,0.99996185,3...15,0.9996166825294495
1946,806718,Theforeman Foreman 1.17.0,theforeman,0.99997616,foreman,0.9999583,1.17,0.9997462034225464
1947,718256,rxvt-unicode Project rxvt-unicode 3.3,rxvt - unicode project,0.999838,rxvt - unicode,0.9931989,3,0.9999535083770752
1948,812916,TIBCO JasperReports Server 7.1.1 for ActiveMatrix BPM,tibco,0.9999794,jasperreports server,0.9994104,7...1,0.8674997091293335
1949,783052,Sun ONE Web Server 4.1 SP9,sun,0.99997115,one web server,0.99937934,4,0.9999387264251709
1950,453487,Kernel util-linux 2.34 Release Candidate 1,kernel,0.9999758,util - linux,0.99945253,2,0.9999488592147827
1951,576539,npmjs npm 2.15.9,npmjs,0.9999714,npm,0.99997115,2...15,0.9970698952674866
1952,315636,Google Chrome 17.0.963.66,google,0.9999819,chrome,0.9999443,17...0,0.9975544214248657
1953,575878,npm-dependency-versions Project npm-dependency-versions 0.1.0 for Node.js,npm - dependency - versions project,0.99988776,npm - dependency - versions,0.9997865,0...1,0.8472781181335449
1954,462878,LaTeXDraw Project LaTeXDraw 3.3.1,latexdraw project,0.9999229,latexdraw,0.9999585,3.3,0.9998548030853271
1955,791412,Symantec Protection Engine 7.0.1,symantec,0.9999808,protection engine,0.99990493,7.0,0.9993550181388855
1956,157598,Clogica All 404 Redirect to Homepage 1.10 for WordPress,clogica,0.99998176,all 404 redirect to homepage,0.999869,1,0.9999657869338989
1957,393495,Inedo ProGet 4.3.1,inedo,0.99998295,proget,0.99995244,4.3,0.9998725652694702
1958,165441,CodeCabin WP Google Maps 4.16 Pro Edition WordPress,codecabin,0.99998176,wp google maps,0.9998974,4..,0.9473751783370972
1959,912395,Zemana AntiLogger 1.9.3.214,zemana,0.99997973,antilogger,0.99996924,1...9.3,0.9951530694961548
1960,535822,MongoDB Database Tools 3.4.3 Release Candidate 2,mongodb,0.99998176,database tools,0.9998853,3...4,0.9193885326385498
1961,393212,Inedo BuildMaster 5.0.6,inedo,0.9999802,buildmaster,0.999969,5...0,0.9237552881240845
1962,717197,rulinalg Project rulinalg 0.0.2 for Rust,rulinalg project,0.9999165,rulinalg,0.99996567,0.0,0.9997097253799438
1963,212025,Doorkeeper Project Doorkeeper 4.4.0 for Ruby,doorkeeper project,0.99993354,doorkeeper,0.99995327,4...4,0.9797032475471497
1964,418598,Jenkins Aqua Security Scanner 3.0.14 for Jenkins,jenkins,0.9999746,aqua security scanner,0.99990433,3...0,0.9990254044532776
1965,765880,SolarWinds Storage Resource Monitor (SRM) 2019.4,solarwinds,0.9999809,storage resource monitor,0.99987125,2019,0.9999423027038574
1966,198331,Denx U-Boot 2009.03 Release Candidate 2,denx,0.9999813,u - boot,0.9999065,2009,0.9999066591262817
1967,506348,Matrix Synapse 0.18.7 Release Candidate 1,matrix,0.99997747,synapse,0.99996305,0...18,0.9189828634262085
1968,554214,NetApp OnCommand Insight 7.3.3,netapp,0.99997926,oncommand insight,0.9998418,7.3,0.9994232654571533
1969,773957,Spumko project Hapi Server Framework for Node.js 2.2.0,spumko project,0.99976623,hapi server framework for node. js,0.99902785,2.2,0.9998043775558472
1970,678494,qs Project qs 0.0.7 for Node.js,qs project,0.99992543,qs,0.99992895,0...0,0.9674191474914551
1971,431088,JetBrains IdeaVim 0.53.1,jetbrains,0.9999813,ideavim,0.9999702,0.53,0.999579668045044
1972,158830,Cloudflare Cloudflared 2020.11.11,cloudflare,0.9999825,cloudflared,0.99996793,2020.11,0.9996148347854614
1973,4123,AAT SYSTEMY BEZPIECZEŃSTWA Novus Management System (NMS) 1.43.07,aat,0.99997044,novus management system,0.9998274,1.43,0.9997018575668335
1974,542692,Mozilla Firefox 70.0,mozilla,0.9999784,firefox,0.999966,70,0.9999121427536011
1975,469353,Lexmark C792 Firmware LHS60.HC.P735,lexmark,0.9999765,c792 firmware,0.9998652,lhs60...hc,0.8412313461303711
1976,293383,Github Gh-ost 0.9.9,github,0.99998236,gh - ost,0.9998908,0.9,0.9999265670776367
1977,528235,Minizip Project Minizip 2.1.1,minizip project,0.99992603,minizip,0.9999542,2...1,0.9436739683151245
1978,263524,fltk Project fltk 0.12.9 for Rust,fltk project,0.99992317,fltk,0.99996114,0...12,0.996071994304657
1979,96115,Botan Project Botan 2.5.0,botan project,0.99992156,botan,0.99995875,2...5,0.8600822687149048
1980,921804,ZTE ZXA10 F819 FIRMWARE 1.2.1T5,zte,0.99997973,zxa10 f819 firmware,0.99975944,1...2,0.9631059765815735
1981,641427,Phusion Passenger 3.9.2 Beta Enterprise Edition,phusion,0.9999819,passenger,0.9999571,3...9,0.997542679309845
1982,536095,MongoDB Database Tools 100.2.0,mongodb,0.9999821,database tools,0.9998876,100.2,0.9990293979644775
1983,112350,Camunda Modeler 3.7.3,camunda,0.999982,modeler,0.99993837,3...7,0.9587116241455078
1984,128102,Cisco ASA 5555-X Firmware 009.015,cisco,0.9999752,asa 5555 - x firmware,0.999747,009..,0.8195374011993408
1985,453267,Kernel kmod 26,kernel,0.99994504,kmod,0.9999331,26,0.9998759031295776
1986,519188,Microsoft Biztalk Server 2000 Enterprise Edition Service Pack 1a,microsoft,0.99995697,biztalk server,0.99924237,2000,0.9954178333282471
1987,561041,Never5 Related Posts 1.9.1 for WordPress,never5,0.9999796,related posts,0.99991864,1...9,0.990507185459137
1988,554920,netcf Project netcf 0.1.8,netcf project,0.9999252,netcf,0.9999609,0.1,0.9999561309814453
1989,325612,Gravitee API Management 1.22.1,gravitee,0.9999782,api management,0.9999081,1.22,0.9997398257255554
1990,351044,HP Fax 100.0.272.0,hp,0.9999784,fax,0.99996376,100...0.272,0.9660226106643677
1991,477460,libslirp Project libslirp 2.5.0 Release Candidate 3,libslirp project,0.9999228,libslirp,0.9999641,2.5,0.999481201171875
1992,761927,SmartStore SmartStoreNET 3.2.2,smartstore,0.99998045,smartstorenet,0.9999678,3...2,0.9208189249038696
1993,747777,Siemens SIMATIC BATCH 9.0 Service Pack 1,siemens,0.999972,simatic batch,0.99950856,9,0.9998831748962402
1994,432229,JetBrains Kotlin 1.4.0 Dev 4651,jetbrains,0.9999826,kotlin,0.9999646,1...4,0.8863186836242676
1995,791604,Symantec SymDiag 2.1.248,symantec,0.99998116,symdiag,0.99996626,2...1,0.9646374583244324
1996,451500,KDE Plasma 5.12.1,kde,0.99998,plasma,0.99995196,5...12,0.8555130958557129
1997,801990,Tejimaya opWebAPIPlugin 0.5.1.2,tejimaya,0.9999814,opwebapiplugin,0.99991286,0.5.1,0.99783855676651
1998,798064,Taoensso Nippy 2.12.2,taoensso,0.99998343,nippy,0.9999666,2...12,0.9830393195152283
1999,740203,ServersCheck Monitoring Software 5.11.2,serverscheck,0.99997866,monitoring software,0.99989307,5.11,0.9998703002929688
